name,slug,sku,barcode,description,shortDescription,price,comparePrice,costPrice,stockQuantity,lowStockThreshold,categoryId,brandId,status,isFeatured,isNewArrival,isOnPromotion,tags,images,netWeight,unitsPerCarton,origin,weight,isHalal,isOrganic,isKosher,isVegan,isGlutenFree,naifdaNumber,storageInstructions,ingredients,allergens,isScalable,scaleUnit,pricePerUnit,minOrderQty,maxOrderQty,scaleStep,scalePresets,scaleWareCode,variations
New Park Emmental Cream cheese,new-park-emmental-cream-cheese,N-A45F4,6215000474650,,,4900,,,0,10,6a2aa16e1db676e4fc7589db,,ACTIVE,,,,,,,,,1,,,,,,,,,,,,,,,,,,[]
BBQ PEANUTS 40G,bbq-peanuts-40g,B-DA0C7,8423371003227,,,1000,,,96,10,69e5aa3e40cdaab22a0a1af4,69e5aa5940cdaab22a0a1b0b,ACTIVE,,,,,https://res.cloudinary.com/nigittriple/image/upload/v1786711191/nigittriple/general/qr1fb7ioqmocrsk0z0uj.jpg,,,,1,,,,,,,,,,,,,,,,,,[]
PENUTS AND CASHEWS 60G,penuts-and-cashews-60g,P-5ED71,8423371004354,,,1000,,,94,10,69e5aa3e40cdaab22a0a1af4,69e5aa5940cdaab22a0a1b0b,ACTIVE,,,,,https://res.cloudinary.com/nigittriple/image/upload/v1786711372/nigittriple/general/m6danbwhvxdnivnkmmls.jpg,,,,1,,,,,,,,,,,,,,,,,,[]
ROASTED SALTED CORN BBQ 35GR,roasted-sslted-corn-bbq-35gr,R-3950C,8423371005481,,,1000,,,95,10,69e5aa3e40cdaab22a0a1af4,69e5aa5940cdaab22a0a1b0b,ACTIVE,,,,,https://res.cloudinary.com/nigittriple/image/upload/v1786711428/nigittriple/general/ubphus83zlcivvyqqok5.jpg,,,,1,,,,,,,,,,,,,,,,,,[]
NUTS COCKTAIL SPICY 50G,nuts-cocktail-spicy-50g,N-85CE9,8423371005078,,,1000,,,95,10,69e5aa3e40cdaab22a0a1af4,69e5aa5940cdaab22a0a1b0b,ACTIVE,,,,,https://res.cloudinary.com/nigittriple/image/upload/v1786711481/nigittriple/general/fxhoghuvqzgfvctgyj1d.jpg,,,,1,,,,,,,,,,,,,,,,,,[]
COUNTRY NUTS MIX 45G,country-nuts-mix-45g,C-23F7B,8423371005795,,,1000,,,96,10,69e5aa3e40cdaab22a0a1af4,69e5aa5940cdaab22a0a1b0b,ACTIVE,,,,,https://res.cloudinary.com/nigittriple/image/upload/v1786711512/nigittriple/general/jnan9pi1axikkrrntm9a.jpg,,,,1,,,,,,,,,,,,,,,,,,[]
SPICY PEANUTS 60G,soicy-peanuts-60g,S-C5F74,8423371000585,,,1000,,,96,10,69e5aa3e40cdaab22a0a1af4,69e5aa5940cdaab22a0a1b0b,ACTIVE,,,,,https://res.cloudinary.com/nigittriple/image/upload/v1786711552/nigittriple/general/yl0plmgg6zhl3hqlbaes.jpg,,,,1,,,,,,,,,,,,,,,,,,[]
NATURAL NUTS COCKTAIL 50G,natural-nuts-cocktail-50g,N-B39E1,8423371006686,,,1000,,,94,10,69e5aa3e40cdaab22a0a1af4,69e5aa5940cdaab22a0a1b0b,ACTIVE,,,,,https://res.cloudinary.com/nigittriple/image/upload/v1786711606/nigittriple/general/ci74kakbkxlpdiadxbxv.jpg,,,,1,,,,,,,,,,,,,,,,,,[]
ROASTED PEANUTS HOT AND SPICY 40G,roasted-peanuts-hot-and-spicy-40g,R-6C68A,8423371001759,,,1000,,,96,10,69e5aa3e40cdaab22a0a1af4,69e5aa5940cdaab22a0a1b0b,ACTIVE,,,,,https://res.cloudinary.com/nigittriple/image/upload/v1786711638/nigittriple/general/fdmwuicodfj9oyhqn2wv.jpg,,,,1,,,,,,,,,,,,,,,,,,[]
HOME MADE FULL CAKE SLICED 1300G,home-made-cake-sliced-1300g,HOMMADCA-E5508,100000140,,,60000,,,1,10,6a2a6b7bf5efd5779068f007,6a2a6d1dcdf34ea4f4c6f5f7,ACTIVE,,,,,https://res.cloudinary.com/nigittriple/image/upload/v1786625133/nigittriple/general/nnth0zoscu0oclkob6ax.jpg,,,,1,,,,,,,,,,,,,,,,,,[]
CHILLI PEPPER THREADS 40GR,chilli-pepper-threads-40gr,CHIPEPTH-26EE1,8006614651395,,,34100,,,4,1,69e5aa4840cdaab22a0a1afc,6a79cd8b92aa137c62661973,ACTIVE,,,,,https://res.cloudinary.com/nigittriple/image/upload/v1786371369/nigittriple/general/wqfirudfydisz7swwk5i.jpg,,,,1,,,,,,,,,,,,,,,,,,[]
LAVENDER FLOWER 45GR,lavender-flower-45gr,LAVFLO45-A442A,8006614645165,,,34100,,,5,1,69e5aa4840cdaab22a0a1afc,6a79cd8b92aa137c62661973,ACTIVE,,,,,https://res.cloudinary.com/nigittriple/image/upload/v1786371386/nigittriple/general/gwvd9zxfihc6bizf2jpy.jpg,,,,1,,,,,,,,,,,,,,,,,,[]
BLUE CORNFLOWER 15GR,blue-cornflower-15gr,BLUCOR15-1EC81,8006614645172,,,34100,,,5,1,69e5aa4840cdaab22a0a1afc,6a79cd8b92aa137c62661973,ACTIVE,,,,,https://res.cloudinary.com/nigittriple/image/upload/v1786371413/nigittriple/general/sktwscw4d9pppejreofc.jpg,,,,1,,,,,,,,,,,,,,,,,,[]
MARIGOLD FLOWER 14GR,marigold-flower-14gr,MARFLO14-F1FDE,8006614652781,,,34100,,,5,1,69e5aa4840cdaab22a0a1afc,6a79cd8b92aa137c62661973,ACTIVE,,,,,https://res.cloudinary.com/nigittriple/image/upload/v1786371443/nigittriple/general/wwsakapjnpj99rtj2ox8.jpg,,,,1,,,,,,,,,,,,,,,,,,[]
MIX FLOWER  25GR,mix-flower-25gr,MIXFLO25-79CF2,8006614652750,,,34100,,,3,1,69e5aa4840cdaab22a0a1afc,6a79cd8b92aa137c62661973,ACTIVE,,,,,https://res.cloudinary.com/nigittriple/image/upload/v1786371503/nigittriple/general/lsfcfhnssma0kgeqdbjp.jpg,,,,1,,,,,,,,,,,,,,,,,,[]
 ROSE PETALS 30GR,-rose-petals-30gr,ROSPET30-01A63,8006614645158,,,34100,,,4,1,69e5aa4840cdaab22a0a1afc,6a79cd8b92aa137c62661973,ACTIVE,,,,,https://res.cloudinary.com/nigittriple/image/upload/v1786371537/nigittriple/general/aj5495zrampyqiwcouur.jpg,,,,1,,,,,,,,,,,,,,,,,,[]
LEMON PEEL 110GR,lemon-peel-110gr,LEMPEE11-D32D1,8006614645240,,,40000,,,5,1,69e5aa4840cdaab22a0a1afc,6a79cd8b92aa137c62661973,ACTIVE,,,,,https://res.cloudinary.com/nigittriple/image/upload/v1786371558/nigittriple/general/wlvvfswzmufxgmswwxr0.jpg,,,,1,,,,,,,,,,,,,,,,,,[]
ORANGE PEEL 110GR,orange-peel-110gr,ORAPEE11-6DB21,8006614645233,,,40000,,,5,1,69e5aa4840cdaab22a0a1afc,6a79cd8b92aa137c62661973,ACTIVE,,,,,https://res.cloudinary.com/nigittriple/image/upload/v1786371578/nigittriple/general/qgwjcpun3ha1129tynye.jpg,,,,1,,,,,,,,,,,,,,,,,,[]
BALSAMIC VINEGAR SPRAY POMEGRANTE 120ML,balsamic-vinegar-spray-pomegrante-120ml,BALVINSP-0D1C4,8023003930824,,,14900,,,4,2,69e5aa4340cdaab22a0a1af8,69e5aaa740cdaab22a0a1b4a,ACTIVE,,,,,https://res.cloudinary.com/nigittriple/image/upload/v1786371628/nigittriple/general/ykd8mzvh8vkwqnomxzmf.jpg,,,,1,,,,,,,,,,,,,,,,,,[]
BALSAMIC VINEGAR SPRAY LEMON 120ML,balsamic-vinegar-spray-lemon-120ml,BALVINSP-D9E2C,8023003933702,,,14900,,,4,2,69e5aa4340cdaab22a0a1af8,69e5aaa740cdaab22a0a1b4a,ACTIVE,,,,,https://res.cloudinary.com/nigittriple/image/upload/v1786372092/nigittriple/general/mndauvmtquitfiflkv9n.jpg,,,,1,,,,,,,,,,,,,,,,,,[]
BALSAMIC VINEGAR SPRAY PASSION 120ML,balsamic-vinegar-spray-passion-120ml,BALVINSP-443A9,8023003934792,,,14900,,,4,2,69e5aa4340cdaab22a0a1af8,69e5aaa740cdaab22a0a1b4a,ACTIVE,,,,,https://res.cloudinary.com/nigittriple/image/upload/v1786372123/nigittriple/general/vbi0hpafsgobiycd5fpu.jpg,,,,-1,,,,,,,,,,,,,,,,,,[]
BALSAMIC VINEGAR SPRAY FIGS 120ML,balsamic-vinegar-spray-figs-120ml,BALVINSP-BCB1A,8023003932491,,,14900,,,4,2,69e5aa4340cdaab22a0a1af8,69e5aaa740cdaab22a0a1b4a,ACTIVE,,,,,https://res.cloudinary.com/nigittriple/image/upload/v1786372172/nigittriple/general/qnq4lggalga7ibybbscj.jpg,,,,1,,,,,,,,,,,,,,,,,,[]
BALSAMIC VINEGAR SPRAY STRAWBERRY 120ML,balsamic-vinegar-spray-strawberry-120ml,BALVINSP-12402,8023003932712,,,14900,,,4,2,69e5aa4340cdaab22a0a1af8,69e5aaa740cdaab22a0a1b4a,ACTIVE,,,,,https://res.cloudinary.com/nigittriple/image/upload/v1786372221/nigittriple/general/q4sjtftwlfov1p2up7zk.jpg,,,,1,,,,,,,,,,,,,,,,,,[]
MIGNIN BAGUETTE BREAD 40 (1.75KG PACK),mignin-baguette-bread-40-175kg-pack,M-F7CA4,1000033,,,26996,,,2,1,6a62277dff66a41f0247263d,6a2a6d1dcdf34ea4f4c6f5f7,ACTIVE,,,,,https://res.cloudinary.com/nigittriple/image/upload/v1786364847/nigittriple/general/zvcjz6lrxemwdz7yrurv.jpg,,,,1,,,,,,,,,,,,,,,,,,[]
Cod Fish Fillets Breaded 100G,cod-fish-fillets-breaded-100g,C-CBE99,8001186005546,,,3800,,,1,10,6a2810f28cca8e82232c476f,,ACTIVE,,,,,,,,,1,,,,,,,,,,,,,,,,,,[]
"BEEF RIB EYE PORTION ₦60,000 PER KG",beef-rib-eye-portion-60000-per-kg,BEERIBEY-7BBA8,00000042,,,60000,,,1,10,6a2aad1d8aa98f95a97e8ad4,,ACTIVE,,,,,https://res.cloudinary.com/nigittriple/image/upload/v1786018015/nigittriple/general/q54haff70qyxlj4pxsjm.jpg,,,,1,,,,,,,,,,1,g,60,200,,1,,,"[{""id"":""6a747997f32e43b7037c0658"",""label"":""325GR"",""quantity"":325,""price"":19500,""compareAtPrice"":null,""barcode"":""18080265010"",""sku"":null,""stockQuantity"":1,""isDefault"":false,""isActive"":true,""sortOrder"":0},{""id"":""6a747997f32e43b7037c065a"",""label"":""320GR"",""quantity"":310,""price"":19200,""compareAtPrice"":null,""barcode"":""18080265009"",""sku"":null,""stockQuantity"":1,""isDefault"":false,""isActive"":true,""sortOrder"":0},{""id"":""6a845d0bf2b1d84b5955d89d"",""label"":""335GR"",""quantity"":335,""price"":20100,""compareAtPrice"":null,""barcode"":""18080265005"",""sku"":null,""stockQuantity"":1,""isDefault"":false,""isActive"":true,""sortOrder"":0},{""id"":""6a845d0bf2b1d84b5955d89e"",""label"":""330GR"",""quantity"":330,""price"":19800,""compareAtPrice"":null,""barcode"":""18080265008"",""sku"":null,""stockQuantity"":1,""isDefault"":false,""isActive"":true,""sortOrder"":0},{""id"":""6a845d0bf2b1d84b5955d89f"",""label"":""320 .GR"",""quantity"":320,""price"":19200,""compareAtPrice"":null,""barcode"":""18080265002"",""sku"":null,""stockQuantity"":1,""isDefault"":false,""isActive"":true,""sortOrder"":0},{""id"":""6a845d0cf2b1d84b5955d8a0"",""label"":""315GR"",""quantity"":315,""price"":18900,""compareAtPrice"":null,""barcode"":""70802065421"",""sku"":null,""stockQuantity"":1,""isDefault"":false,""isActive"":true,""sortOrder"":0}]"
"LAMB RACK FRENCH TRIM ₦61,000 PER KG",lamb-rack-french-trim-61000-per-kg,LAMRACFR-E2970,00000062,,,61000,,,1,10,6a2aad1d8aa98f95a97e8ad4,,ACTIVE,,,,,https://res.cloudinary.com/nigittriple/image/upload/v1786017831/nigittriple/general/oue5zdv4n36brcb3kcs5.jpg,,,,1,,,,,,,,,,1,g,61,200,,1,,,"[{""id"":""6a7477cebd0ccb7e234034bb"",""label"":""290G"",""quantity"":290,""price"":17700,""compareAtPrice"":null,""barcode"":""000003700290017692"",""sku"":null,""stockQuantity"":1,""isDefault"":false,""isActive"":true,""sortOrder"":0},{""id"":""6a7477cebd0ccb7e234034bc"",""label"":""410G"",""quantity"":410,""price"":25100,""compareAtPrice"":null,""barcode"":""000003700410025019"",""sku"":null,""stockQuantity"":1,""isDefault"":false,""isActive"":true,""sortOrder"":0},{""id"":""6a7477cebd0ccb7e234034b9"",""label"":""330G"",""quantity"":330,""price"":20150,""compareAtPrice"":null,""barcode"":""000003700330020130"",""sku"":null,""stockQuantity"":1,""isDefault"":false,""isActive"":true,""sortOrder"":0},{""id"":""6a7477cebd0ccb7e234034ba"",""label"":""530G"",""quantity"":530,""price"":32400,""compareAtPrice"":null,""barcode"":""000003700530032333"",""sku"":null,""stockQuantity"":1,""isDefault"":false,""isActive"":true,""sortOrder"":0}]"
"BEEF  TENDERLOIN IMPORTED ₦60,000 PER KG",beef-tenderloin-imported-60000-per-kg,BEEFILTE-FD0D4,00000041,,,60000,,,1,10,6a2aad1d8aa98f95a97e8ad4,,ACTIVE,,,,,https://res.cloudinary.com/nigittriple/image/upload/v1786017353/nigittriple/general/vniveiuatqyjsh7b3fbf.jpg|https://res.cloudinary.com/nigittriple/image/upload/v1786017353/nigittriple/general/kkucswaomgolzcqhupva.jpg,,,,1,,,,,,,,,,1,g,60,200,,1,,,"[{""id"":""6a747408bd0ccb7e234034b0"",""label"":""640G"",""quantity"":640,""price"":38400,""compareAtPrice"":null,""barcode"":""000003900640038401"",""sku"":null,""stockQuantity"":1,""isDefault"":false,""isActive"":true,""sortOrder"":0},{""id"":""6a747408bd0ccb7e234034af"",""label"":""720G"",""quantity"":720,""price"":43200,""compareAtPrice"":null,""barcode"":""000003900720043208"",""sku"":null,""stockQuantity"":2,""isDefault"":false,""isActive"":true,""sortOrder"":0},{""id"":""6a74756a06ed8774bffb7ac6"",""label"":""260  GR"",""quantity"":260,""price"":15600,""compareAtPrice"":null,""barcode"":""28072600941"",""sku"":null,""stockQuantity"":1,""isDefault"":false,""isActive"":true,""sortOrder"":0},{""id"":""6a74756a06ed8774bffb7ac9"",""label"":""510G"",""quantity"":510,""price"":30600,""compareAtPrice"":null,""barcode"":""28072600937"",""sku"":null,""stockQuantity"":1,""isDefault"":false,""isActive"":true,""sortOrder"":0},{""id"":""6a74756906ed8774bffb7ac4"",""label"":""500G"",""quantity"":500,""price"":30000,""compareAtPrice"":null,""barcode"":""28072600936"",""sku"":null,""stockQuantity"":1,""isDefault"":false,""isActive"":true,""sortOrder"":0},{""id"":""6a74756a06ed8774bffb7ac5"",""label"":""270GR"",""quantity"":270,""price"":16200,""compareAtPrice"":null,""barcode"":""28072600939"",""sku"":null,""stockQuantity"":1,""isDefault"":false,""isActive"":true,""sortOrder"":0},{""id"":""6a74756a06ed8774bffb7ac7"",""label"":""260 G"",""quantity"":260,""price"":15600,""compareAtPrice"":null,""barcode"":""28072600940"",""sku"":null,""stockQuantity"":1,""isDefault"":false,""isActive"":true,""sortOrder"":0},{""id"":""6a74756a06ed8774bffb7ac8"",""label"":""270G"",""quantity"":270,""price"":16200,""compareAtPrice"":null,""barcode"":""28072600938"",""sku"":null,""stockQuantity"":1,""isDefault"":false,""isActive"":true,""sortOrder"":0}]"
"PORK CHOPS IMPORTED ₦35,000 PER KG",pork-chops-imported-35000-per-kg,PORCHO-D1DF3,00000040,,,35000,,,1,10,6a2aad1d8aa98f95a97e8ad4,,ACTIVE,,,,,https://res.cloudinary.com/nigittriple/image/upload/v1786017765/nigittriple/general/lmp0q9spog9dzvjvxphc.jpg,,,,1,,,,,,,,,,1,g,35,200,,1,,,"[{""id"":""6a845c00f2b1d84b5955d896"",""label"":""450GR"",""quantity"":450,""price"":15750,""compareAtPrice"":null,""barcode"":""70802065419"",""sku"":null,""stockQuantity"":1,""isDefault"":false,""isActive"":true,""sortOrder"":0},{""id"":""6a845c00f2b1d84b5955d897"",""label"":""440GR"",""quantity"":440,""price"":15500,""compareAtPrice"":null,""barcode"":""18080265020"",""sku"":null,""stockQuantity"":1,""isDefault"":false,""isActive"":true,""sortOrder"":0},{""id"":""6a845c00f2b1d84b5955d898"",""label"":""460GR"",""quantity"":460,""price"":16100,""compareAtPrice"":null,""barcode"":""18080265007"",""sku"":null,""stockQuantity"":1,""isDefault"":false,""isActive"":true,""sortOrder"":0},{""id"":""6a845c01f2b1d84b5955d899"",""label"":""445GR"",""quantity"":445,""price"":15575,""compareAtPrice"":null,""barcode"":""18080265019"",""sku"":null,""stockQuantity"":1,""isDefault"":false,""isActive"":true,""sortOrder"":0}]"
"BEEF TOMAHAWK IMPORTED ₦55,000 PER KG",beef-tomahawk-imported-55000-per-kg,BEETOM-B28A5,00000039,,,55000,,,1,10,6a2aad1d8aa98f95a97e8ad4,,ACTIVE,,,,,https://res.cloudinary.com/nigittriple/image/upload/v1786016045/nigittriple/general/vbefjry8lbvnrrhxgcrv.jpg,,,,1,,,,,,,,,,1,g,55,500,,1,,,"[{""id"":""6a74713030d64de9b843bb7f"",""label"":""1010 GR"",""quantity"":1010,""price"":55500,""compareAtPrice"":null,""barcode"":""28072600933"",""sku"":null,""stockQuantity"":1,""isDefault"":false,""isActive"":true,""sortOrder"":0},{""id"":""6a74713030d64de9b843bb80"",""label"":""1030G"",""quantity"":1030,""price"":56500,""compareAtPrice"":null,""barcode"":""19052610211"",""sku"":null,""stockQuantity"":1,""isDefault"":false,""isActive"":true,""sortOrder"":0},{""id"":""6a8023ce8c872ff391298f6d"",""label"":""1025GR"",""quantity"":1025,""price"":56400,""compareAtPrice"":null,""barcode"":""70802065405"",""sku"":null,""stockQuantity"":1,""isDefault"":false,""isActive"":true,""sortOrder"":0},{""id"":""6a8023ce8c872ff391298f6e"",""label"":""1100GR"",""quantity"":1100,""price"":60500,""compareAtPrice"":null,""barcode"":""70802065403"",""sku"":null,""stockQuantity"":1,""isDefault"":false,""isActive"":true,""sortOrder"":0}]"
"PORK RIBS IMPORTED ₦30,000 PER KG",pork-ribs-imported-30000-per-kg,PORRIBIM-700D2,00000039,,,30000,,,1,10,6a2aad1d8aa98f95a97e8ad4,,ACTIVE,,,,,https://res.cloudinary.com/nigittriple/image/upload/v1786015112/nigittriple/general/m6fpxfzzgvnsjo2dtwrh.jpg,,,,1,,,,,,,,,,1,g,30,200,,1,,,"[{""id"":""6a746d9730d64de9b843bb79"",""label"":""500G"",""quantity"":500,""price"":15000,""compareAtPrice"":null,""barcode"":""28072600932"",""sku"":null,""stockQuantity"":1,""isDefault"":false,""isActive"":true,""sortOrder"":0},{""id"":""6a746d9730d64de9b843bb76"",""label"":""490G"",""quantity"":490,""price"":14800,""compareAtPrice"":null,""barcode"":""28072600929"",""sku"":null,""stockQuantity"":1,""isDefault"":false,""isActive"":true,""sortOrder"":0},{""id"":""6a746d9730d64de9b843bb75"",""label"":""690G"",""quantity"":690,""price"":20700,""compareAtPrice"":null,""barcode"":""28072600928"",""sku"":null,""stockQuantity"":1,""isDefault"":false,""isActive"":true,""sortOrder"":0},{""id"":""6a746d9730d64de9b843bb77"",""label"":""570 GR"",""quantity"":570,""price"":17100,""compareAtPrice"":null,""barcode"":""28072600930"",""sku"":null,""stockQuantity"":1,""isDefault"":false,""isActive"":true,""sortOrder"":0},{""id"":""6a746d9730d64de9b843bb78"",""label"":""530G"",""quantity"":530,""price"":15900,""compareAtPrice"":null,""barcode"":""28072600931"",""sku"":null,""stockQuantity"":1,""isDefault"":false,""isActive"":true,""sortOrder"":0}]"
"LAMB LEG BONELESS ₦35,000 PER KG",lamb-leg-boneless-35000-per-kg,LAMLEGBO-B5CC2,00000038,,,35000,,,1,10,6a2aad1d8aa98f95a97e8ad4,,ACTIVE,,,,,https://res.cloudinary.com/nigittriple/image/upload/v1786014255/nigittriple/general/kqcn77jyscp5fujr5kxr.jpg,,,,1,,,,,,,,,,1,g,35,200,,1,,,"[{""id"":""6a746b6a30d64de9b843bb6a"",""label"":""1140GR"",""quantity"":1140,""price"":37650,""compareAtPrice"":null,""barcode"":""02102580104"",""sku"":null,""stockQuantity"":1,""isDefault"":false,""isActive"":true,""sortOrder"":0},{""id"":""6a746b6a30d64de9b843bb69"",""label"":""1120G"",""quantity"":1120,""price"":36950,""compareAtPrice"":null,""barcode"":""02102580101"",""sku"":null,""stockQuantity"":1,""isDefault"":false,""isActive"":true,""sortOrder"":0},{""id"":""6a746b6a30d64de9b843bb6b"",""label"":""1420GR"",""quantity"":1420,""price"":46900,""compareAtPrice"":null,""barcode"":""02102580105"",""sku"":null,""stockQuantity"":1,""isDefault"":false,""isActive"":true,""sortOrder"":0},{""id"":""6a746b6a30d64de9b843bb6c"",""label"":""1160G"",""quantity"":1160,""price"":38300,""compareAtPrice"":null,""barcode"":""02102580102"",""sku"":null,""stockQuantity"":1,""isDefault"":false,""isActive"":true,""sortOrder"":0}]"
"BEEF TOPSIDE PORTION ₦25,000 PER KG",beef-topside-portion-25000-per-kg,BEETOPPO-B5B26,00000037,,,25000,,,1,10,6a2aad1d8aa98f95a97e8ad4,,ACTIVE,,,,,https://res.cloudinary.com/nigittriple/image/upload/v1786013446/nigittriple/general/o5p0t9ehppps2njsaynj.jpg,,,,1,,,,,,,,,,1,g,25,200,,1,,,"[{""id"":""6a746883c9fe51d31295eeb2"",""label"":""350GR"",""quantity"":350,""price"":8800,""compareAtPrice"":null,""barcode"":""13042660223"",""sku"":null,""stockQuantity"":0,""isDefault"":false,""isActive"":true,""sortOrder"":0},{""id"":""6a746883c9fe51d31295eeb4"",""label"":""400G"",""quantity"":400,""price"":10000,""compareAtPrice"":null,""barcode"":""13042660228"",""sku"":null,""stockQuantity"":1,""isDefault"":false,""isActive"":true,""sortOrder"":0},{""id"":""6a746883c9fe51d31295eeb3"",""label"":""330GR"",""quantity"":330,""price"":8250,""compareAtPrice"":null,""barcode"":""13042660235"",""sku"":null,""stockQuantity"":0,""isDefault"":false,""isActive"":true,""sortOrder"":0},{""id"":""6a746883c9fe51d31295eeb0"",""label"":""410GR"",""quantity"":410,""price"":10250,""compareAtPrice"":null,""barcode"":""13042660232"",""sku"":null,""stockQuantity"":1,""isDefault"":false,""isActive"":true,""sortOrder"":0},{""id"":""6a746883c9fe51d31295eeb1"",""label"":""370GR"",""quantity"":370,""price"":9250,""compareAtPrice"":null,""barcode"":""13042660218"",""sku"":null,""stockQuantity"":1,""isDefault"":false,""isActive"":true,""sortOrder"":0}]"
"CHICKEN LEG A IMPORTED 10,000 PER KG",chicken-leg-a-imported-10000-per-kg,CHILEGA-1409D,00000033,,,10000,,,1,10,6a2aad1d8aa98f95a97e8ad4,,ACTIVE,,,,,https://res.cloudinary.com/nigittriple/image/upload/v1786012501/nigittriple/general/ky5vft6atjy7govrxgh0.jpg,,,,1,,,,,,,,,,1,g,10,500,,1,,,"[{""id"":""6a7466c130d64de9b843bb5d"",""label"":""1040G"",""quantity"":1040,""price"":10400,""compareAtPrice"":null,""barcode"":""27042690302"",""sku"":null,""stockQuantity"":1,""isDefault"":false,""isActive"":true,""sortOrder"":0},{""id"":""6a7466c130d64de9b843bb54"",""label"":""570GR"",""quantity"":570,""price"":5700,""compareAtPrice"":null,""barcode"":""27042690303"",""sku"":null,""stockQuantity"":1,""isDefault"":false,""isActive"":true,""sortOrder"":0},{""id"":""6a7466c130d64de9b843bb5a"",""label"":""1070GR"",""quantity"":1070,""price"":10700,""compareAtPrice"":null,""barcode"":""27042690301"",""sku"":null,""stockQuantity"":1,""isDefault"":false,""isActive"":true,""sortOrder"":0},{""id"":""6a7466c130d64de9b843bb5b"",""label"":""1060 GR"",""quantity"":1060,""price"":10600,""compareAtPrice"":null,""barcode"":""27042690304"",""sku"":null,""stockQuantity"":1,""isDefault"":false,""isActive"":true,""sortOrder"":0},{""id"":""6a7466c130d64de9b843bb58"",""label"":""1100GR"",""quantity"":1100,""price"":11000,""compareAtPrice"":null,""barcode"":""27042690306"",""sku"":null,""stockQuantity"":1,""isDefault"":false,""isActive"":true,""sortOrder"":0},{""id"":""6a7466c130d64de9b843bb59"",""label"":""1060 G"",""quantity"":1060,""price"":10600,""compareAtPrice"":null,""barcode"":""27042690309"",""sku"":null,""stockQuantity"":1,""isDefault"":false,""isActive"":true,""sortOrder"":0},{""id"":""6a7466c130d64de9b843bb5c"",""label"":""1060G"",""quantity"":1060,""price"":10600,""compareAtPrice"":null,""barcode"":""27042690307"",""sku"":null,""stockQuantity"":1,""isDefault"":false,""isActive"":true,""sortOrder"":0},{""id"":""6a7466c130d64de9b843bb55"",""label"":""1070G"",""quantity"":1070,""price"":10700,""compareAtPrice"":null,""barcode"":""28072600927"",""sku"":null,""stockQuantity"":1,""isDefault"":false,""isActive"":true,""sortOrder"":0},{""id"":""6a7466c130d64de9b843bb56"",""label"":""1030GR"",""quantity"":1030,""price"":10300,""compareAtPrice"":null,""barcode"":""27042690308"",""sku"":null,""stockQuantity"":1,""isDefault"":false,""isActive"":true,""sortOrder"":0},{""id"":""6a7466c130d64de9b843bb57"",""label"":""1100G"",""quantity"":1100,""price"":11000,""compareAtPrice"":null,""barcode"":""27042690305"",""sku"":null,""stockQuantity"":1,""isDefault"":false,""isActive"":true,""sortOrder"":0}]"
"BLACK SNAPPER FISH FILLETS ₦25,000 PER KG",black-snapper-fish-fillets-25000-per-kg,BLASNAFI-20892,00000044,,,25000,,,1,10,6a2810f28cca8e82232c476f,,ACTIVE,,,,,https://res.cloudinary.com/nigittriple/image/upload/v1786011947/nigittriple/general/jo30gjx8mcmzsu1odeuh.jpg,,,,1,,,,,,,,,,1,g,25,200,,1,,,"[{""id"":""6a7463201aed2ae3db0f0a4a"",""label"":""300G"",""quantity"":300,""price"":7500,""compareAtPrice"":null,""barcode"":""30032600228"",""sku"":null,""stockQuantity"":1,""isDefault"":false,""isActive"":true,""sortOrder"":0},{""id"":""6a7463201aed2ae3db0f0a47"",""label"":""290GR"",""quantity"":290,""price"":7250,""compareAtPrice"":null,""barcode"":""28072600912"",""sku"":null,""stockQuantity"":0,""isDefault"":false,""isActive"":true,""sortOrder"":0},{""id"":""6a7463201aed2ae3db0f0a48"",""label"":""310 GR"",""quantity"":310,""price"":7750,""compareAtPrice"":null,""barcode"":""30032600235"",""sku"":null,""stockQuantity"":0,""isDefault"":false,""isActive"":true,""sortOrder"":0},{""id"":""6a7463201aed2ae3db0f0a45"",""label"":""310GR"",""quantity"":310,""price"":7750,""compareAtPrice"":null,""barcode"":""30032600241"",""sku"":null,""stockQuantity"":1,""isDefault"":false,""isActive"":true,""sortOrder"":0},{""id"":""6a7463201aed2ae3db0f0a46"",""label"":""300GR"",""quantity"":300,""price"":7500,""compareAtPrice"":null,""barcode"":""30032600239"",""sku"":null,""stockQuantity"":1,""isDefault"":false,""isActive"":true,""sortOrder"":0}]"
"FROZEN OCTOPUS ₦33,000 PER KG",frozen-octopus-33000-per-kg,FROOCT-A0AC5,00000036,,,33000,,,1,10,6a2810f28cca8e82232c476f,,ACTIVE,,,,,https://res.cloudinary.com/nigittriple/image/upload/v1786011477/nigittriple/general/qhyi26s1xyjsdq3in4lc.jpg,,,,1,,,,,,,,,,1,g,33,500,,1,,,"[{""id"":""6a7460c1555e3b9a59f610e8"",""label"":""1220G"",""quantity"":1220,""price"":40300,""compareAtPrice"":null,""barcode"":""10112025028"",""sku"":null,""stockQuantity"":1,""isDefault"":false,""isActive"":true,""sortOrder"":0},{""id"":""6a7460c1555e3b9a59f610e7"",""label"":""1240GR"",""quantity"":1240,""price"":40900,""compareAtPrice"":null,""barcode"":""10112025034"",""sku"":null,""stockQuantity"":1,""isDefault"":false,""isActive"":true,""sortOrder"":0},{""id"":""6a7460c1555e3b9a59f610e6"",""label"":""1310GR"",""quantity"":1310,""price"":43200,""compareAtPrice"":null,""barcode"":""10112025030"",""sku"":null,""stockQuantity"":1,""isDefault"":false,""isActive"":true,""sortOrder"":0}]"
"SEA BASS WHOLE ₦36,000 PER KG",sea-bass-whole-36000-per-kg,SEABASWH-0CD8F,00000025,,,36000,,,1,10,6a2810f28cca8e82232c476f,,ACTIVE,,,,,https://res.cloudinary.com/nigittriple/image/upload/v1786010622/nigittriple/general/irzgwxtghpfbdffqmdty.jpg,,,,1,,,,,,,,,,1,g,36,500,,1,,,"[{""id"":""6a734e0bda13552ae34c89d7"",""label"":""820G"",""quantity"":820,""price"":29500,""compareAtPrice"":null,""barcode"":""06102581159"",""sku"":null,""stockQuantity"":1,""isDefault"":false,""isActive"":true,""sortOrder"":0},{""id"":""6a734e0bda13552ae34c89d8"",""label"":""720GR"",""quantity"":720,""price"":25900,""compareAtPrice"":null,""barcode"":""28072600910"",""sku"":null,""stockQuantity"":1,""isDefault"":false,""isActive"":true,""sortOrder"":0},{""id"":""6a734e0bda13552ae34c89d9"",""label"":""710GR"",""quantity"":710,""price"":25500,""compareAtPrice"":null,""barcode"":""15082520250"",""sku"":null,""stockQuantity"":1,""isDefault"":false,""isActive"":true,""sortOrder"":0},{""id"":""6a734e0bda13552ae34c89da"",""label"":""710G"",""quantity"":710,""price"":25550,""compareAtPrice"":null,""barcode"":""28072600911"",""sku"":null,""stockQuantity"":1,""isDefault"":false,""isActive"":true,""sortOrder"":0},{""id"":""6a734e0bda13552ae34c89db"",""label"":""810G"",""quantity"":810,""price"":28800,""compareAtPrice"":null,""barcode"":""15082520247"",""sku"":null,""stockQuantity"":1,""isDefault"":false,""isActive"":true,""sortOrder"":0},{""id"":""6a734e0bda13552ae34c89dc"",""label"":""820GR"",""quantity"":820,""price"":29500,""compareAtPrice"":null,""barcode"":""10032610205"",""sku"":null,""stockQuantity"":1,""isDefault"":false,""isActive"":true,""sortOrder"":0},{""id"":""6a734e0bda13552ae34c89dd"",""label"":""730GR"",""quantity"":730,""price"":26300,""compareAtPrice"":null,""barcode"":""10032610211"",""sku"":null,""stockQuantity"":1,""isDefault"":false,""isActive"":true,""sortOrder"":0},{""id"":""6a734e0bda13552ae34c89de"",""label"":""800GR"",""quantity"":800,""price"":29000,""compareAtPrice"":null,""barcode"":""28072600926"",""sku"":null,""stockQuantity"":1,""isDefault"":false,""isActive"":true,""sortOrder"":0},{""id"":""6a734e0bda13552ae34c89df"",""label"":""750G"",""quantity"":750,""price"":27000,""compareAtPrice"":null,""barcode"":""06102581151"",""sku"":null,""stockQuantity"":1,""isDefault"":false,""isActive"":true,""sortOrder"":0}]"
"ASSORTED CHEESE 3 COLORS ₦35,000 PER KG",assorted-cheese-3-colors-35000-per-kg,ASSCHE3-45233,00000031,,,35000,,,1,10,6a2aa16e1db676e4fc7589db,,ACTIVE,,,,,https://res.cloudinary.com/nigittriple/image/upload/v1786010654/nigittriple/general/gzj8divn3s86av7eltys.jpg,,,,1,,,,,,,,,,1,g,35,200,,1,,,"[{""id"":""6a734a403b2e01afb5e5cc3f"",""label"":""680G"",""quantity"":680,""price"":23800,""compareAtPrice"":null,""barcode"":""000005900680023807"",""sku"":null,""stockQuantity"":1,""isDefault"":false,""isActive"":true,""sortOrder"":0},{""id"":""6a734a403b2e01afb5e5cc40"",""label"":""830G"",""quantity"":830,""price"":29000,""compareAtPrice"":null,""barcode"":""000005900830029059"",""sku"":null,""stockQuantity"":1,""isDefault"":false,""isActive"":true,""sortOrder"":0},{""id"":""6a734a403b2e01afb5e5cc41"",""label"":""840G"",""quantity"":840,""price"":29400,""compareAtPrice"":null,""barcode"":""000005900840029401"",""sku"":null,""stockQuantity"":1,""isDefault"":false,""isActive"":true,""sortOrder"":0},{""id"":""6a734a403b2e01afb5e5cc42"",""label"":""540G"",""quantity"":540,""price"":18900,""compareAtPrice"":null,""barcode"":""000005900540018909"",""sku"":null,""stockQuantity"":1,""isDefault"":false,""isActive"":true,""sortOrder"":0},{""id"":""6a734a403b2e01afb5e5cc43"",""label"":""510G"",""quantity"":510,""price"":17850,""compareAtPrice"":null,""barcode"":""000005900510017851"",""sku"":null,""stockQuantity"":1,""isDefault"":false,""isActive"":true,""sortOrder"":0},{""id"":""6a734a403b2e01afb5e5cc44"",""label"":""670G"",""quantity"":670,""price"":23450,""compareAtPrice"":null,""barcode"":""000005900670023455"",""sku"":null,""stockQuantity"":0,""isDefault"":false,""isActive"":true,""sortOrder"":0}]"
"ASSORTED CHEESE WITH PISTACHIO ₦38,000 PER KG",assorted-cheese-with-pistachio-38000-per-kg,EESWITPI-5B0D1,00000030,,,38000,,,1,10,6a2aa16e1db676e4fc7589db,,ACTIVE,,,,,https://res.cloudinary.com/nigittriple/image/upload/v1786010785/nigittriple/general/njyjzbqujpsbgq5gqj5h.jpg,,,,1,,,,,,,,,,1,g,38,200,,1,,,"[{""id"":""6a733e608fa386dec7036d2a"",""label"":""760G"",""quantity"":760,""price"":28880,""compareAtPrice"":null,""barcode"":""000005800760028884"",""sku"":null,""stockQuantity"":1,""isDefault"":false,""isActive"":true,""sortOrder"":0},{""id"":""6a733e608fa386dec7036d2b"",""label"":""720G"",""quantity"":720,""price"":27360,""compareAtPrice"":null,""barcode"":""000005800720027366"",""sku"":null,""stockQuantity"":1,""isDefault"":false,""isActive"":true,""sortOrder"":0},{""id"":""6a733e608fa386dec7036d2c"",""label"":""580G"",""quantity"":579,""price"":22000,""compareAtPrice"":null,""barcode"":""00000580058002204"",""sku"":null,""stockQuantity"":1,""isDefault"":false,""isActive"":true,""sortOrder"":0},{""id"":""6a733e608fa386dec7036d2d"",""label"":""770G"",""quantity"":770,""price"":29200,""compareAtPrice"":null,""barcode"":""000005800770029262"",""sku"":null,""stockQuantity"":1,""isDefault"":false,""isActive"":true,""sortOrder"":0},{""id"":""6a733e608fa386dec7036d2e"",""label"":""730G"",""quantity"":730,""price"":27740,""compareAtPrice"":null,""barcode"":""000005800730027745"",""sku"":null,""stockQuantity"":null,""isDefault"":false,""isActive"":true,""sortOrder"":0}]"
"CHEDDAR CHEESE ₦28,000 PER KG",cheddar-cheese-28000-per-kg,CHECHE-5DB81,000000027,,,28000,,,1,10,6a2aa16e1db676e4fc7589db,,ACTIVE,,,,,https://res.cloudinary.com/nigittriple/image/upload/v1786010813/nigittriple/general/jif2gu2vfgt5mez4mq87.jpg,,,,1,,,,,,,,,,1,g,28,100,,1,,,"[{""id"":""6a733c6c47b402081529e1c7"",""label"":""570 GR"",""quantity"":570,""price"":15960,""compareAtPrice"":null,""barcode"":""000006300570015966"",""sku"":null,""stockQuantity"":1,""isDefault"":false,""isActive"":true,""sortOrder"":0},{""id"":""6a733c6c47b402081529e1c8"",""label"":""290GR"",""quantity"":290,""price"":8120,""compareAtPrice"":null,""barcode"":""000006300290008121"",""sku"":null,""stockQuantity"":0,""isDefault"":false,""isActive"":true,""sortOrder"":0}]"
"EDAMER CHEESE ₦26,000 PER KG",edamer-cheese-26000-per-kg,E-0C898,00000026,,,26000,,,1,10,6a2aa16e1db676e4fc7589db,,ACTIVE,,,,,https://res.cloudinary.com/nigittriple/image/upload/v1786010843/nigittriple/general/km7hfdmdbucjupry8by6.jpg,,,,1,,,,,,,,,,1,g,26,200,,1,,,"[{""id"":""6a733a5d47b402081529e1be"",""label"":""410 GR"",""quantity"":410,""price"":10660,""compareAtPrice"":null,""barcode"":""000006400410010668"",""sku"":null,""stockQuantity"":1,""isDefault"":false,""isActive"":true,""sortOrder"":0},{""id"":""6a733a5d47b402081529e1bf"",""label"":""380 GR"",""quantity"":380,""price"":9900,""compareAtPrice"":null,""barcode"":""000006400380009880"",""sku"":null,""stockQuantity"":1,""isDefault"":false,""isActive"":true,""sortOrder"":0},{""id"":""6a733a5d47b402081529e1c0"",""label"":""430 GR"",""quantity"":430,""price"":11200,""compareAtPrice"":null,""barcode"":""000006400430011188"",""sku"":null,""stockQuantity"":1,""isDefault"":false,""isActive"":true,""sortOrder"":0},{""id"":""6a733a5d47b402081529e1c1"",""label"":""400 GR"",""quantity"":400,""price"":10400,""compareAtPrice"":null,""barcode"":""000006400400010401"",""sku"":null,""stockQuantity"":1,""isDefault"":false,""isActive"":true,""sortOrder"":0}]"
"GRANA CHEESE  ₦50,000 PER KG",grana-cheese-50000-per-kg,GRACHE-9B762,00000023,,,50000,,,1,10,6a2aa16e1db676e4fc7589db,,ACTIVE,,,,,https://res.cloudinary.com/nigittriple/image/upload/v1786011031/nigittriple/general/eyc4sqn5zbej9jjf1xij.jpg|https://res.cloudinary.com/nigittriple/image/upload/v1786011060/nigittriple/general/ogpsifuplpplnocejswk.jpg,,,,1,,,,,,,,,,1,g,50,500,,1,,,"[{""id"":""6a73391030a549946cee05e1"",""label"":""1020 GR"",""quantity"":1020,""price"":51000,""compareAtPrice"":null,""barcode"":""000006501020051008"",""sku"":null,""stockQuantity"":1,""isDefault"":false,""isActive"":true,""sortOrder"":0},{""id"":""6a845debc682937668e1abb6"",""label"":""955GR"",""quantity"":955,""price"":47750,""compareAtPrice"":null,""barcode"":""18080265004"",""sku"":null,""stockQuantity"":1,""isDefault"":false,""isActive"":true,""sortOrder"":0},{""id"":""6a845debc682937668e1abb7"",""label"":""875GR"",""quantity"":875,""price"":43750,""compareAtPrice"":null,""barcode"":""70802065420"",""sku"":null,""stockQuantity"":1,""isDefault"":false,""isActive"":true,""sortOrder"":0},{""id"":""6a845decc682937668e1abb8"",""label"":""1195GR"",""quantity"":1195,""price"":59750,""compareAtPrice"":null,""barcode"":""18080265003"",""sku"":null,""stockQuantity"":1,""isDefault"":false,""isActive"":true,""sortOrder"":0},{""id"":""6a845decc682937668e1abb9"",""label"":""820GR"",""quantity"":820,""price"":41000,""compareAtPrice"":null,""barcode"":""70802065422"",""sku"":null,""stockQuantity"":1,""isDefault"":false,""isActive"":true,""sortOrder"":0},{""id"":""6a845decc682937668e1abba"",""label"":""625GR"",""quantity"":625,""price"":31250,""compareAtPrice"":null,""barcode"":""70802065423"",""sku"":null,""stockQuantity"":1,""isDefault"":false,""isActive"":true,""sortOrder"":0},{""id"":""6a845efec682937668e1abbc"",""label"":""100GR"",""quantity"":100,""price"":5000,""compareAtPrice"":null,""barcode"":""70802065404"",""sku"":null,""stockQuantity"":1,""isDefault"":false,""isActive"":true,""sortOrder"":0}]"
"ROASTED TURKEY HAM SLICED ₦35,000 PER KG",roasted-turkey-ham-sliced-35000-per-kg,ROATURHA-19914,00000022,,,35000,,,1,10,6a71d244571daa04abbb8a8b,,ACTIVE,,,,,https://res.cloudinary.com/nigittriple/image/upload/v1786011146/nigittriple/general/tyvmidizivcipp5lhikn.jpg,,,,1,,,,,,,,,,1,g,35,200,,1,,,"[{""id"":""6a7330a4321c3f14bdfa9cba"",""label"":""240 GR"",""quantity"":240,""price"":8400,""compareAtPrice"":null,""barcode"":""000004700240008401"",""sku"":null,""stockQuantity"":0,""isDefault"":false,""isActive"":true,""sortOrder"":0},{""id"":""6a7330a4321c3f14bdfa9cbb"",""label"":""270GR"",""quantity"":270,""price"":9500,""compareAtPrice"":null,""barcode"":""000004700270009452"",""sku"":null,""stockQuantity"":2,""isDefault"":false,""isActive"":true,""sortOrder"":0},{""id"":""6a8021d584d290210c2f4b02"",""label"":""250GR"",""quantity"":250,""price"":8750,""compareAtPrice"":null,""barcode"":""70802065408"",""sku"":null,""stockQuantity"":1,""isDefault"":false,""isActive"":true,""sortOrder"":0},{""id"":""6a8021d584d290210c2f4b03"",""label"":""235 G"",""quantity"":235,""price"":8250,""compareAtPrice"":null,""barcode"":""70802065409"",""sku"":null,""stockQuantity"":1,""isDefault"":false,""isActive"":true,""sortOrder"":0},{""id"":""6a8021d684d290210c2f4b04"",""label"":""245 GR"",""quantity"":245,""price"":8575,""compareAtPrice"":null,""barcode"":""70802065410"",""sku"":null,""stockQuantity"":1,""isDefault"":false,""isActive"":true,""sortOrder"":0},{""id"":""6a8021d684d290210c2f4b05"",""label"":""240GR"",""quantity"":240,""price"":8400,""compareAtPrice"":null,""barcode"":""70802065411"",""sku"":null,""stockQuantity"":null,""isDefault"":false,""isActive"":true,""sortOrder"":0}]"
"BRESAOLA SLICED ₦80,000 PER KG",bresaola-sliced-per-kg,BRESLI-22167,00000021,,,80000,,,1,10,6a71d244571daa04abbb8a8b,,ACTIVE,,,,,https://res.cloudinary.com/nigittriple/image/upload/v1786011170/nigittriple/general/vc673wskloe1wazi8ezz.jpg,,,,1,,,,,,,,,,1,kg,80000,0.2,,0.1,,,"[{""id"":""6a732ef2321c3f14bdfa9cb2"",""label"":""240 GR"",""quantity"":240,""price"":19200,""compareAtPrice"":null,""barcode"":""000004800240019202"",""sku"":null,""stockQuantity"":1,""isDefault"":false,""isActive"":true,""sortOrder"":0},{""id"":""6a732ef2321c3f14bdfa9cb3"",""label"":""220 GR"",""quantity"":220,""price"":17600,""compareAtPrice"":null,""barcode"":""000004800220017604"",""sku"":null,""stockQuantity"":1,""isDefault"":false,""isActive"":true,""sortOrder"":0}]"
"COOKED HAM SLICED ₦30,000 PER KG",cooked-ham-sliced,COOHAMSL-CD481,0000019,,,30000,,,1,10,6a71d244571daa04abbb8a8b,,ACTIVE,,,,,https://res.cloudinary.com/nigittriple/image/upload/v1786011214/nigittriple/general/jbmq0c7iqmtzxdv9rido.jpg,,,,1,,,,,,,,,,1,g,30,200,,1,,,"[{""id"":""6a732cf0a2ef0111e0d30660"",""label"":""270 GR"",""quantity"":270,""price"":8100,""compareAtPrice"":null,""barcode"":""000005300270008108"",""sku"":null,""stockQuantity"":1,""isDefault"":false,""isActive"":true,""sortOrder"":0},{""id"":""6a732cf0a2ef0111e0d30661"",""label"":""250 GR"",""quantity"":250,""price"":7500,""compareAtPrice"":null,""barcode"":""000005300250007509"",""sku"":null,""stockQuantity"":0,""isDefault"":false,""isActive"":true,""sortOrder"":0},{""id"":""6a732cf0a2ef0111e0d30662"",""label"":""260 GR"",""quantity"":260,""price"":7800,""compareAtPrice"":null,""barcode"":""000005300260007809"",""sku"":null,""stockQuantity"":3,""isDefault"":false,""isActive"":true,""sortOrder"":0},{""id"":""6a80234484d290210c2f4b0c"",""label"":""250GR"",""quantity"":250,""price"":7500,""compareAtPrice"":null,""barcode"":""70802065401"",""sku"":null,""stockQuantity"":1,""isDefault"":false,""isActive"":true,""sortOrder"":0},{""id"":""6a80234484d290210c2f4b0d"",""label"":""235GR"",""quantity"":235,""price"":7100,""compareAtPrice"":null,""barcode"":""70802065402"",""sku"":null,""stockQuantity"":1,""isDefault"":false,""isActive"":true,""sortOrder"":0},{""id"":""6a80234484d290210c2f4b0e"",""label"":""260GR"",""quantity"":260,""price"":7800,""compareAtPrice"":null,""barcode"":""70802065406"",""sku"":null,""stockQuantity"":1,""isDefault"":false,""isActive"":true,""sortOrder"":0},{""id"":""6a80234484d290210c2f4b0f"",""label"":""250G"",""quantity"":250,""price"":7500,""compareAtPrice"":null,""barcode"":""70802065407"",""sku"":null,""stockQuantity"":1,""isDefault"":false,""isActive"":true,""sortOrder"":0}]"
"MILANO SALAMI SLICED ₦40,000 PER KG",milano-salami-sliced,M-D2A72,00000018,,,40000,,,1,10,6a71d244571daa04abbb8a8b,,ACTIVE,,,,,https://res.cloudinary.com/nigittriple/image/upload/v1786011245/nigittriple/general/bp2toy8eq1pqkxibrbas.jpg,,,,1,,,,,,,,,,1,g,40,200,,1,,,"[{""id"":""6a732ab8a2ef0111e0d30656"",""label"":""180 GR"",""quantity"":180,""price"":8100,""compareAtPrice"":null,""barcode"":""000005100180007200"",""sku"":null,""stockQuantity"":1,""isDefault"":false,""isActive"":true,""sortOrder"":0},{""id"":""6a732ab8a2ef0111e0d30657"",""label"":""160 GR"",""quantity"":160,""price"":7200,""compareAtPrice"":null,""barcode"":""000005100160006407"",""sku"":null,""stockQuantity"":1,""isDefault"":false,""isActive"":true,""sortOrder"":0},{""id"":""6a732ab8a2ef0111e0d30658"",""label"":""260 GR"",""quantity"":260,""price"":10400,""compareAtPrice"":null,""barcode"":""000005100260010407"",""sku"":null,""stockQuantity"":3,""isDefault"":true,""isActive"":true,""sortOrder"":0},{""id"":""6a840ad5ff3309c4544e29e0"",""label"":""250gr"",""quantity"":250,""price"":10000,""compareAtPrice"":null,""barcode"":""05062026007"",""sku"":null,""stockQuantity"":0,""isDefault"":false,""isActive"":true,""sortOrder"":0},{""id"":""6a840ad5ff3309c4544e29e1"",""label"":""276gr"",""quantity"":276,""price"":11000,""compareAtPrice"":null,""barcode"":""1111"",""sku"":null,""stockQuantity"":0,""isDefault"":false,""isActive"":true,""sortOrder"":0},{""id"":""6a840ad5ff3309c4544e29e2"",""label"":""257gr"",""quantity"":257,""price"":10300,""compareAtPrice"":null,""barcode"":""05062026008"",""sku"":null,""stockQuantity"":0,""isDefault"":false,""isActive"":true,""sortOrder"":0},{""id"":""6a840ad5ff3309c4544e29e3"",""label"":""270gr"",""quantity"":270,""price"":10800,""compareAtPrice"":null,""barcode"":""21052026053"",""sku"":null,""stockQuantity"":0,""isDefault"":false,""isActive"":true,""sortOrder"":0}]"
"ITALIAN PORK SAUSAGE WITH ROPE ₦48,000 PER KG",italian-pork-sausage-with-rope,ITAPORSA-5E52B,0000017,,,48000,,,1,10,6a2aa16e1db676e4fc7589db,,ACTIVE,,,,,https://res.cloudinary.com/nigittriple/image/upload/v1786011281/nigittriple/general/uo0gvzvxnon1l0dn4ezw.jpg|https://res.cloudinary.com/nigittriple/image/upload/v1786011281/nigittriple/general/apelasfo4ppot6h570qm.jpg,,,,1,,,,,,,,,,1,kg,48000,0.2,,0.1,,,"[{""id"":""6a730db8875664a5b87d27ac"",""label"":""400 GR"",""quantity"":400,""price"":19200,""compareAtPrice"":null,""barcode"":""2925308004001"",""sku"":null,""stockQuantity"":1,""isDefault"":false,""isActive"":true,""sortOrder"":0},{""id"":""6a730db8875664a5b87d27ad"",""label"":""432 GR"",""quantity"":432,""price"":20700,""compareAtPrice"":null,""barcode"":""2925308004322"",""sku"":null,""stockQuantity"":1,""isDefault"":false,""isActive"":true,""sortOrder"":0},{""id"":""6a730db8875664a5b87d27ae"",""label"":""472 GR"",""quantity"":472,""price"":22600,""compareAtPrice"":null,""barcode"":""2925308004728"",""sku"":null,""stockQuantity"":1,""isDefault"":false,""isActive"":true,""sortOrder"":0},{""id"":""6a730db8875664a5b87d27af"",""label"":""382 GR"",""quantity"":382,""price"":18300,""compareAtPrice"":null,""barcode"":""2925308003820"",""sku"":null,""stockQuantity"":1,""isDefault"":false,""isActive"":true,""sortOrder"":0},{""id"":""6a730db8875664a5b87d27b0"",""label"":""326 GR"",""quantity"":326,""price"":15600,""compareAtPrice"":null,""barcode"":""2925308003264"",""sku"":null,""stockQuantity"":1,""isDefault"":false,""isActive"":true,""sortOrder"":0},{""id"":""6a730db8875664a5b87d27b1"",""label"":""396 GR"",""quantity"":396,""price"":19000,""compareAtPrice"":null,""barcode"":""2925308003967"",""sku"":null,""stockQuantity"":1,""isDefault"":false,""isActive"":true,""sortOrder"":0},{""id"":""6a730db8875664a5b87d27b2"",""label"":""388 GR"",""quantity"":388,""price"":18600,""compareAtPrice"":null,""barcode"":""2925308003882"",""sku"":null,""stockQuantity"":1,""isDefault"":false,""isActive"":true,""sortOrder"":0},{""id"":""6a730db8875664a5b87d27b3"",""label"":""406 GR"",""quantity"":406,""price"":19400,""compareAtPrice"":null,""barcode"":""2925308004063"",""sku"":null,""stockQuantity"":2,""isDefault"":false,""isActive"":true,""sortOrder"":0},{""id"":""6a730db8875664a5b87d27b4"",""label"":""392 GR"",""quantity"":392,""price"":18800,""compareAtPrice"":null,""barcode"":""2925308003929"",""sku"":null,""stockQuantity"":1,""isDefault"":false,""isActive"":true,""sortOrder"":0},{""id"":""6a730db8875664a5b87d27b5"",""label"":""378 GR"",""quantity"":378,""price"":18100,""compareAtPrice"":null,""barcode"":""2925308003783"",""sku"":null,""stockQuantity"":1,""isDefault"":false,""isActive"":true,""sortOrder"":0}]"
"PARMA HAM SLICED ₦50,000 PER KG",parma-ham-sliced-,PARHAM15-30BAD,0000016,,,50000,,,1,10,6a71d244571daa04abbb8a8b,,ACTIVE,,,,,https://res.cloudinary.com/nigittriple/image/upload/v1786011324/nigittriple/general/bhpr5mvudhivxwnannhi.jpg,,,,1,,,,,,,,,,1,g,50,200,,1,,,"[{""id"":""6a730544e95903efc5f47752"",""label"":""150 G"",""quantity"":150,""price"":7600,""compareAtPrice"":null,""barcode"":""31072650405"",""sku"":null,""stockQuantity"":1,""isDefault"":false,""isActive"":true,""sortOrder"":0},{""id"":""6a730544e95903efc5f47753"",""label"":""240 G"",""quantity"":240,""price"":12000,""compareAtPrice"":31072650403,""barcode"":null,""sku"":null,""stockQuantity"":1,""isDefault"":false,""isActive"":true,""sortOrder"":0},{""id"":""6a730544e95903efc5f47754"",""label"":""150 GR"",""quantity"":150,""price"":7600,""compareAtPrice"":null,""barcode"":""31072650404"",""sku"":null,""stockQuantity"":1,""isDefault"":false,""isActive"":true,""sortOrder"":0},{""id"":""6a730544e95903efc5f47755"",""label"":""230 G"",""quantity"":230,""price"":11500,""compareAtPrice"":null,""barcode"":""31072650401"",""sku"":null,""stockQuantity"":1,""isDefault"":false,""isActive"":true,""sortOrder"":0},{""id"":""6a730544e95903efc5f47756"",""label"":""235 G"",""quantity"":235,""price"":11750,""compareAtPrice"":null,""barcode"":""31072650402"",""sku"":null,""stockQuantity"":1,""isDefault"":false,""isActive"":true,""sortOrder"":0},{""id"":""6a730640ae1355615731248c"",""label"":""225 G"",""quantity"":225,""price"":11250,""compareAtPrice"":null,""barcode"":""28072600959"",""sku"":null,""stockQuantity"":1,""isDefault"":false,""isActive"":true,""sortOrder"":0},{""id"":""6a730641ae1355615731248d"",""label"":""230 GR"",""quantity"":230,""price"":11500,""compareAtPrice"":null,""barcode"":""28072600958"",""sku"":null,""stockQuantity"":0,""isDefault"":false,""isActive"":true,""sortOrder"":0},{""id"":""6a730641ae1355615731248e"",""label"":""230GR"",""quantity"":230,""price"":11500,""compareAtPrice"":null,""barcode"":""28072600955"",""sku"":null,""stockQuantity"":1,""isDefault"":false,""isActive"":true,""sortOrder"":0},{""id"":""6a730641ae1355615731248f"",""label"":""220 GR"",""quantity"":220,""price"":11000,""compareAtPrice"":null,""barcode"":""28072600956"",""sku"":null,""stockQuantity"":1,""isDefault"":false,""isActive"":true,""sortOrder"":0}]"
"NAPOLI SALAMI HOT SLICED ₦45,000 PER KG",napoli-salami-hot-sliced-,NAPSALHO-4D60D,0000015,,,45000,,,1,10,6a71d244571daa04abbb8a8b,,ACTIVE,,,,,https://res.cloudinary.com/nigittriple/image/upload/v1786011357/nigittriple/general/ytu1wbzi0mm19furq5ng.jpg,,,,,,,,,,,,,,1,g,45,200,,1,,,"[{""id"":""6a7303376d6643349d6b4b9a"",""label"":""220 G"",""quantity"":220,""price"":9900,""compareAtPrice"":null,""barcode"":""31072650411"",""sku"":null,""stockQuantity"":1,""isDefault"":false,""isActive"":true,""sortOrder"":0},{""id"":""6a7303376d6643349d6b4b9b"",""label"":""230 G"",""quantity"":230,""price"":10350,""compareAtPrice"":null,""barcode"":""31072650412"",""sku"":null,""stockQuantity"":1,""isDefault"":false,""isActive"":true,""sortOrder"":0},{""id"":""6a7303376d6643349d6b4b9c"",""label"":""200 G"",""quantity"":200,""price"":9000,""compareAtPrice"":null,""barcode"":""31072650413"",""sku"":null,""stockQuantity"":0,""isDefault"":false,""isActive"":true,""sortOrder"":0},{""id"":""6a7303376d6643349d6b4b9d"",""label"":""250 G"",""quantity"":250,""price"":11250,""compareAtPrice"":null,""barcode"":""000005000250011259"",""sku"":null,""stockQuantity"":2,""isDefault"":false,""isActive"":true,""sortOrder"":0}]"
"SMOKED BACON SLICED ₦40,000 PER KG",smoked-bacon-sliced,SMOBACSL-FB74F,0000014,,,40000,,,1,10,6a71d244571daa04abbb8a8b,,ACTIVE,,,,,https://res.cloudinary.com/nigittriple/image/upload/v1786011389/nigittriple/general/hsora73dsdwq8gyggob2.jpg,,,,1,,,,,,,,,,1,g,40,200,,1,,,"[{""id"":""6a72ff566d6643349d6b4b94"",""label"":""SMOKED BACON SLICED 250GR"",""quantity"":250,""price"":10000,""compareAtPrice"":null,""barcode"":""31072650414"",""sku"":null,""stockQuantity"":0,""isDefault"":false,""isActive"":true,""sortOrder"":0},{""id"":""6a72ff566d6643349d6b4b95"",""label"":""SMOKED BACON SLICED 260GR"",""quantity"":260,""price"":10400,""compareAtPrice"":null,""barcode"":""31072650415"",""sku"":null,""stockQuantity"":0,""isDefault"":false,""isActive"":true,""sortOrder"":0},{""id"":""6a730099ba26c3ff369c6e3c"",""label"":""SMOKED BACON 210G"",""quantity"":210,""price"":8400,""compareAtPrice"":null,""barcode"":""000004500210008406"",""sku"":null,""stockQuantity"":0,""isDefault"":false,""isActive"":true,""sortOrder"":0},{""id"":""6a730099ba26c3ff369c6e3d"",""label"":""SMOKED BACON 190G"",""quantity"":190,""price"":7600,""compareAtPrice"":null,""barcode"":""000004500190007606"",""sku"":null,""stockQuantity"":1,""isDefault"":false,""isActive"":true,""sortOrder"":0},{""id"":""6a730099ba26c3ff369c6e3e"",""label"":""SMOKED BACON 170G"",""quantity"":170,""price"":6800,""compareAtPrice"":null,""barcode"":""000004500170006803"",""sku"":null,""stockQuantity"":1,""isDefault"":false,""isActive"":true,""sortOrder"":0},{""id"":""6a84578d1676052e5acfb56e"",""label"":""245GR"",""quantity"":245,""price"":9800,""compareAtPrice"":null,""barcode"":""18080265012"",""sku"":null,""stockQuantity"":1,""isDefault"":false,""isActive"":true,""sortOrder"":0},{""id"":""6a84578d1676052e5acfb56f"",""label"":""225GR"",""quantity"":225,""price"":9000,""compareAtPrice"":null,""barcode"":""18080265011"",""sku"":null,""stockQuantity"":1,""isDefault"":false,""isActive"":true,""sortOrder"":0},{""id"":""6a84578d1676052e5acfb570"",""label"":""235GR"",""quantity"":235,""price"":9400,""compareAtPrice"":null,""barcode"":""18080265015"",""sku"":null,""stockQuantity"":1,""isDefault"":false,""isActive"":true,""sortOrder"":0},{""id"":""6a84578d1676052e5acfb571"",""label"":""240GR"",""quantity"":240,""price"":9600,""compareAtPrice"":null,""barcode"":""18080265016"",""sku"":null,""stockQuantity"":1,""isDefault"":false,""isActive"":true,""sortOrder"":0},{""id"":""6a84578d1676052e5acfb572"",""label"":""240 G."",""quantity"":240,""price"":9600,""compareAtPrice"":null,""barcode"":""18080265017"",""sku"":null,""stockQuantity"":1,""isDefault"":false,""isActive"":true,""sortOrder"":0},{""id"":""6a84578e1676052e5acfb573"",""label"":""220GR"",""quantity"":220,""price"":8800,""compareAtPrice"":null,""barcode"":""18080265018"",""sku"":null,""stockQuantity"":1,""isDefault"":false,""isActive"":true,""sortOrder"":0},{""id"":""6a84578e1676052e5acfb574"",""label"":""230GR"",""quantity"":230,""price"":9200,""compareAtPrice"":null,""barcode"":""18080265014"",""sku"":null,""stockQuantity"":1,""isDefault"":false,""isActive"":true,""sortOrder"":0},{""id"":""6a84578e1676052e5acfb575"",""label"":""250GR"",""quantity"":250,""price"":10000,""compareAtPrice"":null,""barcode"":""18080265013"",""sku"":null,""stockQuantity"":1,""isDefault"":false,""isActive"":true,""sortOrder"":0}]"
"SPIANATA ROMANA SALAMI HOT SLICED ₦40,000 PER KG",spianata-romana-salami-hot-sliced,SPIROMSA-185D0,0000013,,,40000,,,1,10,6a71d244571daa04abbb8a8b,,ACTIVE,,,,,https://res.cloudinary.com/nigittriple/image/upload/v1786011428/nigittriple/general/y4ydzbu4bazktkt3nqwo.jpg,,,,,,,,,,,,,,1,g,40,200,,1,,,"[{""id"":""6a72fd2876415649d21e13cd"",""label"":""SPIANATA ROMANA 240GR"",""quantity"":240,""price"":9600,""compareAtPrice"":null,""barcode"":""31072650416"",""sku"":null,""stockQuantity"":1,""isDefault"":false,""isActive"":true,""sortOrder"":0},{""id"":""6a72fd2876415649d21e13ce"",""label"":""SPIANATA ROMANA 180G"",""quantity"":180,""price"":7200,""compareAtPrice"":null,""barcode"":""31072650422"",""sku"":null,""stockQuantity"":1,""isDefault"":false,""isActive"":true,""sortOrder"":0},{""id"":""6a72fd2876415649d21e13cf"",""label"":""SPIANATA ROMANA 235G"",""quantity"":235,""price"":9400,""compareAtPrice"":null,""barcode"":""31072650418"",""sku"":null,""stockQuantity"":1,""isDefault"":false,""isActive"":true,""sortOrder"":0},{""id"":""6a72fd2876415649d21e13d0"",""label"":""SPIANATA ROMANA 240G"",""quantity"":240,""price"":9600,""compareAtPrice"":null,""barcode"":""31072650417"",""sku"":null,""stockQuantity"":1,""isDefault"":false,""isActive"":true,""sortOrder"":0},{""id"":""6a72fd2876415649d21e13d1"",""label"":""SPIANATA ROMANA SALAMI 270G"",""quantity"":270,""price"":10800,""compareAtPrice"":null,""barcode"":""000005400270010801"",""sku"":null,""stockQuantity"":2,""isDefault"":false,""isActive"":true,""sortOrder"":0},{""id"":""6a72fd2876415649d21e13d2"",""label"":""SPIANATA ROMANA SALAMI 260G"",""quantity"":260,""price"":10400,""compareAtPrice"":null,""barcode"":""000005400260010404"",""sku"":null,""stockQuantity"":2,""isDefault"":false,""isActive"":true,""sortOrder"":0}]"
"UNGHRESE SALAMI SLICED ₦45,000 PER KG",unghrese-salami-sliced-,UNGSAL-20AA4,0000012,,,45000,,,1,10,6a71d244571daa04abbb8a8b,,ACTIVE,,,,,https://res.cloudinary.com/nigittriple/image/upload/v1785918257/nigittriple/general/kzlredwxcdsauqsy7adk.jpg,,,,,,,,,,,,,,1,g,45,200,,1,,,"[{""id"":""6a72f3355902cc44fcfbc110"",""label"":""200 G"",""quantity"":200,""price"":8800,""compareAtPrice"":null,""barcode"":""000004900200008801"",""sku"":null,""stockQuantity"":0,""isDefault"":false,""isActive"":true,""sortOrder"":0},{""id"":""6a72f3355902cc44fcfbc111"",""label"":""280 G"",""quantity"":280,""price"":12320,""compareAtPrice"":null,""barcode"":""000004900280012329"",""sku"":null,""stockQuantity"":0,""isDefault"":false,""isActive"":true,""sortOrder"":0},{""id"":""6a72f3355902cc44fcfbc112"",""label"":""240 G"",""quantity"":240,""price"":10560,""compareAtPrice"":null,""barcode"":""000004900240010565"",""sku"":null,""stockQuantity"":1,""isDefault"":false,""isActive"":true,""sortOrder"":0},{""id"":""6a72f3355902cc44fcfbc113"",""label"":""230 G"",""quantity"":230,""price"":10120,""compareAtPrice"":null,""barcode"":""000004900230010122"",""sku"":null,""stockQuantity"":0,""isDefault"":false,""isActive"":true,""sortOrder"":0},{""id"":""6a72f3355902cc44fcfbc114"",""label"":""250G"",""quantity"":250,""price"":11000,""compareAtPrice"":null,""barcode"":""000004900250011004"",""sku"":null,""stockQuantity"":1,""isDefault"":false,""isActive"":true,""sortOrder"":0},{""id"":""6a72f3355902cc44fcfbc115"",""label"":""260 G"",""quantity"":260,""price"":11450,""compareAtPrice"":null,""barcode"":""000004900260011447"",""sku"":null,""stockQuantity"":1,""isDefault"":false,""isActive"":true,""sortOrder"":0},{""id"":""6a72f3355902cc44fcfbc116"",""label"":""270 G"",""quantity"":270,""price"":11900,""compareAtPrice"":null,""barcode"":""000004900270011880"",""sku"":null,""stockQuantity"":2,""isDefault"":false,""isActive"":true,""sortOrder"":0}]"
"MORTADELLA WITH  PISTACHIO SLICED ₦33,000 PER KG",mortadella-with-pistachio-sliced-33000-per-kg,MORWPIS-C25A4,0000010,"33,000 N PER KG",,33000,,,1,10,6a71d244571daa04abbb8a8b,,ACTIVE,,,,,https://res.cloudinary.com/nigittriple/image/upload/v1785917421/nigittriple/general/hzumbcjpkjoxw0kdrdpn.jpg,,,,1,,,,,,,,,,1,g,33,200,,1,,,"[{""id"":""6a72ef564f75cb9f49e19418"",""label"":""250 GR"",""quantity"":250,""price"":8250,""compareAtPrice"":null,""barcode"":""000004600250008252"",""sku"":null,""stockQuantity"":0,""isDefault"":false,""isActive"":true,""sortOrder"":0},{""id"":""6a72ef564f75cb9f49e19419"",""label"":""240 G"",""quantity"":240,""price"":7950,""compareAtPrice"":null,""barcode"":""28072600947"",""sku"":null,""stockQuantity"":1,""isDefault"":false,""isActive"":true,""sortOrder"":0},{""id"":""6a72ef564f75cb9f49e1941a"",""label"":""240 GR"",""quantity"":240,""price"":7950,""compareAtPrice"":null,""barcode"":""28072600945"",""sku"":null,""stockQuantity"":1,""isDefault"":false,""isActive"":true,""sortOrder"":0},{""id"":""6a72ef564f75cb9f49e1941b"",""label"":""230GR"",""quantity"":230,""price"":7650,""compareAtPrice"":null,""barcode"":""28072600948"",""sku"":null,""stockQuantity"":1,""isDefault"":false,""isActive"":true,""sortOrder"":0},{""id"":""6a72ef564f75cb9f49e1941c"",""label"":""250GR"",""quantity"":250,""price"":8250,""compareAtPrice"":null,""barcode"":""28072600952"",""sku"":null,""stockQuantity"":1,""isDefault"":false,""isActive"":true,""sortOrder"":0},{""id"":""6a72ef564f75cb9f49e1941d"",""label"":""245GR"",""quantity"":245,""price"":8100,""compareAtPrice"":null,""barcode"":""28072600949"",""sku"":null,""stockQuantity"":1,""isDefault"":false,""isActive"":true,""sortOrder"":0},{""id"":""6a72ef564f75cb9f49e1941e"",""label"":""235G"",""quantity"":235,""price"":7800,""compareAtPrice"":null,""barcode"":""28072600953"",""sku"":null,""stockQuantity"":1,""isDefault"":false,""isActive"":true,""sortOrder"":0},{""id"":""6a72ef564f75cb9f49e1941f"",""label"":""240GR"",""quantity"":240,""price"":7950,""compareAtPrice"":null,""barcode"":""28072600946"",""sku"":null,""stockQuantity"":1,""isDefault"":false,""isActive"":true,""sortOrder"":0},{""id"":""6a72ef564f75cb9f49e19420"",""label"":""260 GR"",""quantity"":260,""price"":8600,""compareAtPrice"":null,""barcode"":""28072600950"",""sku"":null,""stockQuantity"":1,""isDefault"":false,""isActive"":true,""sortOrder"":0},{""id"":""6a8022ca84d290210c2f4b07"",""label"":""270GR"",""quantity"":270,""price"":8950,""compareAtPrice"":null,""barcode"":""70802065412"",""sku"":null,""stockQuantity"":1,""isDefault"":false,""isActive"":true,""sortOrder"":0},{""id"":""6a8022ca84d290210c2f4b08"",""label"":""240G"",""quantity"":240,""price"":7950,""compareAtPrice"":null,""barcode"":""70802065413"",""sku"":null,""stockQuantity"":1,""isDefault"":false,""isActive"":true,""sortOrder"":0},{""id"":""6a8022ca84d290210c2f4b09"",""label"":""250 G"",""quantity"":250,""price"":8250,""compareAtPrice"":null,""barcode"":""70802065414"",""sku"":null,""stockQuantity"":1,""isDefault"":false,""isActive"":true,""sortOrder"":0},{""id"":""6a8022ca84d290210c2f4b0a"",""label"":""260GR"",""quantity"":260,""price"":8600,""compareAtPrice"":null,""barcode"":""70802065415"",""sku"":null,""stockQuantity"":1,""isDefault"":false,""isActive"":true,""sortOrder"":0}]"
"SPECK SLICED ₦30,000 PER KG",speck-sliced-,S-5E333,0000011,"30,000 NAIRA PER KG",,30000,,,1,10,6a71d244571daa04abbb8a8b,,ACTIVE,,,,,https://res.cloudinary.com/nigittriple/image/upload/v1785916055/nigittriple/general/ufkfxp74gf7qhagc1rjf.jpg,,,,,,,,,,,,,,1,g,30,200,,1,,,"[{""id"":""6a72ea2d0a6a7dd07406a3c8"",""label"":""240G"",""quantity"":240,""price"":7200,""compareAtPrice"":null,""barcode"":""28072600914"",""sku"":null,""stockQuantity"":1,""isDefault"":false,""isActive"":true,""sortOrder"":0},{""id"":""6a72ea2d0a6a7dd07406a3c9"",""label"":""290G"",""quantity"":290,""price"":8700,""compareAtPrice"":null,""barcode"":""28072600913"",""sku"":null,""stockQuantity"":1,""isDefault"":false,""isActive"":true,""sortOrder"":0}]"
"BEEF PICANHA ₦55,000 PER KG",beef-picanha-890gr,BEEPIC-522A9,31072650410,,,55000,,,1,10,6a2aad1d8aa98f95a97e8ad4,,ACTIVE,,,,,https://res.cloudinary.com/nigittriple/image/upload/v1785581307/nigittriple/general/zxxt9ozqe7r7ha9zxz5p.jpg,,,,1,,,,,,,,,,1,g,55,250,,1,,,"[{""id"":""6a71cf320712e403ffbe722e"",""label"":""890GR"",""quantity"":890,""price"":48500,""compareAtPrice"":null,""barcode"":""31072650410"",""sku"":null,""stockQuantity"":1,""isDefault"":false,""isActive"":true,""sortOrder"":0},{""id"":""6a71cf320712e403ffbe722f"",""label"":""900GR"",""quantity"":900,""price"":49500,""compareAtPrice"":null,""barcode"":""31072650406"",""sku"":null,""stockQuantity"":1,""isDefault"":false,""isActive"":true,""sortOrder"":0},{""id"":""6a734b8cda13552ae34c89ca"",""label"":""980GR"",""quantity"":980,""price"":54000,""compareAtPrice"":null,""barcode"":""29052026035"",""sku"":null,""stockQuantity"":1,""isDefault"":false,""isActive"":true,""sortOrder"":0},{""id"":""6a734b8cda13552ae34c89cb"",""label"":""1280GR"",""quantity"":1280,""price"":70400,""compareAtPrice"":null,""barcode"":""29052026001"",""sku"":null,""stockQuantity"":1,""isDefault"":false,""isActive"":true,""sortOrder"":0}]"
SPIANATA ROMANA 270GR,spianata-romana-270gr,SPIROM-543EE,31072650420,,,10800,,,0,10,6a2810f28cca8e82232c476f,,ACTIVE,,,,,https://res.cloudinary.com/nigittriple/image/upload/v1785580467/nigittriple/general/eczhx4xnbxg5ndgbbdgw.jpg,,,,1,,,,,,,,,,,,,,,,,,[]
MORTADELLA W PISTACHIO 225GR,mortadella-w-pistachio-225gr,MORWPIS-68DEB,28072600954,,,7500,,,0,10,6a2810f28cca8e82232c476f,,ACTIVE,,,,,https://res.cloudinary.com/nigittriple/image/upload/v1785319826/nigittriple/general/flhntdv9rdppi34iqyyb.jpg,,,,1,,,,,,,,,,,,,,,,,,[]
MORTADELLA W PISTACHIO 245G,mortadella-w-pistachio-245g,MORWPIS-43613,28072600951,,,8100,,,0,10,6a2810f28cca8e82232c476f,,ACTIVE,,,,,https://res.cloudinary.com/nigittriple/image/upload/v1785319776/nigittriple/general/shmhumutw9b9dmidmxmf.jpg,,,,1,,,,,,,,,,,,,,,,,,[]
PARMA HAM 240GR,parma-ham-240gr,PARHAM-663AB,28072600957,,,12000,,,0,10,6a2810f28cca8e82232c476f,,ACTIVE,,,,,https://res.cloudinary.com/nigittriple/image/upload/v1785319099/nigittriple/general/zkrdaccysjwnatbdcgnk.jpg,,,,1,,,,,,,,,,,,,,,,,,[]
CAPERS FRUITS IN VINEGAR 530G,capers-fruits-in-vinegar-530g,C-5AE96,8056515242185,,,16600,,,6,10,69e5aa4440cdaab22a0a1af9,69e5aa7f40cdaab22a0a1b27,ACTIVE,,,,,https://res.cloudinary.com/nigittriple/image/upload/v1785317522/nigittriple/general/vpsz5npwjptgihdhxpx2.jpg,,,,1,,,,,,,,,,,,,,,,,,[]
PECORINO ROMANO CHEESE 600 GR,pecorino-romano-cheese-3424kg,P-A0EC3,2826249034242,,,32500,,,0,10,6a2aa16e1db676e4fc7589db,,ACTIVE,,,,,,,,,1,,,,,,,,,,,,,,,,,,[]
DONT CARE SUGAR SACHET 100S,dont-care-sugar-sachet-100s,D-BE8FC,8054144600314,,,2500,,,17,5,69e5aa3d40cdaab22a0a1af3,,ACTIVE,,,,,https://res.cloudinary.com/nigittriple/image/upload/v1785229939/nigittriple/general/n0q1syav4w8f6mlqoeft.jpg,,,,1,,,,,,,,,,,,,,,,,,[]
DONT CARE ESPRESSO CUPS 50S,dont-care-espresso-cups-50s,D-B4E06,8054144600208,,,3000,,,19,6,69e5aa4e40cdaab22a0a1b01,,ACTIVE,,,,,https://res.cloudinary.com/nigittriple/image/upload/v1785229982/nigittriple/general/bcu8lwd9r5kwrlucsak6.jpg,,,,1,,,,,,,,,,,,,,,,,,[]
CUKI TRANSPARENT FILM 25MT,cuki-transparent-rfilm-25mt,C-56BE6,8003980020114,,,4300,,,24,6,69e5aa5240cdaab22a0a1b05,,ACTIVE,,,,,https://res.cloudinary.com/nigittriple/image/upload/v1785229879/nigittriple/general/gepmcdvrgtwk9irakzh9.jpg,,,,1,,,,,,,,,,,,,,,,,,[]
CHEESE WITH SAFFARON 810G,cheese-with-saffaron-810g,C-3819F,000006200810028357,,,28000,,,1,10,6a2aa16e1db676e4fc7589db,,ACTIVE,,,,,https://res.cloudinary.com/nigittriple/image/upload/v1785331141/nigittriple/general/zro3ik0m19g8kw5hjykw.jpg,,,,1,,,,,,,,,,,,,,,,,,[]
CHEESE WITH OLIVE 760G,cheese-with-olive-760g,G-4F540,000006000760026605,,,26600,,,1,10,6a2aa16e1db676e4fc7589db,,ACTIVE,,,,,https://res.cloudinary.com/nigittriple/image/upload/v1785331182/nigittriple/general/hxqo8l0u6orwsz8hnlsn.jpg,,,,1,,,,,,,,,,,,,,,,,,[]
CHEESE WITH OLIVE 670G,cheese-with-olive-670g,C-1060F,000006000670023451,,,23450,,,1,10,6a2aa16e1db676e4fc7589db,,ACTIVE,,,,,https://res.cloudinary.com/nigittriple/image/upload/v1785331218/nigittriple/general/jk3hjfxjkk5bomnbibal.jpg,,,,1,,,,,,,,,,,,,,,,,,[]
WHITE CHEESE SALTED 1080 GR,white-cheese-salted-1080,W-E9CA3,000006101080037802,,,37800,,,1,10,6a2aa16e1db676e4fc7589db,,ACTIVE,,,,,https://res.cloudinary.com/nigittriple/image/upload/v1785332018/nigittriple/general/ai3btljgokybli1rmu6r.jpg,,,,1,,,,,,,,,,,,,,,,,,[]
COOKED HAM 290G,cooked-ham-290g,COOHAM-1FC56,000005300290008708,,,8700,,,0,10,6a2810f28cca8e82232c476f,,ACTIVE,,,,,https://res.cloudinary.com/nigittriple/image/upload/v1785332372/nigittriple/general/idzxjackfbszboda7pxi.jpg,,,,1,,,,,,,,,,,,,,,,,,[]
TURKEY HAM 260G,turkey-ham-260g,TURHAM-7B453,000004700260009107,,,9100,,,0,10,6a2810f28cca8e82232c476f,,ACTIVE,,,,,https://res.cloudinary.com/nigittriple/image/upload/v1785332490/nigittriple/general/tjhnod7ks7jwvvr7oxvn.jpg,,,,1,,,,,,,,,,,,,,,,,,[]
TURKEY HAM 250G,turkey-ham-250g,TURHAM-91B38,000004700250008756,,,8750,,,0,10,6a2810f28cca8e82232c476f,,ACTIVE,,,,,https://res.cloudinary.com/nigittriple/image/upload/v1785332468/nigittriple/general/jaavpi5swkiofoy8qxcq.jpg,,,,1,,,,,,,,,,,,,,,,,,[]
NAPOLI SALAMI HOT 260G,napoli-salami-hot-260g,NAPSALHO-AE0F4,000005000260011708,,,11700,,,0,10,6a2810f28cca8e82232c476f,,ACTIVE,,,,,https://res.cloudinary.com/nigittriple/image/upload/v1785332812/nigittriple/general/qejbrhlead1mffzfrhun.jpg,,,,1,,,,,,,,,,,,,,,,,,[]
NAPOLI SALAMI HOT 240G,napoli-salami-hot-240g,N-7D325,000005000240010808,,,10800,,,1,10,6a2810f28cca8e82232c476f,,ACTIVE,,,,,https://res.cloudinary.com/nigittriple/image/upload/v1785332837/nigittriple/general/uxwaur9tnb33t7gwmb3w.jpg,,,,1,,,,,,,,,,,,,,,,,,[]
SMOKED BACON 180G,smoked-bacon-180g,MORWPIS-0B4CF,000004500180007209,,,7200,,,0,10,6a2810f28cca8e82232c476f,,ACTIVE,,,,,https://res.cloudinary.com/nigittriple/image/upload/v1785333311/nigittriple/general/g9cytxj6y6mdxi9zx06v.jpg,,,,1,,,,,,,,,,,,,,,,,,[]
MORTADELLA W PISTACHIO  260G,mortadella-w-pistachio-260g,MORWPIS-9DC69,000004600260008589,,,8600,,,0,10,6a2810f28cca8e82232c476f,,ACTIVE,,,,,,,,,1,,,,,,,,,,,,,,,,,,[]
MORTADELLA W PISTACHIO  230G,mortadella-w-pistachio-230g,MORWPIS-2829F,000004600230007592,,,7600,,,0,10,6a2810f28cca8e82232c476f,,ACTIVE,,,,,,,,,1,,,,,,,,,,,,,,,,,,[]
MORTADELLA W PISTACHIO  240G,mortadella-w-pistachio-240g,MORWPIS-4EB81,000004600240007926,,,7920,,,0,0,6a2810f28cca8e82232c476f,,ACTIVE,,,,,,,,,1,,,,,,,,,,,,,,,,,,[]
Delivery In PHC,delivery-in-phc,D-4F777,000000001,,,7500,,,10,2,6a302265d7669b06119e961b,,ACTIVE,,,,,https://res.cloudinary.com/nigittriple/image/upload/v1786018488/nigittriple/general/fwqmgbt9e6zkuu5yllkl.jpg,,,,1,,,,,,,,,,,,,,,,,,[]
COFFEE BEANS INTENSO 1KG,coffee-beans-intenso-1kg,C-0EC52,9504268891468,,,43400,,,0,4,69e5aa4e40cdaab22a0a1b01,69e5aab740cdaab22a0a1b58,ACTIVE,,,,,https://res.cloudinary.com/nigittriple/image/upload/v1784890882/nigittriple/general/gr1jcbreu9mq8tew0atz.jpg,,,,1,,,,,,,,,,,,,,,,,,[]
FUNGORICCO CREAMY MUSHROOMS 790G,fungoricco-creamy-mushrooms-790g,F-EA1A3,8056515241065,,,24000,,,6,2,69e5aa4440cdaab22a0a1af9,69e5aa7f40cdaab22a0a1b27,ACTIVE,,,,,https://res.cloudinary.com/nigittriple/image/upload/v1784890774/nigittriple/general/esanznhhymnbmc3ozco9.jpg,,,,1,,,,,,,,,,,,,,,,,,[]
DRIED TOMATOES 800G,dried-tomatoes-800g,D-B631C,8056515240358,,,15000,,,3,2,69e5aa4440cdaab22a0a1af9,69e5aa7f40cdaab22a0a1b27,ACTIVE,,,,,https://res.cloudinary.com/nigittriple/image/upload/v1784890656/nigittriple/general/nxltlxcelyp5uezdddsb.jpg,,,,1,,,,,,,,,,,,,,,,,,[]
ARTICHOKES ROMAN STYLE 750G,artichokes-roman-style-750g,R-127E1,8056515241218,,,23000,,,2,2,69e5aa4440cdaab22a0a1af9,69e5aa7f40cdaab22a0a1b27,ACTIVE,,,,,https://res.cloudinary.com/nigittriple/image/upload/v1784890507/nigittriple/general/qmeljzvbo4uxlnoh3vlw.jpg,,,,1,,,,,,,,,,,,,,,,,,[]
COCKTAIL SAUCE 960G,cocktail-sauce-960g,C-3533A,8056515246961,,,20000,,,6,2,69e5aa4340cdaab22a0a1af8,69e5aa7f40cdaab22a0a1b27,ACTIVE,,,,,https://res.cloudinary.com/nigittriple/image/upload/v1784890277/nigittriple/general/wckdwcit9gfemafgjpgx.jpg,,,,1,,,,,,,,,,,,,,,,,,[]
TUNA SAUCE 960G,tuna-sauce-960g,T-F3D71,8056515246954,,,20000,,,6,2,69e5aa4340cdaab22a0a1af8,69e5aa7f40cdaab22a0a1b27,ACTIVE,,,,,https://res.cloudinary.com/nigittriple/image/upload/v1784890075/nigittriple/general/rj6rhkrq8zjtjnvmn3ez.jpg,,,,1,,,,,,,,,,,,,,,,,,[]
FROZEN MINI BAGUETTE BREAD 110G (3PCS),frozen-mini-baguette-bread-110g-3pcs,FROMINBA-896C3,1000032,READY TO BAKE,,4000,,,3,1,6a62277dff66a41f0247263d,6a2a6d1dcdf34ea4f4c6f5f7,ACTIVE,,,,,https://res.cloudinary.com/nigittriple/image/upload/v1784886200/nigittriple/general/pyc9eyihewglqrgcnfvz.jpg,,,,1,,,,,,,,,,,,,,,,,,[]
FROZEN CIABATTINA BREAD PRE SLICED 110G (3PCS),frozen-ciabattina-bread-pre-sliced-110g-3pcs,FROCIABR-E7B7E,1000035,READY TO BAKE,,5500,,,0,1,6a62277dff66a41f0247263d,6a2a6d1dcdf34ea4f4c6f5f7,ACTIVE,,,,,https://res.cloudinary.com/nigittriple/image/upload/v1784819824/nigittriple/general/tu6xbizkhhqsb3u9bm8e.jpg|https://res.cloudinary.com/nigittriple/image/upload/v1784819824/nigittriple/general/vadmr6dzui7a69trhpbv.jpg,,,,1,,,,,,,,,,,,,,,,,,[]
FROZEN DEMI BAGUETTE BREAD 140G (3PCS),frozen-demi-baguette-bread-140g-3pcs,F-ECE4E,1000031,READY TO BAKE,,5100,,,3,1,6a62277dff66a41f0247263d,6a2a6d1dcdf34ea4f4c6f5f7,ACTIVE,,,,,https://res.cloudinary.com/nigittriple/image/upload/v1784818573/nigittriple/general/uoa4m0vkelbssputb9ys.jpg|https://res.cloudinary.com/nigittriple/image/upload/v1784818573/nigittriple/general/w0odir07bwt0geae5xcx.jpg,,,,1,,,,,,,,,,,,,,,,,,[]
FROZEN BAGUETTE BREAD 280G (3PCS),frozen-baguette-bread-280g-3pcs,F-29836,1000030,READY TO BAKE,,8500,,,5,1,6a62277dff66a41f0247263d,6a2a6d1dcdf34ea4f4c6f5f7,ACTIVE,,,,,https://res.cloudinary.com/nigittriple/image/upload/v1784818400/nigittriple/general/ut6fk22s57od7sdpiczi.jpg|https://res.cloudinary.com/nigittriple/image/upload/v1784818400/nigittriple/general/wnfjry852cmh3w5j8i5x.jpg|https://res.cloudinary.com/nigittriple/image/upload/v1784818400/nigittriple/general/fcr4dbsgolgnnbfwfcyy.jpg,,,,1,,,,,,,,,,,,,,,,,,[]
POKER HAZELNUT SUGAR FREE 4PCS X 45G,poker-hazelnut-sugar-free-4pcs-x-45g,P-6EE72,8004800003669,,,4500,,,15,4,69e5aa3f40cdaab22a0a1af5,69e5aa6340cdaab22a0a1b12,ACTIVE,,,,,https://res.cloudinary.com/nigittriple/image/upload/v1784810240/nigittriple/general/d2j8foeu0mzmknmqwpai.jpg,,,,1,,,,,,,,,,,,,,,,,,[]
POKER COCOA SUGAR FREE 4PCS X 45G,poker-cocoa-sugar-free-4pcs-x-45g,8-61210,8004800003652,,,4500,,,15,4,69e5aa3f40cdaab22a0a1af5,69e5aa6340cdaab22a0a1b12,ACTIVE,,,,,https://res.cloudinary.com/nigittriple/image/upload/v1784809821/nigittriple/general/hzzqketxq7qsczr4xvg4.jpg,,,,1,,,,,,,,,,,,,,,,,,[]
Brava Nespresso Compatible Capsule  Coffee Machine ,brava-nespresso-compatible-capsule-coffee-machine-,B-DD5C0,801260119,"220-240V AC 
50 Hz
1400 W
Water Capacity  0.9L",,300000,,,1,10,69e5aa4e40cdaab22a0a1b01,,ACTIVE,,,,,https://res.cloudinary.com/nigittriple/image/upload/v1784709301/nigittriple/general/n1v0kfx3brep1aawa9jo.jpg|https://res.cloudinary.com/nigittriple/image/upload/v1784709301/nigittriple/general/eklcxiepmnca0vdg6don.jpg,,,,1,,,,,,,,,,,,,,,,,,[]
SMOKED BACON SLICED (PANCETTA),smoked-bacon-sliced-pancetta,S-1E1E4,2258747018248,COLD CUTS ,,40000,,,0,10,6a2810f28cca8e82232c476f,,ACTIVE,,,,,https://res.cloudinary.com/nigittriple/image/upload/v1784368254/nigittriple/general/g02lmxf1aglfkk1inluv.jpg,,,,1,,,,,,,,,,1,g,40,150,,1,150|200|225|250|300|350|400|500|750|1000,,[]
APPLE CAKE FULL 1150G,apple-cake-full-1150g,A-C0277,1000077,,,65000,,,1,1,6a2a6b7bf5efd5779068f007,6a2a6d1dcdf34ea4f4c6f5f7,ACTIVE,,,,,https://res.cloudinary.com/nigittriple/image/upload/v1784363739/nigittriple/general/madan9i8lx5x7xoynfcj.jpg,,,,1,,,,,,,,,,,,,,,,,,[]
SEDANI BIRIGATE 500G,sedani-birigate-500g,S-F3670,8007290001207,,,3000,,,20,5,69e5aa4140cdaab22a0a1af6,69e5aa7240cdaab22a0a1b1d,ACTIVE,,,,,https://res.cloudinary.com/nigittriple/image/upload/v1784124433/nigittriple/general/ytjqpdz8q2xsj3vbjtsk.jpg,,,,1,,,,,,,,,,,,,,,,,,[]
Gnocchi di Patate 500g,gnocchi-di-patate-500g,A-1FE80,8000139920875,,,4700,,,20,2,69e5aa4140cdaab22a0a1af6,69e5aa7440cdaab22a0a1b1e,ACTIVE,,,,,https://res.cloudinary.com/nigittriple/image/upload/v1783962790/nigittriple/general/zkstezrjn4jwa7v8day8.jpg,,,,1,,,,,,,,,,,,,,,,,,[]
Gnocchi De Patate 500g,gnocchi-de-patate-500g,G-610D1,8001250009999,,,4250,,,15,6,69e5aa4140cdaab22a0a1af6,69e5aa7a40cdaab22a0a1b24,ACTIVE,,,,,https://res.cloudinary.com/nigittriple/image/upload/v1783781404/nigittriple/general/ubvskjsaoww7ur853v7o.jpg,,,,1,,,,,,,,,,,,,,,,,,[]
ALTAGHZIAH BEEF HOT DOG SMOKED 380G,altaghziah-beef-hot-dog-smoked-380g,A-1061A,5283002830041,,,5100,,,6,2,69e5aa4440cdaab22a0a1af9,,ACTIVE,,,,,https://res.cloudinary.com/nigittriple/image/upload/v1783696401/nigittriple/general/yzbt3uj0d04mbq07grex.jpg,,,,1,,,,,,,,,,,,,,,,,,[]
ALTAGHZIAH CHICKEN HOT DOG SMOKED 380GR,altaghziah-chicken-hot-dog-smoked-380gr,A-51246,5283002830171,,,5100,,,6,2,69e5aa4440cdaab22a0a1af9,,ACTIVE,,,,,https://res.cloudinary.com/nigittriple/image/upload/v1783696217/nigittriple/general/blrdsvgc4tbzwpsqjoq5.jpg,,,,1,,,,,,,,,,,,,,,,,,[]
BALSAMIC VINEGAR GLAZE POMEGRANATE 300G,balsamic-vinegar-glaze-pomegranate-300g,B-95B3A,8023003931074,,,21750,,,3,1,69e5aa4340cdaab22a0a1af8,69e5aaa740cdaab22a0a1b4a,ACTIVE,,,,,https://res.cloudinary.com/nigittriple/image/upload/v1783082704/nigittriple/general/vuy8h9zah8e3b3xf1q4c.jpg,,,,1,,,,,,,,,,,,,,,,,,[]
BALSAMIC VINEGAR GLAZE RASPBERRY 300G,balsamic-vinegar-glaze-raspberry-300g,B-DA1BC,8023003933764,,,21750,,,3,1,69e5aa4340cdaab22a0a1af8,69e5aaa740cdaab22a0a1b4a,ACTIVE,,,,,https://res.cloudinary.com/nigittriple/image/upload/v1783082573/nigittriple/general/n7xnhlhbvztqx7py6wem.jpg,,,,1,,,,,,,,,,,,,,,,,,[]
PASTA FARFALLE N265 500G,pasta-farfalle-n265-500g,P-FB61C,8076800000139,,,4500,,,13,4,69e5aa4140cdaab22a0a1af6,69e5aa7740cdaab22a0a1b21,ACTIVE,,,,,https://res.cloudinary.com/nigittriple/image/upload/v1783082185/nigittriple/general/hffb2rplyzjjziipqfhr.jpg,,,,1,,,,,,,,,,,,,,,,,,[]
CHILLI PEPPERS AND GARLIC EXTRA VIRGIN OIL 250ML,chilli-peppers-and-garlic-extra-virgin-oil-250ml,P-A0473,8003250005995,,,16100,,,8,2,69e5aa4540cdaab22a0a1afa,69e5aa8040cdaab22a0a1b28,ACTIVE,,,,,https://res.cloudinary.com/nigittriple/image/upload/v1782918803/nigittriple/general/u4hjfknnu0ynzfagidox.jpg,,,,1,,,,,,,,,,,,,,,,,,[]
APPLE AND PINEAPPLE 2X100G,apple-and-pineapple-2x100g,A-4DC6E,8000050531303,,,5500,,,20,4,69e5aa4c40cdaab22a0a1b00,69e5aab240cdaab22a0a1b54,ACTIVE,,,,,https://res.cloudinary.com/nigittriple/image/upload/v1782834221/nigittriple/general/u8q6xoynx88zf75sy9z5.jpg,,,,1,,,,,,,,,,,,,,,,,,[]
Sugar Cube 500g,sugar-cube-500g,S-B315B,5836500700998,,,1420,,,5,2,69e5aa3d40cdaab22a0a1af3,,ACTIVE,,,,,https://res.cloudinary.com/nigittriple/image/upload/v1782757963/nigittriple/general/xqz2vvboady4t1ltt4yo.jpg,,,,1,,,,,,,,,,,,,,,,,,[]
CUSTOMIZED WOOD WINE BOX  X 3BTLS,customized-wood-wine-box-x-3btls,C-BA65E,174822611117,YOU CAN CHOOSE ANY NAME OR ANY LOGO TO PRINT ON TOP ,,29000,,,5,2,69e5aa5240cdaab22a0a1b05,,ACTIVE,,,,,https://res.cloudinary.com/nigittriple/image/upload/v1782721658/nigittriple/general/fdon5tesstmdp7mv8ht0.jpg,,,,1,,,,,,,,,,,,,,,,,,[]
CUSTOMIZED WOOD WINE BOX  X2 BTLS,customized-wood-wine-box-x2-btls,C-F7493,174822611103,YOU CAN CHOOSE ANY NAME OR ANY LOGO TO PRINT ON TOP ,,25100,,,7,2,69e5aa5240cdaab22a0a1b05,,ACTIVE,,,,,https://res.cloudinary.com/nigittriple/image/upload/v1782721520/nigittriple/general/a1vuuwmigpj8djuwpq0l.jpg,,,,1,,,,,,,,,,,,,,,,,,[]
CUSTOMIZED WOOD WINE BOX  1XBTL,customized-wood-wine-box-1xbtl,C-31051,174829911107,YOU CAN CHOOSE ANY NAME OR ANY LOGO TO PRINT ON TOP ,,15499,,,5,2,69e5aa5240cdaab22a0a1b05,,ACTIVE,,,,,https://res.cloudinary.com/nigittriple/image/upload/v1782721328/nigittriple/general/bxxiqt7z66eeki8awrkg.jpg,,,,1,,,,,,,,,,,,,,,,,,[]
ICE CREAM CUP MEDIUM ,ice-cream-cup-medium-,I-31968,08,FROZEN YOGURT WITH DELICIOUS FLAVOUR,,3000,,,19,5,6a2810f28cca8e82232c476f,,ACTIVE,,,,,,,,,1,,,,,,,,,,,,,,,,,,[]
ICE CREAM CUP SMALL,ice-cream-cup-small,I-0AAD7,09,FROZEN YOGURT WITH DELICIOUS FLAVOUR,,2000,,,20,5,6a2810f28cca8e82232c476f,,ACTIVE,,,,,,,,,1,,,,,,,,,,,,,,,,,,[]
ICE CREAM CUP BIG ,ice-cream-cup-big-,I-0F964,04,FROZEN YOGURT WITH DELICIOUS FLAVOUR,,5000,,,20,5,6a2810f28cca8e82232c476f,,ACTIVE,,,,,,,,,1,,,,,,,,,,,,,,,,,,[]
GRUE CERASUOLO D'ABRUZZO 75CL,grue-cerasuolo-dabruzzo-75cl,G-456B2,252512125211,ROSE WINE ,,19100,,,6,2,69e5aa4f40cdaab22a0a1b02,6a3cf447583df153725f3579,ACTIVE,,,,,https://res.cloudinary.com/nigittriple/image/upload/v1782384521/nigittriple/general/dwvm7wfkvllge6nufmke.jpg,,,,1,,,,,,,,,,,,,,,,,,[]
GRUE TREBBIANO D'ABRUZZO 75CL,grue-trebbiano-dabruzzo-75cl,G-1A74A,252544112312,WHITE WINE ,,19100,,,6,2,69e5aa4f40cdaab22a0a1b02,6a3cf447583df153725f3579,ACTIVE,,,,,https://res.cloudinary.com/nigittriple/image/upload/v1782384408/nigittriple/general/hnxefbcxgtwd6i8hrzwq.jpg,,,,1,,,,,,,,,,,,,,,,,,[]
GRUE COLLI APRUTINI PECORINO 75CL,grue-colli-aprutini-pecorino-75cl,G-E9101,2525121125,WHITE WINE ,,20000,,,6,2,69e5aa4f40cdaab22a0a1b02,6a3cf447583df153725f3579,ACTIVE,,,,,https://res.cloudinary.com/nigittriple/image/upload/v1782384243/nigittriple/general/vh8jjhtsrp0fa51isstg.jpg,,,,1,,,,,,,,,,,,,,,,,,[]
GRUE TERRE D'ABRUZZO PASSERINA 75CL,terre-dabruzzo-passweina-75cl,T-D4229,12121125,WHITE WINE,,20000,,,6,2,69e5aa4f40cdaab22a0a1b02,6a3cf447583df153725f3579,ACTIVE,,,,,https://res.cloudinary.com/nigittriple/image/upload/v1782384095/nigittriple/general/coayg095nmulbnhlkpq9.jpg,,,,1,,,,,,,,,,,,,,,,,,[]
GRUE MONTEPULCIANO D'ABRUZZO 75CL,grue-montepulciano-dabruzzo-75cl,G-7B464,112244252525,RED WINE ,,25000,,,5,2,69e5aa4f40cdaab22a0a1b02,6a3cf447583df153725f3579,ACTIVE,,,,,https://res.cloudinary.com/nigittriple/image/upload/v1782383781/nigittriple/general/whhmrkgkluzkheoga9nq.jpg,,,,1,,,,,,,,,,,,,,,,,,[]
COFFEE GROUND CREMOSO 250G,coffee-ground-cremoso-250g,COFGROCR-955D6,9501518561998,,,11070,,,21,2,69e5aa4e40cdaab22a0a1b01,69e5aab740cdaab22a0a1b58,ACTIVE,,,,,https://res.cloudinary.com/nigittriple/image/upload/v1782382238/nigittriple/general/wowymgclvqtchcaha6hs.jpg,,,,1,,,,,,,,,,,,,,,,,,[]
COFFEE GROUND INTENSO 250G,coffee-ground-intenso-250g,COFGROIN-D6BB5,9502756695841,,,6210,,,21,2,69e5aa4e40cdaab22a0a1b01,69e5aab740cdaab22a0a1b58,ACTIVE,,,,,https://res.cloudinary.com/nigittriple/image/upload/v1782382005/nigittriple/general/mjucavfblaa5alaphsxb.jpg,,,,1,,,,,,,,,,,,,,,,,,[]
COFFEE CAPSULE INTENSO 50S,coffee-capsule-intenso-50s,COFCAPIN-31A21,9504971789947,,,30350,,,5,2,69e5aa4e40cdaab22a0a1b01,69e5aab740cdaab22a0a1b58,ACTIVE,,,,,https://res.cloudinary.com/nigittriple/image/upload/v1782381336/nigittriple/general/jiggr7l7btlakm9lpjbx.jpg,,,,1,,,,,,,,,,,,,,,,,,[]
COFFEE CAPSULE CREMOSO 50S,coffee-capsule-cremoso-50s,COFCAPCR-2F50D,01192026,,,38775,,,8,2,69e5aa4e40cdaab22a0a1b01,69e5aab740cdaab22a0a1b58,ACTIVE,,,,,https://res.cloudinary.com/nigittriple/image/upload/v1782381071/nigittriple/general/apidopvwf2ntiqntrbp9.jpg,,,,1,,,,,,,,,,,,,,,,,,[]
COFFEE CAPSULE INTENSO 10PCS,coffee-capsule-intenso-10pcs,COFCAPIN-3B9D8,9504971789946,,,7800,,,23,2,69e5aa4e40cdaab22a0a1b01,69e5aab740cdaab22a0a1b58,ACTIVE,,,,,https://res.cloudinary.com/nigittriple/image/upload/v1782380807/nigittriple/general/zmxbx5glfqpj1rws0aq7.jpg,,,,1,,,,,,,,,,,,,,,,,,[]
COFFEE CAPSULE  CREMOSO 10PCS,coffee-capsule-cremoso-10pcs,950-4BC41,9504873372284,,,9700,,,34,2,69e5aa4e40cdaab22a0a1b01,69e5aab740cdaab22a0a1b58,ACTIVE,,,,,https://res.cloudinary.com/nigittriple/image/upload/v1782380377/nigittriple/general/jcwyvgdcupqphd4787lv.jpg,,,,1,,,,,,,,,,,,,,,,,,[]
QUALITA ROSSA COFFEE PODS 50PC,qualita-rossa-coffee-pods-50pc,G-3A0CE,8000070074330,,,50380,,,2,1,69e5aa4e40cdaab22a0a1b01,69e5aab940cdaab22a0a1b59,ACTIVE,,,,,https://res.cloudinary.com/nigittriple/image/upload/v1782380157/nigittriple/general/dsnskide6g8cgd0ouajs.jpg,,,,1,,,,,,,,,,,,,,,,,,[]
PORK RIBS IMPORTED,pork-ribs-imported,P-AFF60,8056356565,,,30000,,,0,10,6a2aad1d8aa98f95a97e8ad4,,ACTIVE,,,,,https://res.cloudinary.com/nigittriple/image/upload/v1782379727/nigittriple/general/ibgx8jsmbflwmoyjjkrz.jpg,,,,1,,,,,,,,,,1,g,30,400,,1,500|550|600|800|1000|1100|1200|1250,,[]
Heinz Baked Beans 400g,heinz-baked-beans-400g,H-83D60,98,,,3680,,,0,10,69e5aa4440cdaab22a0a1af9,,ACTIVE,,,,,https://res.cloudinary.com/nigittriple/image/upload/v1782149026/nigittriple/general/sm2yyh5ss1ukxbsrfnz0.jpg,,,,1,,,,,,,,,,,,,,,,,,[]
MANDARINE SORBET 1000G x 2,mandarine-sorbet-1000g-x-2,RISMANSO-CA6F5,8056515247869,,,74000,,,0,10,69e5aa5140cdaab22a0a1b04,69e5aa7f40cdaab22a0a1b27,ACTIVE,,,,,https://res.cloudinary.com/nigittriple/image/upload/v1781946952/nigittriple/general/pxll2fvlqlly2bqgq4cb.jpg,,,,1,,,,,,,,,,,,,,,,,,[]
PECORINO ROMANO CHEESE SAUCE 540G,pecorino-romano-cheese-sauce-540g,PECROMCH-514A3,8056515242307,,,44000,,,0,10,69e5aa4340cdaab22a0a1af8,69e5aa7f40cdaab22a0a1b27,ACTIVE,,,,,https://res.cloudinary.com/nigittriple/image/upload/v1781946847/nigittriple/general/ohmfz3v6m7l6mpswztmo.jpg,,,,1,,,,,,,,,,,,,,,,,,[]
MONTAOSCO CHILLI PEPPER THREADS 40GR,montaosco-chilli-pepper-threads-40gr,MONCHIPE-FB9FE,8006614651395,,,38000,,,0,10,69e5aa4340cdaab22a0a1af8,,ACTIVE,,,,,https://res.cloudinary.com/nigittriple/image/upload/v1781946697/nigittriple/general/tm6vwilq71vc8xgyehq8.jpg,,,,1,,,,,,,,,,,,,,,,,,[]
Knor cube Chicken,knor-cube-chicken,K-99F25,6154000011291,,,2200,,,0,2,69e5aa4840cdaab22a0a1afc,,ACTIVE,,,,,https://res.cloudinary.com/nigittriple/image/upload/v1781811535/nigittriple/general/s849ktqrq6qtnjtjwvnw.jpg,,,,1,,,,,,,,,,,,,,,,,,[]
SWEET LEMON CAKE SINGLE ,sweet-lemon-cake-single-,S-EE7D9,100008,,,8000,,,5,2,6a2a6b7bf5efd5779068f007,6a2a6d1dcdf34ea4f4c6f5f7,ACTIVE,,,,,https://res.cloudinary.com/nigittriple/image/upload/v1781794910/nigittriple/general/wqqlzqpl1wojsz25c712.jpg,,,,1,,,,,,,,,,,,,,,,,,[]
BARILLA SAUCE MONTANARO 300G,barilla-sauce-montanaro-300g,B-1B121,8076809584647,,,6700,,,0,10,69e5aa4340cdaab22a0a1af8,69e5aa7740cdaab22a0a1b21,ACTIVE,,,,,https://res.cloudinary.com/nigittriple/image/upload/v1781786055/nigittriple/general/vzowk9kpmcnfrgfo4nms.jpg,,,,1,,,,,,,,,,,,,,,,,,[]
GILLET 2 RAZOR ,gillet-2-razor-,G-12AB1,7702018486281,,,400,,,3,10,6a2827a935d71b0dfe246a76,,ACTIVE,,,,,https://res.cloudinary.com/nigittriple/image/upload/v1781707737/nigittriple/general/ow0qxl9stkdgx0rzmzgw.jpg,,,,1,,,,,,,,,,,,,,,,,,[]
dreher beer ,dreher-beer-,D-F6B14,80006890151169,beer,,2500,,,0,10,69e5aa5340cdaab22a0a1b06,,ACTIVE,,,,,,,,,1,,,,,,,,,,,,,,,,,,[]
Schweppes Tonic Water 33cl ,schweppes-tonic-water-33cl-,S-3C5A8,5449000259639,,,950,,,33,2,69e5aa5140cdaab22a0a1b04,,ACTIVE,,,,,https://res.cloudinary.com/nigittriple/image/upload/v1781771337/nigittriple/general/ut7uny8b4m4pweiyonzg.jpg,,,,1,,,,,,,,,,,,,,,,,,[]
Regina cooking Cream 500ml,regina-cooking-cream-500ml,R-362C4,8000005022382,,,4340,,,6,2,69e5aa4340cdaab22a0a1af8,,ACTIVE,,,,,https://res.cloudinary.com/nigittriple/image/upload/v1781277247/nigittriple/general/lohdc72l0atmksj0rqq5.jpg,,,,1,,,,,,,,,,,,,,,,,,[]
LONG BAGUETTE BREAD ,long-baguette-bread-,L-1FA7E,1212131561465,,,3800,,,0,2,6a302265d7669b06119e961b,6a2a6d1dcdf34ea4f4c6f5f7,ACTIVE,,,,,https://res.cloudinary.com/nigittriple/image/upload/v1781539354/nigittriple/general/dqsj2tpdtyzwcfynwayb.jpg,,,,1,,,,,,,,,,,,,,,,,,[]
BLU MARES CUTTLE FISH 450G,blu-mares-cuttle-fish-450g,BLUMARCU-210F6,8001179014098,FROZEN SEA FOOD ,,9500,,,3,2,6a2aad1d8aa98f95a97e8ad4,,ACTIVE,,,,,https://res.cloudinary.com/nigittriple/image/upload/v1781265579/nigittriple/general/afz8mfbysmqmiem95gd9.jpg,,,,1,,,,,,,,,,,,,,,,,,[]
AMARRAS SQUID BIF RINGS 500G,amarras-squid-bif-rings-500g,AMASQUBI-311F7,5606669006077,FROZEN SEAFOOD,,12500,,,0,10,6a2aad1d8aa98f95a97e8ad4,,ACTIVE,,,,,https://res.cloudinary.com/nigittriple/image/upload/v1781265540/nigittriple/general/jyh72ym9wumwhjwfucka.jpg,,,,1,,,,,,,,,,,,,,,,,,[]
FROZEN CAKE MUFFIN CLASSIC 6 PCS,frozen-cake-muffin-classic-6-pcs,MUFCLA6-38A2B,10000205,,,14000,,,3,2,6a2a6b7bf5efd5779068f007,6a2a6d1dcdf34ea4f4c6f5f7,ACTIVE,,,,,https://res.cloudinary.com/nigittriple/image/upload/v1781265171/nigittriple/general/z7xpg6tsiftwsuoosczv.jpg|https://res.cloudinary.com/nigittriple/image/upload/v1781265171/nigittriple/general/mdsvi6joueaqnhbv24p4.jpg,,,,1,,,,,,,,,,,,,,,,,,[]
FROZEN CROISSANT PLAIN EMPTY 4PCS,frozen-croissant-plain-empty-4pcs,FROCRO-F7817,26250314243,,,7000,,,0,2,6a2810f28cca8e82232c476f,6a2a6d1dcdf34ea4f4c6f5f7,ACTIVE,,,,,https://res.cloudinary.com/nigittriple/image/upload/v1781264611/nigittriple/general/theysk5owwaps2xsoh8n.jpg|https://res.cloudinary.com/nigittriple/image/upload/v1781264611/nigittriple/general/yngdxksj6mx1mvob6wyz.jpg,,,,1,,,,,,,,,,,,,,,,,,[]
FROZEN CROISSANT WITH CHANTILY CREAM 3PCS,frozen-croissant-with-chantily-cream-3pcs,FROCROCR-A8A18,26250314242,,,7000,,,4,2,6a2810f28cca8e82232c476f,6a2a6d1dcdf34ea4f4c6f5f7,ACTIVE,,,,,https://res.cloudinary.com/nigittriple/image/upload/v1781264473/nigittriple/general/hocbojvu1y0nkd5okym9.jpg|https://res.cloudinary.com/nigittriple/image/upload/v1781264482/nigittriple/general/qnaggq5d1r8djfhh5bng.jpg,,,,1,,,,,,,,,,,,,,,,,,[]
FROZEN CROISSANT WITH  CHERRY CREAM 3PCS,frozen-croissant-with-cherry-cream-3pcs,FROCROCH-82200,26250314241,BAKE AND ENJOY ORIGINAL TASTE,,7000,,,39,2,6a2810f28cca8e82232c476f,6a2a6d1dcdf34ea4f4c6f5f7,ACTIVE,,,,,https://res.cloudinary.com/nigittriple/image/upload/v1781264369/nigittriple/general/sqfu1ggtd7js4gxu78ng.jpg|https://res.cloudinary.com/nigittriple/image/upload/v1781264369/nigittriple/general/gh7gzxwonpjmd1vwfr3h.jpg,,,,1,,,,,,,,,,,,,,,,,,[]
ASSORTED APPETIZER SNACKS KG 1,assorted-appetizer-snacks-kg-1,ASSAPPSN-38C22,26052210583,,,27000,,,2,10,6a2810f28cca8e82232c476f,6a2a6d1dcdf34ea4f4c6f5f7,ACTIVE,,,,,https://res.cloudinary.com/nigittriple/image/upload/v1781265020/nigittriple/general/s9sztio90gsyirjbwvfj.jpg,,,,1,,,,,,,,,,,,,,,,,,[]
TURKEY GIZZARDS IMPORTED 1KG,turkey-gizzards-imported-1kg,T-BF31A,174821111236,,,15500,,,4,2,6a2aad1d8aa98f95a97e8ad4,,ACTIVE,,,,,https://res.cloudinary.com/nigittriple/image/upload/v1781788668/nigittriple/general/poycmjiaqg1xzvgu2esa.jpg,,,,1,,,,,,,,,,,,,,,,,,[]
BLACK SNAPPER FISH FILLETS ,black-snapper-fish-fillets-,B-59EE1,00044,FROZEN FISH,,25000,,,0,10,6a2aad1d8aa98f95a97e8ad4,,ACTIVE,,,,,https://res.cloudinary.com/nigittriple/image/upload/v1781265056/nigittriple/general/l5b7xarho9v3pn8vvelp.jpg,,,,,,,,,,,,,,1,g,25,200,,1,200|250|300|350|400|450|500,,[]
CHICKEN WINGS IMPORTED 1KG,chicken-wings-imported-1kg,174-D288E,17482111255,FROZEN CHICKEN,,7500,,,5,10,6a2aad1d8aa98f95a97e8ad4,,ACTIVE,,,,,https://res.cloudinary.com/nigittriple/image/upload/v1781788689/nigittriple/general/vnvfkgztph3nyh715jxe.jpg,,,,1,,,,,,,,,,,,,,,,,,[]
JAZMYNE BOTTLE WATER 50CL X12,jazmyne-bottle-water-50cl-x12,JAZBOTWA-2E784,174821191110,,,1550,,,9,2,69e5aa5140cdaab22a0a1b04,,ACTIVE,,,,,https://res.cloudinary.com/nigittriple/image/upload/v1781256212/nigittriple/general/r092k5aa4d3uumcun3b4.jpg,,,,1,,,,,,,,,,,,,,,,,,[]
JAZMYNE WATER PACK 12X75CL,jazmyne-water-pack-12x75cl,J-7CA37,6156000400211,,,1700,,,6,2,69e5aa5140cdaab22a0a1b04,,ACTIVE,,,,,https://res.cloudinary.com/nigittriple/image/upload/v1781253915/nigittriple/general/jllvh9lhjjllk9xdqxg3.jpg,,,,1,,,,,,,,,,,,,,,,,,[]
JAZMYNE WATER TABLE WATER 75CL,jazmyne-water-table-water-75cl,J-0C8E6,60,,,200,,,105,12,69e5aa5140cdaab22a0a1b04,,ACTIVE,,,,,https://res.cloudinary.com/nigittriple/image/upload/v1781253943/nigittriple/general/klcvbnzjcvpqdrvzax42.jpg,,,,1,,,,,,,,,,,,,,,,,,[]
CARROT VEGAN CAKE 14 SLICES,carrot-vegan-cake-14-slices,CARVEGCA-793C8,1000060,,,55000,,,1,10,6a2a6b7bf5efd5779068f007,6a2a6d1dcdf34ea4f4c6f5f7,ACTIVE,,,,,https://res.cloudinary.com/nigittriple/image/upload/v1781254890/nigittriple/general/uhzujcfemrdlffmeupju.jpg,,,,1,,,,,,,,,,,,,,,,,,[]
CAKE FULL RICOTTA AND PEAR 14 SLICES,cake-full-ricotta-and-pear-14-slices,CAKFULRI-A60FE,1000040,,,65000,,,1,1,6a2a6b7bf5efd5779068f007,6a2a6d1dcdf34ea4f4c6f5f7,ACTIVE,,,,,https://res.cloudinary.com/nigittriple/image/upload/v1781254427/nigittriple/general/f0msvqfhrcndihht0dgh.jpg,,,,1,,,,,,,,,,,,,,,,,,[]
FROZEN STRAWBERRY CHEESE CAKE FULL,frozen-strawberry-cheese-cake-full,F-C45DE,1000021,,,65000,,,1,1,6a2a6b7bf5efd5779068f007,6a2a6d1dcdf34ea4f4c6f5f7,ACTIVE,,,,,https://res.cloudinary.com/nigittriple/image/upload/v1781254034/nigittriple/general/nd24gtgk7lupnk3t3bfk.jpg,,,,1,,,,,,,,,,,,,,,,,,[]
delizia limone DELIZIA CAKE LEMON 100GR,delizia-limone-delizia-cake-lemon-100gr,DELLIMGR-84A2D,1000017,,,6000,,,8,10,6a2a6b7bf5efd5779068f007,6a2a6d1dcdf34ea4f4c6f5f7,ACTIVE,,,,,https://res.cloudinary.com/nigittriple/image/upload/v1781254918/nigittriple/general/putuehxnodn4712rjsxm.jpg,,,,1,,,,,,,,,,,,,,,,,,[]
CAKE BABA WITH RUM 130 GR,cake-baba-with-rum-130-gr,BABALROO-DCB4B,1000015,,,7000,,,23,4,6a2810f28cca8e82232c476f,6a2a6d1dcdf34ea4f4c6f5f7,ACTIVE,,,,,https://res.cloudinary.com/nigittriple/image/upload/v1781254946/nigittriple/general/ztlwdg87sqrklxrosxai.jpg,,,,1,,,,,,,,,,,,,,,,,,[]
FROZEN HOME MADE CAKE SINGLE,frozen-home-made-cake-,F-FAAE5,1000013,,,9000,,,8,10,6a2a6b7bf5efd5779068f007,6a2a6d1dcdf34ea4f4c6f5f7,ACTIVE,,,,,https://res.cloudinary.com/nigittriple/image/upload/v1781254978/nigittriple/general/q2prjwfqbx95ftmmeoop.jpg,,,,1,,,,,,,,,,,,,,,,,,[]
SOUFFLE CHOCOLATE 100 GR,souffle-chocolate-100-gr,SOUALCIO-2C80E,1000012,,,6500,,,14,4,6a2a6b7bf5efd5779068f007,6a2a6d1dcdf34ea4f4c6f5f7,ACTIVE,,,,,https://res.cloudinary.com/nigittriple/image/upload/v1781254755/nigittriple/general/hj9saufflalkc0mikqen.jpg,,,,1,,,,,,,,,,,,,,,,,,[]
PEAR AND RICOTTA MINI CAKE 100 GR,pear-and-ricotta-mini-cake-100-gr,PEAANDRI-82552,1000010,,,8000,,,4,2,6a2a6b7bf5efd5779068f007,6a2a6d1dcdf34ea4f4c6f5f7,ACTIVE,,,,,https://res.cloudinary.com/nigittriple/image/upload/v1781254527/nigittriple/general/dwfj3gjx2rnlgsd4qkuv.jpg|https://res.cloudinary.com/nigittriple/image/upload/v1781254527/nigittriple/general/e17nj4mwrumlst9brilt.jpg,,,,1,,,,,,,,,,,,,,,,,,[]
FROZEN CHEESE CAKE STRAWBERRY,frozen-cheese-cake-strawberry,F-1DC2C,100009,,,9000,,,9,2,6a2a6b7bf5efd5779068f007,6a2a6d1dcdf34ea4f4c6f5f7,ACTIVE,,,,,https://res.cloudinary.com/nigittriple/image/upload/v1781254193/nigittriple/general/gfobg2y8be8nz6zifnv3.jpg,,,,1,,,,,,,,,,,,,,,,,,[]
FROZEN LEMON CAKE FULL,frozen-lemon-cake-full,L-63668,1000080,,,65000,,,1,1,6a2a6b7bf5efd5779068f007,6a2a6d1dcdf34ea4f4c6f5f7,ACTIVE,,,,,https://res.cloudinary.com/nigittriple/image/upload/v1781254490/nigittriple/general/uibn3kad23ypnexeatcy.jpg,,,,1,,,,,,,,,,,,,,,,,,[]
FROZEN APPLE CAKE SINGLE  ,frozen-apple-cake-,F-93C65,100007,,,8000,,,6,1,6a2a6b7bf5efd5779068f007,6a2a6d1dcdf34ea4f4c6f5f7,ACTIVE,,,,,https://res.cloudinary.com/nigittriple/image/upload/v1781254459/nigittriple/general/ryteowmswjqy6ydyauwy.jpg,,,,1,,,,,,,,,,,,,,,,,,[]
SLICE CAKE CAPRESE STYLE FULL,slice-cake-caprese-style-full,C-D413A,100006,,,63000,,,1,10,6a2a6b7bf5efd5779068f007,6a2a6d1dcdf34ea4f4c6f5f7,ACTIVE,,,,,https://res.cloudinary.com/nigittriple/image/upload/v1781254348/nigittriple/general/fydw4nvupimgyfvdn1aq.jpg,,,,1,,,,,,,,,,,,,,,,,,[]
FROZEN  CAKE VEGAN CARROT SINGLE,frozen-cake-vegan-carrot-,DELVEGCA-2336B,100005,,,9000,,,7,2,6a2810f28cca8e82232c476f,6a2a6d1dcdf34ea4f4c6f5f7,ACTIVE,,,,,https://res.cloudinary.com/nigittriple/image/upload/v1781255008/nigittriple/general/slh8hxoblz9dnp4b0zun.jpg,,,,1,,,,,,,,,,,,,,,,,,[]
PISTACHIO MINI CAKE 100 GR,pistacchio-mini-cake-100-gr,PISMINCA-788B6,100004,,,8000,,,20,2,6a2a6b7bf5efd5779068f007,6a2a6d1dcdf34ea4f4c6f5f7,ACTIVE,,,,,https://res.cloudinary.com/nigittriple/image/upload/v1781254318/nigittriple/general/ua1mkzvmnaqj1ihczxlp.jpg|https://res.cloudinary.com/nigittriple/image/upload/v1781254318/nigittriple/general/awvuswveazq5t8dishvn.jpg,,,,1,,,,,,,,,,,,,,,,,,[]
FROZEN CAKE RICOTTA N  PERA,frozen-cake-ricotta-n-pera,CAKRICE-8455F,100003,,,5000,,,8,2,6a2a6b7bf5efd5779068f007,6a2a6d1dcdf34ea4f4c6f5f7,ACTIVE,,,,,https://res.cloudinary.com/nigittriple/image/upload/v1781254398/nigittriple/general/ols21eewhmuhrxjotxsg.jpg,,,,1,,,,,,,,,,,,,,,,,,[]
BABA MIGNON  WITH RUM 4X35 GR,baba-mignon-with-rum-4x35-gr,BABMIG35-FC684,100002,,,12000,,,7,2,6a2a6b7bf5efd5779068f007,6a2a6d1dcdf34ea4f4c6f5f7,ACTIVE,,,,,https://res.cloudinary.com/nigittriple/image/upload/v1781254283/nigittriple/general/ejayv4b4spuiembb4twu.jpg,,,,1,,,,,,,,,,,,,,,,,,[]
FROZEN CAKE  TRILOGY  100 GR,frozen-cake-trilogy-100-gr,TORTRI12-E41AF,100001,,,8000,,,14,2,6a2a6b7bf5efd5779068f007,6a2a6d1dcdf34ea4f4c6f5f7,ACTIVE,,,,,https://res.cloudinary.com/nigittriple/image/upload/v1781254256/nigittriple/general/dazmanfqo4dvbnd8tnas.jpg|https://res.cloudinary.com/nigittriple/image/upload/v1781254256/nigittriple/general/dit9qb4xxoop4b1kn0ox.jpg,,,,1,,,,,,,,,,,,,,,,,,[]
FROZEN OCTOPUS ,frozen-octopus-,F-2B32F,00036,FROZEN SEAFOOD,,33000,,,0,10,6a2aad1d8aa98f95a97e8ad4,,ACTIVE,,,,,https://res.cloudinary.com/nigittriple/image/upload/v1784726960/nigittriple/general/h3nljusdhppskqo7n67c.jpg,,,,1,,,,,,,,,,1,g,34,700,,1,700|800|900|1000|1100|1200|1300|1400,,[]
SEA BASS FISH WHOLE ,sea-bass-fish-whole-,S-C12F5,00034,FROZEN FISH ,,36000,,,0,10,6a2aad1d8aa98f95a97e8ad4,,ACTIVE,,,,,https://res.cloudinary.com/nigittriple/image/upload/v1781264675/nigittriple/general/tn76o03wi4g9uthyiwjv.jpg,,,,,,,,,,,,,,1,g,36,500,,1,500|600|700|800|900|1000,,[]
CHICKEN LEG GRADE A IMPORTED,chicken-leg-grade-a-imported,C-F684D,00033,CHICKEN,,10000,,,0,10,6a2aad1d8aa98f95a97e8ad4,,ACTIVE,,,,,https://res.cloudinary.com/nigittriple/image/upload/v1781264714/nigittriple/general/euvne52xr4wodkxacasi.jpg,,,,,,,,,,,,,,1,g,10,1000,,0.1,1000|1100|1200|1300|1400|1500,,[]
PORK CHOPS POLAND ,pork-chops-poland-,P-66447,00031,PORK MEAT IMPORTED,,35000,,,0,10,6a2aad1d8aa98f95a97e8ad4,,ACTIVE,,,,,https://res.cloudinary.com/nigittriple/image/upload/v1781255157/nigittriple/general/uvwklpvp7ohxy4rwoaeb.jpg,,,,1,,,,,,,,,,1,g,35,300,,1,300|350|400|500|600|700|800|900|1000,,[]
BEEF FILLETS TENDERLOIN ,beef-fillets-tenderloin-,B-1E1CA,00030,IMPORTED BEEF ,,59999,,,0,10,6a2aad1d8aa98f95a97e8ad4,,ACTIVE,,,,,https://res.cloudinary.com/nigittriple/image/upload/v1781255318/nigittriple/general/blklf20t6u69bppbmgf8.jpg,,,,,,,,,,,,,,1,g,60,200,,1,250|300|400|500|600|700|800|900|1000|2050,,[]
LAMB RACK FRENCH TRIM ,lamb-rack-french-trim-,L-BCD8D,00029,IMPORTED ,,61000,,,0,10,6a2aad1d8aa98f95a97e8ad4,,ACTIVE,,,,,https://res.cloudinary.com/nigittriple/image/upload/v1781255351/nigittriple/general/ztwemkf4pgz4myapfl1y.jpg,,,,1,,,,,,,,,,1,g,61,500,,1,500|600|700|800|900|1000,,[]
BEEF RIB EYE PORTION ,beef-rib-eye-portion-,B-0F7E1,00028,IMPORTED BEEF,,60000,,,0,10,6a2aad1d8aa98f95a97e8ad4,,ACTIVE,,,,,https://res.cloudinary.com/nigittriple/image/upload/v1781255384/nigittriple/general/avrbeapc42j1avuvgkpt.jpg|https://res.cloudinary.com/nigittriple/image/upload/v1781266037/nigittriple/general/cfpghzhnib5uxmd8hctc.jpg,,,,,,,,,,,,,,1,g,60,200,,1,250|300|350|400|500|750|1000|1250,,[]
ITALIAN PORK SAUSAGE WITH ROPE ,italian-pork-sausage-with-rope-,I-71FDE,00027,PORK SAUSAGE ,,48000,,,0,10,6a2aad1d8aa98f95a97e8ad4,,ACTIVE,,,,,https://res.cloudinary.com/nigittriple/image/upload/v1781255411/nigittriple/general/vcppi1uyqdnw0a1b4nsl.jpg|https://res.cloudinary.com/nigittriple/image/upload/v1781266096/nigittriple/general/oouh95ceco5bl265dzux.jpg|https://res.cloudinary.com/nigittriple/image/upload/v1781266096/nigittriple/general/lzcilckstoyiwdtpjex9.jpg,,,,,,,,,,,,,,1,g,48,200,,1,200|300|350|400|500|600|1000|1500|1600|1750|1900|2000|2500|3000|3100|3250,,[]
BEEF TOMAHAWK ,beef-tomahawk-,B-DE208,00026,IMPORTED BEEF,,55000,,,0,10,6a2aad1d8aa98f95a97e8ad4,,ACTIVE,,,,,https://res.cloudinary.com/nigittriple/image/upload/v1781255443/nigittriple/general/ilrq1i5qwmhm7hfkwfqa.jpg|https://res.cloudinary.com/nigittriple/image/upload/v1781362898/nigittriple/general/kctbgfbu8yowf06dxzti.jpg,,,,,,,,,,,,,,1,g,50,899,,1,900|1000|1100|1200|1300,,[]
BEEF TOPSIDE PORTION,beef-topside-portion,B-03CAC,00026,BEEF,,25000,,,0,10,6a2aad1d8aa98f95a97e8ad4,,ACTIVE,,,,,https://res.cloudinary.com/nigittriple/image/upload/v1781255470/nigittriple/general/mjpijyx0s7egoqpfgv9f.jpg,,,,,,,,,,,,,,1,g,25,200,,1,500|600|700|800|900|1000,,[]
"T.BONE STEAK IMPORTED ₦46,000 PER KG",tbone-steak-imported,T-6A62C,00024,BEEF,,46000,,,1,10,6a2aad1d8aa98f95a97e8ad4,,ACTIVE,,,,,https://res.cloudinary.com/nigittriple/image/upload/v1781255501/nigittriple/general/gzxmorhqyiaurqi2awtn.jpg,,,,,,,,,,,,,,1,g,46,500,,1,550|600|650|700|750|1000|1250|1500,,"[{""id"":""6a845a4d5af8d8e5c9e04d27"",""label"":""510GR"",""quantity"":510,""price"":23500,""compareAtPrice"":null,""barcode"":""18080265001"",""sku"":null,""stockQuantity"":1,""isDefault"":false,""isActive"":true,""sortOrder"":0},{""id"":""6a845b37f2b1d84b5955d88e"",""label"":""510 G"",""quantity"":510,""price"":23500,""compareAtPrice"":null,""barcode"":""70802065418"",""sku"":null,""stockQuantity"":1,""isDefault"":false,""isActive"":true,""sortOrder"":0},{""id"":""6a845b37f2b1d84b5955d88f"",""label"":""525GR"",""quantity"":525,""price"":24200,""compareAtPrice"":null,""barcode"":""18080265006"",""sku"":null,""stockQuantity"":1,""isDefault"":false,""isActive"":true,""sortOrder"":0},{""id"":""6a845b38f2b1d84b5955d890"",""label"":""520GR"",""quantity"":520,""price"":24000,""compareAtPrice"":null,""barcode"":""70802065424"",""sku"":null,""stockQuantity"":1,""isDefault"":false,""isActive"":true,""sortOrder"":0}]"
LAMB LEG BONELESS,lamb-leg-boneless,L-1B125,00021,LAMB ,,35000,,,0,10,6a2aad1d8aa98f95a97e8ad4,,ACTIVE,,,,,https://res.cloudinary.com/nigittriple/image/upload/v1781255530/nigittriple/general/qykdxr6kjtvofvwgygup.jpg,,,,,,,,,,,,,,1,g,35,500,,1,600|700|800|900|1000|1100|1200|1300,,[]
BEEF PICANHA ,beef-picanha-,B-4E8D0,00020,MEAT,,55000,,,0,10,6a2aad1d8aa98f95a97e8ad4,,ACTIVE,,,,,https://res.cloudinary.com/nigittriple/image/upload/v1781255555/nigittriple/general/rngky9zgbwh31dkfyqci.jpg,,,,,,,,,,,,,,1,g,55,600,,1,700|800|900|1000|1100|1250|1500|1750|2000|2250|2500|2750|3000,,[]
CHEDDAR CHEESE ,cheddar-cheese-,C-41678,00016,YELLOW ,,28000,,,0,10,6a2aa16e1db676e4fc7589db,,ACTIVE,,,,,https://res.cloudinary.com/nigittriple/image/upload/v1781181499/nigittriple/general/lfjrz4asxmlsrh2srrow.jpg,,,,,,,,,,,,,,1,g,28,100,,1,200|250|300|350|400|450|500,,[]
EDAM CHEESE ,edam-cheese-,E-38047,00015,CHEESE,,26000,,,0,10,6a2aa16e1db676e4fc7589db,,ACTIVE,,,,,https://res.cloudinary.com/nigittriple/image/upload/v1781181292/nigittriple/general/pbr6wczi6e99uglursvs.jpg,,,,,,,,,,,,,,1,g,26,100,,1,200|250|300|350|400|450|500,,[]
ASSORTED 3 COLOUR CHEESE ,assorted-3-colour-cheese-,A-457DE,00014,"ROCCA , TOMATOES AND ",,35000,,,0,10,6a2aa16e1db676e4fc7589db,,ACTIVE,,,,,https://res.cloudinary.com/nigittriple/image/upload/v1781181041/nigittriple/general/nun3furcvon7jpuxc4ld.jpg,,,,,,,,,,,,,,1,g,35,500,,1,500|600|700|800|900|1000,,[]
ASSORTED CHEESE WITH OLIVE ,assorted-cheese-with-olive-,A-0AECD,00013,CHEESE,,35000,,,0,10,6a2aa16e1db676e4fc7589db,,ACTIVE,,,,,https://res.cloudinary.com/nigittriple/image/upload/v1781180929/nigittriple/general/y8yhpklrtmz9skver1zn.jpg,,,,1,,,,,,,,,,1,g,35,500,,1,500|600|700|800|900|1000,,[]
ASSORTED WHITE CHEESE SALTED ,assorted-white-cheese-salted-,A-94324,00012,CHEESE,,35000,,,0,10,6a2aa16e1db676e4fc7589db,,ACTIVE,,,,,https://res.cloudinary.com/nigittriple/image/upload/v1781180796/nigittriple/general/yc6xjzkdxazaw6ynuvf4.jpg,,,,,,,,,,,,,,1,g,35,500,,1,600|700|800|900|1000,,[]
CHEESE WITH SAFFARON ,cheese-with-saffaron-,C-D2E96,00011,CHEESE,,35000,,,0,10,6a2aa16e1db676e4fc7589db,,ACTIVE,,,,,https://res.cloudinary.com/nigittriple/image/upload/v1781180616/nigittriple/general/qhwubqtr5jcawg18qcv4.jpg,,,,,,,,,,,,,,1,g,35,100,,1,400|500|600|700|800|900|1000,,[]
MORTADELLA,mortadella-with-pistachio-sliced,M-B5F6E,0008,COLD CUTS,,33000,,,0,10,6a2aa16e1db676e4fc7589db,,ACTIVE,,,,,https://res.cloudinary.com/nigittriple/image/upload/v1781180065/nigittriple/general/bui14nfaowtd8irakdfb.jpg,,,,,,,,,,,,,,1,g,33,100,,1,250|300|500|550|600|750|900|950|1000|1100|1200,,[]
ROASTED TURKEY HAM,roasted-turkey-ham,R-9E8F3,0007,COLD CUTS ,,35000,,,0,10,6a2aa16e1db676e4fc7589db,,ACTIVE,,,,,https://res.cloudinary.com/nigittriple/image/upload/v1781179746/nigittriple/general/oa1urg3d8oaoglupuxdi.jpg,,,,,,,,,,,,,,1,g,35,100,,1,250|300|500|600|750|900|1000|1100|1200,,[]
BRESAOLA SLICED,bresaola-sliced,B-5432F,0006,COLD CUTS,,80000,,,0,10,6a2aa16e1db676e4fc7589db,,ACTIVE,,,,,https://res.cloudinary.com/nigittriple/image/upload/v1781179630/nigittriple/general/hf2dtlu3avwyul0rxjlm.jpg,,,,,,,,,,,,,,1,g,80,100,,1,150|200|250|300,,[]
UNGHRESE SALAMI ,unghrese-salami-,U-217D2,0005,COLD CUTS,,44998,,,0,10,6a2aa16e1db676e4fc7589db,,ACTIVE,,,,,https://res.cloudinary.com/nigittriple/image/upload/v1781179454/nigittriple/general/xii7blbt2yrvtvx7yixg.jpg,,,,,,,,,,,,,,1,g,45,100,,1,250|300|500|600|750|900|1000|1100|1200,,[]
NAPOLI SALAMI HOT,napoli-salami-hot,N-17D2D,0004,COLD CUTS ,,45000,,,0,10,6a2aa16e1db676e4fc7589db,,ACTIVE,,,,,https://res.cloudinary.com/nigittriple/image/upload/v1781179258/nigittriple/general/ti1ethyqokdberbpte4s.jpg,,,,,,,,,,,,,,1,g,45,100,,1,250|300|500|600|750|900|1000|1100|1200,,[]
SPIANATA ROMANA SALAMI HOT,spianata-romana-salami-hot,S-B6560,0003,COLD CUTS ,,40000,,,0,10,6a2aa16e1db676e4fc7589db,,ACTIVE,,,,,https://res.cloudinary.com/nigittriple/image/upload/v1781179101/nigittriple/general/h1qvcdmim1cu4dgcte4s.jpg,,,,,,,,,,,,,,1,g,40,100,,1,250|300|500|600|750|900|1000|1100|1200,,[]
PARMA HAM (RAW HAM),parma-ham-raw-ham,PARHAMRA-FD54C,0002,COLD CUTS,,50000,,,0,10,6a2aa16e1db676e4fc7589db,,ACTIVE,,,,,https://res.cloudinary.com/nigittriple/image/upload/v1781178880/nigittriple/general/mg0n8ae5m3aro9cerodn.jpg,,,,,,,,,,,,,,1,g,50,100,,1,150|200|250|300|500|700|800|1000|1100|1200,,[]
COOKED HAM SLICED ,cooked-ham-sliced-,C-B8643,0001,COLD CUTS,,30000,,,0,10,6a2aa16e1db676e4fc7589db,,ACTIVE,,,,,https://res.cloudinary.com/nigittriple/image/upload/v1781178740/nigittriple/general/gmzyonrbdmmsqnx46kya.jpg,,,,,,,,,,,,,,1,g,30,100,,1,250|300|500|600|750|900|1000|1100|1200,,[]
GRANA CHEESE ,grana-cheese-,F-FED95,0001,PARMESAN CHEESE,,50000,,,0,10,6a2810f28cca8e82232c476f,,ACTIVE,,,,,https://res.cloudinary.com/nigittriple/image/upload/v1781181480/nigittriple/general/cjvd9cw63ti0jhbvnz34.jpg|https://res.cloudinary.com/nigittriple/image/upload/v1781181480/nigittriple/general/bxwuqilxtvfxea41jmto.jpg,,,,,,,,,,,,,,1,g,50,500,,1,500|650|750|1000,,[]
MINCED MEAT  IMPORTED GR 1000,minced-meat-imported-gr-1000,MINMEAGR-8AD20,25801520215,FROZEN MEAT,,19000,,,2,2,6a2810f28cca8e82232c476f,,ACTIVE,,,,,https://res.cloudinary.com/nigittriple/image/upload/v1781255647/nigittriple/general/fqqc7r1wykgseuqv98a4.jpg,,,,1,,,,,,,,,,,,,,,,,,[]
MIX PUFF PASTRY SNACKS,mix-puff-pastry-snacks,M-7E129,26052210582,SNACKS,,31000,,,1,10,69e5aa4a40cdaab22a0a1afe,,ACTIVE,,,,,https://res.cloudinary.com/nigittriple/image/upload/v1781258442/nigittriple/general/mx4fkwy6xihd1hymxqpr.jpg,,,,1,,,,,,,,,,,,,,,,,,[]
BUFFET APPETIZER ASSORTED 1KG,buffet-appetizer-assorted-1kg,B-B6BA9,26052210581,APPETTIZER,,31000,,,3,10,69e5aa5240cdaab22a0a1b05,,ACTIVE,,,,,https://res.cloudinary.com/nigittriple/image/upload/v1781258275/nigittriple/general/bianvbuihlpm9h1ebymg.jpg,,,,1,,,,,,,,,,,,,,,,,,[]
BOCCONCINO MELENZANE 1KG,bocconcino-melenzane-1kg,B-96530,8033622370888,ITALIAN BAKERY,,28000,,,4,10,69e5aa4140cdaab22a0a1af6,69e5ac02e318e71f08831550,ACTIVE,,,,,https://res.cloudinary.com/nigittriple/image/upload/v1781264896/nigittriple/general/gnqdiimoih0jtdth4nth.jpg,,,,1,,,,,,,,,,,,,,,,,,[]
SAN GIORGIO ARANCINO BAG 2500G,san-giorgio-arancino-bag-2500g,S-C44A2,8033622370765,SAN GIORGIO,,40000,,,2,10,6a2810f28cca8e82232c476f,69e5ac02e318e71f08831550,ACTIVE,,,,,https://res.cloudinary.com/nigittriple/image/upload/v1781264830/nigittriple/general/zmbyfo8rtpwlonzhxevc.jpg,,,,1,,,,,,,,,,,,,,,,,,[]
test run,test-run,T-1792E,001,test run,,10,,,1,10,69e5aa4940cdaab22a0a1afd,,ACTIVE,,,,,,,,,1,,,,,,,,,,,,,,,,,,[]
ARTIGIANA DRY TOMATOES,artigiana-dry-tomatoes,A-4E1F2,0000004,,,22000,,,2300,10,69e5aa4a40cdaab22a0a1afe,,ACTIVE,,,,,,,,,1,,,,,,,,,,1,g,22,100,,100,100,,[]
MILANO SALAMI ,milano-salami-,M-C60E0,00010,SLICE COLD CUTS,,40000,,,0,1,6a2aa16e1db676e4fc7589db,,ACTIVE,,,,,https://res.cloudinary.com/nigittriple/image/upload/v1781180550/nigittriple/general/d7cunxsbbzmzmniylswk.jpg,,,,1,,,,,,,,,,1,g,40,100,,1,250|300|500|600|750|900|1000|1100|1200,,[]
SIMMENTHAL 70G,simmenthal-70g,S-1B051,80019404,SAUCE,,2650,,,2,10,69e5aa4340cdaab22a0a1af8,,ACTIVE,,,,,https://res.cloudinary.com/nigittriple/image/upload/v1781104028/nigittriple/general/aakhicrkqv37a7mi67rt.jpg,,,,1,,,,,,,,,,,,,,,,,,[]
FUSILLI  PASTA DI GRAGNANO IGP 500G,garofalove-pasta-di-gragnano-igp-500g,G-53BC9,8000139004636,PASTA,,4250,,,0,10,69e5aa4140cdaab22a0a1af6,69e5aa7440cdaab22a0a1b1e,ACTIVE,,,,,https://res.cloudinary.com/nigittriple/image/upload/v1781107851/nigittriple/general/utdrhqvcaagoyj98ipge.jpg,,,,1,,,,,,,,,,,,,,,,,,[]
GRANORO PAPPARDELLE ALL UOVO 500G,granoro-pappardelle-all-uovo-500g,G-7D987,8007290231222,PASTA,,4500,,,11,10,69e5aa4140cdaab22a0a1af6,69e5aa7240cdaab22a0a1b1d,ACTIVE,,,,,https://res.cloudinary.com/nigittriple/image/upload/v1781108557/nigittriple/general/kfnsgnq7nmleaitq8gly.jpg,,,,1,,,,,,,,,,,,,,,,,,[]
GRANORO TAGLEATTELLE EGG 500G,granoro-da-sfoglia-ruvida-500g,G-C0721,8007290231161,PASTA,,4500,,,5,10,69e5aa4140cdaab22a0a1af6,69e5aa7240cdaab22a0a1b1d,ACTIVE,,,,,https://res.cloudinary.com/nigittriple/image/upload/v1781107903/nigittriple/general/jur4trjwwvjofeyh9qt8.jpg,,,,1,,,,,,,,,,,,,,,,,,[]
ZAROTTI CLAMS IN SEA WATER 110G,zarotti-110g,Z-3C274,8017384052107,SAUCE,,7000,,,27,10,69e5aa4340cdaab22a0a1af8,69e5aaa140cdaab22a0a1b45,ACTIVE,,,,,https://res.cloudinary.com/nigittriple/image/upload/v1781107936/nigittriple/general/ts0vlhkzzzyqaernrhop.jpg,,,,1,,,,,,,,,,,,,,,,,,[]
BEANS CANNELLINI 360G,fagioli-cannellini-360g,F-F36B7,8001440123856,SAUCE,,3500,,,18,10,69e5aa4340cdaab22a0a1af8,69e5aa8e40cdaab22a0a1b34,ACTIVE,,,,,https://res.cloudinary.com/nigittriple/image/upload/v1781107980/nigittriple/general/spdyi46jun5jnqsitmzg.jpg,,,,1,,,,,,,,,,,,,,,,,,[]
PASTA MISTA 500G,trafilatura-classica,T-BC161,8007290001511,PASTA,,2800,,,11,10,69e5aa4140cdaab22a0a1af6,69e5aa7240cdaab22a0a1b1d,ACTIVE,,,,,https://res.cloudinary.com/nigittriple/image/upload/v1781108487/nigittriple/general/spjf6gfxuenv5rtrfpgr.jpg,,,,1,,,,,,,,,,,,,,,,,,[]
CASARECCIA PASSATA DI POMODORO 690G,casareccia-passata-di-pomodoro-690g,C-93840,8003889000743,SAUCE,,3425,,,0,10,69e5aa4340cdaab22a0a1af8,,ACTIVE,,,,,https://res.cloudinary.com/nigittriple/image/upload/v1781108058/nigittriple/general/ljkap2n8rrusej5ptlil.jpg,,,,1,,,,,,,,,,,,,,,,,,[]
PORCINI MUSHROOM TRUFFLE SAUCE 180G,martelli-fabian-180g,M-0C45E,8055271500058,SAUCE,,24450,,,6,10,69e5aa4340cdaab22a0a1af8,,ACTIVE,,,,,https://res.cloudinary.com/nigittriple/image/upload/v1781108111/nigittriple/general/asm8jzpmfrensgrwtz9n.jpg,,,,1,,,,,,,,,,,,,,,,,,[]
BALSAMIC VINEGAR GLAZE FIGS 300G,fico-300g,F-D3825,8023003931951,SAUCE,,21750,,,2,10,69e5aa4340cdaab22a0a1af8,,ACTIVE,,,,,https://res.cloudinary.com/nigittriple/image/upload/v1781108182/nigittriple/general/cqsuek8jpzjmjehpit6u.jpg,,,,1,,,,,,,,,,,,,,,,,,[]
BALSAMIC VINEGAR GLAZE STRAWBERRY 300G,fragola-300g,F-14DAF,8023003933757,SAUCE,,21750,,,3,10,69e5aa4340cdaab22a0a1af8,69e5aaa540cdaab22a0a1b48,ACTIVE,,,,,https://res.cloudinary.com/nigittriple/image/upload/v1781108322/nigittriple/general/jz8fnnpyk0wpoa4sp39r.jpg,,,,1,,,,,,,,,,,,,,,,,,[]
BARILLA CONTADINO 300G,barilla-contadino-300g,B-6E4E2,8076809584593,SAUCE,,6700,,,0,10,69e5aa4340cdaab22a0a1af8,69e5aa7740cdaab22a0a1b21,ACTIVE,,,,,https://res.cloudinary.com/nigittriple/image/upload/v1781108533/nigittriple/general/smyymid4wr5yhqfeaddd.jpg,,,,1,,,,,,,,,,,,,,,,,,[]
LIGUORI SPAGHETTI 500G,liguori-spaghetti-500g,L-551FB,8008912010034,PASTA,,3500,,,13,10,69e5aa4140cdaab22a0a1af6,69e5aa6940cdaab22a0a1b16,ACTIVE,,,,,https://res.cloudinary.com/nigittriple/image/upload/v1781103775/nigittriple/general/az5qwt05jolttmwrpn3y.jpg,,,,1,,,,,,,,,,,,,,,,,,[]
RIO MARE GRILLED MACKAREL  120G,rio-mare-grigliati-120g,8-05EAA,8004030622005,FILETTI DI SGOMBRO,,7290,,,9,10,69e5aa4a40cdaab22a0a1afe,69e5aa9d40cdaab22a0a1b41,ACTIVE,,,,,https://res.cloudinary.com/nigittriple/image/upload/v1781108604/nigittriple/general/yadksatyxbmeguozlxjn.jpg,,,,1,,,,,,,,,,,,,,,,,,[]
MARTINI RED 1L,martini-red-1l,M-BAA2B,5010677915007,,,15600,,,0,1,69e5aa5340cdaab22a0a1b06,,ACTIVE,,,,,https://res.cloudinary.com/nigittriple/image/upload/v1781105677/nigittriple/general/hfvq4rdr7sbcag0bm4e9.jpg,,,,1,,,,,,,,,,,,,,,,,,[]
EXTRA VIRGIN OLIVE  OIL BIOLOGICO 75CL,olio-biologico-extra-virgin-oil,O-5031A,8003250002635,EXTRA VIRGIN OIL,,30000,,,0,10,69e5aa4540cdaab22a0a1afa,69e5aa8040cdaab22a0a1b28,ACTIVE,,,,,https://res.cloudinary.com/nigittriple/image/upload/v1781103704/nigittriple/general/yi4itiykojb3wk7iez30.jpg,,,,1,,,,,,,,,,,,,,,,,,[]
RUBY ROSE GRAPEFRUIT 75CL,ruby-rose-grapefruit-75cl,T-82008,087872643122,,,16000,,,11,5,69e5aa4f40cdaab22a0a1b02,69e5abfde318e71f0883154c,ACTIVE,,,,,https://res.cloudinary.com/nigittriple/image/upload/v1781103547/nigittriple/general/ojvvu0fefsonhbh3sqwp.jpg,,,,1,,,,,,,,,,,,,,,,,,[]
CAMINO TEQUILA 750ML,camino-tequila-750ml,C-83E29,7501012914611,,,20900,,,1,1,69e5aa5340cdaab22a0a1b06,,ACTIVE,,,,,https://res.cloudinary.com/nigittriple/image/upload/v1781105646/nigittriple/general/orjtcf7kj6rnqp5sjm7i.jpg,,,,1,,,,,,,,,,,,,,,,,,[]
EL PINGUINO TUNA CHUNKS BAG 1KG,el-pinguino-1kg,E-8B7F3,8425930024155,CANNED FOOD,,21000,,,2,10,69e5aa4440cdaab22a0a1af9,,ACTIVE,,,,,https://res.cloudinary.com/nigittriple/image/upload/v1781108734/nigittriple/general/dn4icklcedwds8arx57v.jpg,,,,1,,,,,,,,,,,,,,,,,,[]
SKYY VODKA ORIGINAL 1L,skyy-vodka-original-1l,S-5B4C2,8000040001007,,,22000,,,1,1,69e5aa5340cdaab22a0a1b06,,ACTIVE,,,,,https://res.cloudinary.com/nigittriple/image/upload/v1781105605/nigittriple/general/lwpsgvkgd9fv8wwoku4e.jpg,,,,1,,,,,,,,,,,,,,,,,,[]
GREY GOOSE VODKA ORANGE  1L,grey-goose-vodka-orange-1l,G-A5E1E,080480281021,,,42000,,,0,1,69e5aa5340cdaab22a0a1b06,,ACTIVE,,,,,https://res.cloudinary.com/nigittriple/image/upload/v1781105541/nigittriple/general/tcobkm0glulaaqveog3i.jpg,,,,1,,,,,,,,,,,,,,,,,,[]
GRANORO NIDI DI TAGLIATELLE 500G,granoro-nidi-di-tagliatelle-500g,G-F7F5F,8007290330819,ITALIAN PASTA,,4500,,,3,10,69e5aa4140cdaab22a0a1af6,,ACTIVE,,,,,https://res.cloudinary.com/nigittriple/image/upload/v1781107740/nigittriple/general/qyz0aobqxda94mk6x6vk.jpg,,,,1,,,,,,,,,,,,,,,,,,[]
WHITLEY NEILL DRY GIN ORIGINAL 70CL,whitley-neill-dry-gin-original-70cl,D-9E0B9,5011166052845,,,18000,,,1,1,69e5aa5340cdaab22a0a1b06,,ACTIVE,,,,,https://res.cloudinary.com/nigittriple/image/upload/v1781104305/nigittriple/general/bplwvrw29y5jkn4mvhim.jpg,,,,1,,,,,,,,,,,,,,,,,,[]
GRANORO FETTUCCINE ALL UOVO 500G,granoro-fettuccine-all-uovo-500g,G-1576E,8007290231185,ITALIAN PASTA,,4500,,,10,10,69e5aa4140cdaab22a0a1af6,,ACTIVE,,,,,https://res.cloudinary.com/nigittriple/image/upload/v1781102969/nigittriple/general/jc63kkofkrsvszrezqwf.jpg,,,,1,,,,,,,,,,,,,,,,,,[]
SAMBUCA EXTRA 1L,sambuca-extra-1l,8-BA331,8002095200039,,,42000,,,4,2,69e5aa5340cdaab22a0a1b06,69e5ac3ae318e71f0883157f,ACTIVE,,,,,https://res.cloudinary.com/nigittriple/image/upload/v1781102910/nigittriple/general/tjegimohunhvkjwdby42.jpg,,,,1,,,,,,,,,,,,,,,,,,[]
S SWEET WINE PINK 75CL,s-sweet-wine-pink-75cl,P-79426,087872632232,,,16000,,,7,5,69e5aa4f40cdaab22a0a1b02,69e5abfde318e71f0883154c,ACTIVE,,,,,https://res.cloudinary.com/nigittriple/image/upload/v1781102877/nigittriple/general/rzeuc5jywthbpfonjnkj.jpg,,,,1,,,,,,,,,,,,,,,,,,[]
FETTUCCINE A NIDO LIGUORI 500G,fettuccine-a-nido-liguori-500g,8-BE7D3,8008912010195,ITALIAN PASTA,,5750,,,1,10,69e5aa4140cdaab22a0a1af6,,ACTIVE,,,,,https://res.cloudinary.com/nigittriple/image/upload/v1781108823/nigittriple/general/wtnz04pwegar6leceu1s.jpg,,,,1,,,,,,,,,,,,,,,,,,[]
CAMPARI BITTERS 1L,campari-bitters-1l,C-4154A,8000040000802,,,32850,,,1,10,69e5aa5340cdaab22a0a1b06,,ACTIVE,,,,,https://res.cloudinary.com/nigittriple/image/upload/v1781105710/nigittriple/general/d0ojyha98wovdmwfmh27.jpg,,,,1,,,,,,,,,,,,,,,,,,[]
PROSECCO EXTRA DRY 75CL,prosecco-extra-dry-75cl,P-38C61,8005358000070,,,46950,,,1,1,69e5aa4f40cdaab22a0a1b02,69e5aad940cdaab22a0a1b75,ACTIVE,,,,,https://res.cloudinary.com/nigittriple/image/upload/v1781102648/nigittriple/general/la4mu0d7luuajwlyfzmw.jpg,,,,1,,,,,,,,,,,,,,,,,,[]
FARFALLINE LIGUORI 500G,farfalline-liguori-500g,F-2AA1B,8008912010850,ITALIAN PASTA,,3500,,,11,10,69e5aa4140cdaab22a0a1af6,,ACTIVE,,,,,https://res.cloudinary.com/nigittriple/image/upload/v1781102577/nigittriple/general/dorxc11qt0spnwzeeps8.jpg,,,,1,,,,,,,,,,,,,,,,,,[]
PROSECCO ROSE VS SPARKLING 75CL,prosecco-rose-vs-sparkling-75cl,P-37C37,087872638715,,,22000,,,3,3,69e5aa4f40cdaab22a0a1b02,69e5abfde318e71f0883154c,ACTIVE,,,,,https://res.cloudinary.com/nigittriple/image/upload/v1781102519/nigittriple/general/tdal7kbhbdiggroctd3b.jpg,,,,1,,,,,,,,,,,,,,,,,,[]
WHITE WINE CHARDONNAY 75CL,white-wine-chardonnay-75cl,W-F4E6C,8003930111121,,,21000,,,6,2,69e5aa4f40cdaab22a0a1b02,69e5aadb40cdaab22a0a1b77,ACTIVE,,,,,https://res.cloudinary.com/nigittriple/image/upload/v1781102463/nigittriple/general/vbdud2gns1dsrwhmn2mj.jpg,,,,1,,,,,,,,,,,,,,,,,,[]
NIPIOL APPLES  160G,nipiol-mela-160g,N-D3405,8001040093696,BABY FOOD,,4500,,,24,10,69e5aa4c40cdaab22a0a1b00,69e5aab340cdaab22a0a1b55,ACTIVE,,,,,https://res.cloudinary.com/nigittriple/image/upload/v1781108877/nigittriple/general/twr3k1ulscha7hg4nm46.jpg,,,,1,,,,,,,,,,,,,,,,,,[]
PROSECCO CORDERIE 75CL,prosecco-corderie-75cl,P-9CF4A,8003905042351,,,23400,,,4,2,69e5aa5040cdaab22a0a1b03,69e5aad740cdaab22a0a1b73,ACTIVE,,,,,https://res.cloudinary.com/nigittriple/image/upload/v1781102394/nigittriple/general/wxmnlsuanz3aqxrkizr4.jpg,,,,1,,,,,,,,,,,,,,,,,,[]
MELLIN BANANA 200G,mellin-banana-200g,M-78441,8000050533703,BABY FOOD,,5500,,,22,10,69e5aa4c40cdaab22a0a1b00,69e5aab240cdaab22a0a1b54,ACTIVE,,,,,https://res.cloudinary.com/nigittriple/image/upload/v1781107636/nigittriple/general/rw7eiy8neewb0cgiw3em.jpg,,,,1,,,,,,,,,,,,,,,,,,[]
FASHION VICTIM SPARKLING MOSCATO 75CL,fashion-victim-sparkling-moscato-75cl,F-C07FA,8003905041064,,,17200,,,6,2,69e5aa5040cdaab22a0a1b03,69e5aad740cdaab22a0a1b73,ACTIVE,,,,,https://res.cloudinary.com/nigittriple/image/upload/v1781102322/nigittriple/general/co3494nhm6uibfcpkwke.jpg,,,,1,,,,,,,,,,,,,,,,,,[]
GRANDE CUVEE SPUMANTE EXTRA DRY 75CL,grande-cuvee-spumante-extra-dry-75cl,G-967AF,`8005358000087,,,41000,,,5,2,69e5aa4f40cdaab22a0a1b02,69e5aad940cdaab22a0a1b75,ACTIVE,,,,,https://res.cloudinary.com/nigittriple/image/upload/v1781102285/nigittriple/general/tugukyw6zkqa3cw7y6g0.jpg,,,,1,,,,,,,,,,,,,,,,,,[]
GASTONE TART BERRIES 40G,gastone-tart-berries-40g,T-42370,80073895,TART,,750,,,195,5,69e5aa3f40cdaab22a0a1af5,69e5aa6340cdaab22a0a1b12,ACTIVE,,,,,https://res.cloudinary.com/nigittriple/image/upload/v1781102184/nigittriple/general/pot8dfwdzd1zsidynrct.jpg,,,,1,,,,,,,,,,,,,,,,,,[]
SEMOLA RIMACIANTA 5KG,semola-rimacianta-5kg,8-8B831,8033971741094,,,14800,,,0,2,69e5aa4240cdaab22a0a1af7,69e5aa7140cdaab22a0a1b1c,ACTIVE,,,,,https://res.cloudinary.com/nigittriple/image/upload/v1781102137/nigittriple/general/gvfrpciabvv0mbmy1uwy.jpg,,,,1,,,,,,,,,,,,,,,,,,[]
HERO BEER CAN 33CL,hero-beer-can-33cl,H-50F8B,6156000086484,BEER,,900,,,16,2,69e5aa5340cdaab22a0a1b06,,ACTIVE,,,,,https://res.cloudinary.com/nigittriple/image/upload/v1781102084/nigittriple/general/knldfkzs1tzsjfgpcyle.jpg,,,,1,,,,,,,,,,,,,,,,,,[]
GREEN MUSSEL WITH SHELL 1KG,green-mussel-1kg,G-A9229,26250514901,FROZEN SEA FOOD,,23000,,,2,10,6a2810f28cca8e82232c476f,,ACTIVE,,,,,https://res.cloudinary.com/nigittriple/image/upload/v1781109168/nigittriple/general/h97ycdw1uuegxo3dojt2.jpg|https://res.cloudinary.com/nigittriple/image/upload/v1781109168/nigittriple/general/g8silrgcl0cwmnray3pa.jpg,,,,1,,,,,,,,,,,,,,,,,,[]
PORETTI NO5,poretti-no5,P-5C331,8007950012253,BEER,,2500,,,1,1,69e5aa5340cdaab22a0a1b06,,ACTIVE,,,,,,,,,1,,,,,,,,,,,,,,,,,,[]
PERONI BEER GLUTEN FREE 33CL,peroni-beer-gluten-free-33cl,P-4477F,8008440010308,BEER,,2200,,,0,10,69e5aa5340cdaab22a0a1b06,,ACTIVE,,,,,https://res.cloudinary.com/nigittriple/image/upload/v1781101911/nigittriple/general/sbrarefrducegnitbcka.jpg,,,,1,,,,,,,,,,,,,,,,,,[]
SHOWER GEL GIORGIO MIRANI 1L,shower-gel-giorgio-mirani-1l,S-A35B1,655498700804,,,6875,,,1,2,6a2827a935d71b0dfe246a76,,ACTIVE,,,,,,,,,1,,,,,,,,,,,,,,,,,,[]
SHOWER GEL 1212 SEXY 1L,shower-gel-1212-sexy-1l,S-ADD83,655498700842,,,6875,,,3,2,6a2827a935d71b0dfe246a76,,ACTIVE,,,,,https://res.cloudinary.com/nigittriple/image/upload/v1781101826/nigittriple/general/ybkib71mvxmpwpklnzlj.jpg,,,,1,,,,,,,,,,,,,,,,,,[]
SHOWER GEL BACCARAT ROMANTIC 1L,shower-gel-baccarat-romantic-1l,M-861B4,655498700880,,,6875,,,2,2,69e5aa5240cdaab22a0a1b05,,ACTIVE,,,,,,,,,1,,,,,,,,,,,,,,,,,,[]
CHINESE ICE FISH 200G,chinese-ice-fish-200g,C-6C8C2,8436607573241,SEA FOOD,,7200,,,7,10,6a2810f28cca8e82232c476f,,ACTIVE,,,,,,,,,1,,,,,,,,,,,,,,,,,,[]
CIF KITCHEN SPRAY LEMON 650ML,cif-kitchen-spray-lemon-650ml,C-CED32,8720182303110,,,7000,,,24,4,69e5aa5240cdaab22a0a1b05,69e5aafe40cdaab22a0a1b94,ACTIVE,,,,,https://res.cloudinary.com/nigittriple/image/upload/v1781101772/nigittriple/general/apm8sal75bomevjmbidu.jpg,,,,1,,,,,,,,,,,,,,,,,,[]
FROZEN CLAM 1KG,frozen-clam-1kg,F-0D643,8436565911031,SEA FOOD,,18000,,,4,10,6a2810f28cca8e82232c476f,,ACTIVE,,,,,,,,,1,,,,,,,,,,,,,,,,,,[]
SHRIMPS AND CRAB STICK MIX 500G,shrimps-500g,S-EE0F0,8001179010069,SEA FOOD,,12100,,,2,10,6a2810f28cca8e82232c476f,,ACTIVE,,,,,https://res.cloudinary.com/nigittriple/image/upload/v1781107534/nigittriple/general/qqjyqlxmee4fan8vko85.jpg,,,,1,,,,,,,,,,,,,,,,,,[]
BOSCAIOLA SAUCE 960G,boscaiola-sauce-960g,B-BA228,8056515247333,,,23400,,,3,1,69e5aa4340cdaab22a0a1af8,69e5aa7f40cdaab22a0a1b27,ACTIVE,,,,,https://res.cloudinary.com/nigittriple/image/upload/v1781101706/nigittriple/general/mach0ihkjlbqbjahpqri.jpg,,,,1,,,,,,,,,,,,,,,,,,[]
GOURMET MAYONAISE 960G,gourmet-mayonaise-960g,8-F4562,8056515242222,,,9100,,,6,2,69e5aa4340cdaab22a0a1af8,69e5aa7f40cdaab22a0a1b27,ACTIVE,,,,,,,,,1,,,,,,,,,,,,,,,,,,[]
DANO COOL COW POWDER MILK 750G,dano-cool-cow-powder-milk-750g,D-31D2C,5760466987073,POWDER MILK,,8450,,,7,2,69e5aa3d40cdaab22a0a1af3,,ACTIVE,,,,,https://res.cloudinary.com/nigittriple/image/upload/v1781101645/nigittriple/general/qcbvv9alzrmiygzdpnqj.jpg,,,,1,,,,,,,,,,,,,,,,,,[]
WATERMELON CAN 250ML,watermelon-can-250ml,W-4916B,087872683180,,,3500,,,5,2,69e5aa5340cdaab22a0a1b06,69e5abfde318e71f0883154c,ACTIVE,,,,,https://res.cloudinary.com/nigittriple/image/upload/v1781101577/nigittriple/general/bbh9dmm39rrxhtu3hxjn.jpg,,,,1,,,,,,,,,,,,,,,,,,[]
PEACH CAN 250ML,peach-can-250ml,P-511ED,087872683241,,,3500,,,6,2,69e5aa5340cdaab22a0a1b06,69e5abfde318e71f0883154c,ACTIVE,,,,,https://res.cloudinary.com/nigittriple/image/upload/v1781101491/nigittriple/general/vlpkdc7pqs9nuppqr5sk.jpg,,,,1,,,,,,,,,,,,,,,,,,[]
BLUBERRY CAN 250ML,bluberry-can-250ml,B-28519,087872683142,,,3500,,,1,2,69e5aa5340cdaab22a0a1b06,69e5abfde318e71f0883154c,ACTIVE,,,,,https://res.cloudinary.com/nigittriple/image/upload/v1781101337/nigittriple/general/snnxgvjhjjr43m8ofai1.jpg,,,,1,,,,,,,,,,,,,,,,,,[]
PINEAPPLE CAN 250ML,pineapple-can-250ml,P-36B19,087872683128,,,3500,,,2,3,69e5aa5340cdaab22a0a1b06,69e5abfde318e71f0883154c,ACTIVE,,,,,https://res.cloudinary.com/nigittriple/image/upload/v1781087630/nigittriple/general/xlnjadnq39jkdiazgz6y.jpg,,,,1,,,,,,,,,,,,,,,,,,[]
KERRYGOLD POWDER MILK 770G,kerrygold-powder-milk-770g,K-CCD4C,5011038139346,INSTANT ,,11000,,,12,2,69e5aa3d40cdaab22a0a1af3,,ACTIVE,,,,,https://res.cloudinary.com/nigittriple/image/upload/v1781081867/nigittriple/general/xwjrggumi1zamaobuoll.jpg,,,,1,,,,,,,,,,,,,,,,,,[]
BLACK CHERRY CAN 250ML,black-cherry-can-250ml,B-1B05A,087872683203,,,3500,,,5,2,69e5aa5340cdaab22a0a1b06,69e5abfde318e71f0883154c,ACTIVE,,,,,https://res.cloudinary.com/nigittriple/image/upload/v1781081791/nigittriple/general/pavfyvvl27lk8uu4p7g4.jpg,,,,1,,,,,,,,,,,,,,,,,,[]
GRAPEFRUIT CAN 250ML,grapefruit-can-250ml,G-EF96D,087872683104,5%,,3500,,,7,5,69e5aa5340cdaab22a0a1b06,69e5abfde318e71f0883154c,ACTIVE,,,,,https://res.cloudinary.com/nigittriple/image/upload/v1781081751/nigittriple/general/cdg9z3ylvsgactuu8wtc.jpg,,,,1,,,,,,,,,,,,,,,,,,[]
MOZZARELLA BUFFALO 125G,mozzarella-buffalo-125g,M-6A469,8016558000227,CHEESE,,7300,,,12,10,6a2810f28cca8e82232c476f,,ACTIVE,,,,,https://res.cloudinary.com/nigittriple/image/upload/v1784794139/nigittriple/general/cqbtzbl4gvmrglqdqcqa.jpg,,,,1,,,,,,,,,,,,,,,,,,[]
SUCCOSO CARROTS LEMON ORANGE 400ML,succoso-carrots-lemon-orange-400ml,S-F9E9F,8001620015612,FRESH ,,2500,,,12,2,69e5aa5140cdaab22a0a1b04,69e5aab540cdaab22a0a1b56,ACTIVE,,,,,https://res.cloudinary.com/nigittriple/image/upload/v1781081689/nigittriple/general/a1oypkk8jflgcbyoootq.jpg,,,,1,,,,,,,,,,,,,,,,,,[]
MOZZARELLA CHERRY SIZE 100% COW MILK 125G,mozzarella-ball-125g,M-DFB35,8011407008881,CHEESE,,5500,,,11,10,6a2810f28cca8e82232c476f,,ACTIVE,,,,,https://res.cloudinary.com/nigittriple/image/upload/v1781105283/nigittriple/general/e3nldqn6ivis8gsoymcy.jpg,,,,1,,,,,,,,,,,,,,,,,,[]
MULTI VITAMINS 1L,multi-vitamins-1l,M-5CBDB,8001440136207,FRESH JUICE,,4000,,,3,10,69e5aa5140cdaab22a0a1b04,69e5aae040cdaab22a0a1b7b,ACTIVE,,,,,https://res.cloudinary.com/nigittriple/image/upload/v1781081647/nigittriple/general/gxlk0j0vpnwxgzhnpklx.jpg,,,,1,,,,,,,,,,,,,,,,,,[]
SORRENTINA MOZZARELLA CHERRY SIZE  500G,mozzarella-cherry-500g,M-5906F,8011407008874,CHEESE,,13500,,,10,10,6a2810f28cca8e82232c476f,,ACTIVE,,,,,https://res.cloudinary.com/nigittriple/image/upload/v1781105212/nigittriple/general/mzng4w8lb9d0azpl1oih.jpg,,,,1,,,,,,,,,,,,,,,,,,[]
FETTUCCINE NO133 500G,fettuccine-no133-500g,T-CC759,8008912010195,PASTA ,,5750,,,10,5,69e5aa4140cdaab22a0a1af6,69e5aa6940cdaab22a0a1b16,ACTIVE,,,,,https://res.cloudinary.com/nigittriple/image/upload/v1781081601/nigittriple/general/uiynflsqtefjfpg8pp88.jpg,,,,1,,,,,,,,,,,,,,,,,,[]
ITAL BUTTER UNSALTED BUTTER 250G,burro-butter-250g,B-D0ADD,8032947330027,CHEESE,,6000,,,29,10,6a2810f28cca8e82232c476f,,ACTIVE,,,,,https://res.cloudinary.com/nigittriple/image/upload/v1781105113/nigittriple/general/cmrugdeflqqqqsqvyewk.jpg,,,,1,,,,,,,,,,,,,,,,,,[]
MULTI USE GLOVES,multi-use-gloves,V-023A2,4023103073937,GLOVES,,3800,,,1,2,69e5aa5240cdaab22a0a1b05,69e5aaf640cdaab22a0a1b8e,ACTIVE,,,,,https://res.cloudinary.com/nigittriple/image/upload/v1781081534/nigittriple/general/hikpfcgniljr1xhlykvl.jpg,,,,1,,,,,,,,,,,,,,,,,,[]
NON STICK OVEN BAGS 8S,non-stick-oven-bags-8s,N-D0B03,5287000448550,,,2850,,,4,2,69e5aa5240cdaab22a0a1b05,,ACTIVE,,,,,https://res.cloudinary.com/nigittriple/image/upload/v1781081489/nigittriple/general/ws4z9zfjkpqdp0isfvgb.jpg,,,,1,,,,,,,,,,,,,,,,,,[]
RICE KRISPIES 450G,rice-krispies-450g,R-126C8,6154000101046,,,3550,,,6,2,69e5aa3d40cdaab22a0a1af3,69e5aa5a40cdaab22a0a1b0c,ACTIVE,,,,,https://res.cloudinary.com/nigittriple/image/upload/v1781081446/nigittriple/general/gxdgvjzsaks93u9eo4k6.jpg,,,,1,,,,,,,,,,,,,,,,,,[]
SORRENTINA MOZZARELLA CHEESE SMOKED 1KG,mozzarella-provola-cheese-1kg,M-1EEE8,8052080430118,CHEESE,,23000,,,6,10,6a2810f28cca8e82232c476f,,ACTIVE,,,,,https://res.cloudinary.com/nigittriple/image/upload/v1781104907/nigittriple/general/jy0uf6iyomqfe1j3munj.jpg,,,,1,,,,,,,,,,,,,,,,,,[]
CORN FLAKES 345G,corn-flakes-345g,C-2C259,6154000317850,CEREALS ,,3770,,,7,2,69e5aa3d40cdaab22a0a1af3,69e5aa5a40cdaab22a0a1b0c,ACTIVE,,,,,https://res.cloudinary.com/nigittriple/image/upload/v1781081381/nigittriple/general/qnngghsesinhsy1tpa4h.jpg,,,,1,,,,,,,,,,,,,,,,,,[]
BURRATA CHEESE 125G,burratella-cheese-125g,B-7B128,60307712,CHEESE,,7000,,,15,10,6a2810f28cca8e82232c476f,,ACTIVE,,,,,https://res.cloudinary.com/nigittriple/image/upload/v1781105039/nigittriple/general/ouwdqtzalljpa29ylf00.jpg,,,,1,,,,,,,,,,,,,,,,,,[]
WAFER POKER HAZELNUT 45G,wafer-poker-hazelnut-45g,W-C6C0A,8004800023018,WAFERS,,600,,,114,10,69e5aa3f40cdaab22a0a1af5,69e5aa6340cdaab22a0a1b12,ACTIVE,,,,,https://res.cloudinary.com/nigittriple/image/upload/v1781081319/nigittriple/general/yb7n7xznzcqmb8nl8teu.jpg,,,,1,,,,,,,,,,,,,,,,,,[]
FUSILLI ORGANIC 500G,fusilli-organic-500g,F-B659B,8007290133328,ORGANIC PASTA,,3300,,,7,2,69e5aa4140cdaab22a0a1af6,69e5aa7240cdaab22a0a1b1d,ACTIVE,,,,,https://res.cloudinary.com/nigittriple/image/upload/v1781081244/nigittriple/general/hpezzfb8r1fz595rgqrt.jpg,,,,1,,,,,,,,,,,,,,,,,,[]
MASCARPONE  CHEESE  500G,mascarpone-frozen-500g,M-57ADB,8006663006597,CHEESE,,15000,,,16,10,6a2810f28cca8e82232c476f,,ACTIVE,,,,,https://res.cloudinary.com/nigittriple/image/upload/v1781104954/nigittriple/general/x7pri3zf6wfbt1dngaav.jpg,,,,1,,,,,,,,,,,,,,,,,,[]
MEZZI RIGATONI DEMETER 400G,mezzi-rigatoni-demeter-400g,P-BE6EB,8008912528386,ORGANIC PASTA,,5000,,,5,2,69e5aa4140cdaab22a0a1af6,69e5aa6940cdaab22a0a1b16,ACTIVE,,,,,https://res.cloudinary.com/nigittriple/image/upload/v1781081120/nigittriple/general/arprbc7d7tezroprayh8.jpg,,,,1,,,,,,,,,,,,,,,,,,[]
delifrolle cookies no sugar added 320G,delifrolle-cookies-no-sugar-added-320g,D-757B6,8004800006875,,,4500,,,0,3,69e5aa3f40cdaab22a0a1af5,69e5aa6340cdaab22a0a1b12,ACTIVE,,,,,https://res.cloudinary.com/nigittriple/image/upload/v1781081065/nigittriple/general/yhg3b1plkdl1qqoy3ikk.jpg,,,,1,,,,,,,,,,,,,,,,,,[]
SORRENTINA  MOZZARELLA CHEESE 1KG,smoked-mozzarella-cheese,S-AA6D0,8052080430545,CHEESE,,23000,,,4,10,6a2810f28cca8e82232c476f,69e5aafe40cdaab22a0a1b94,ACTIVE,,,,,https://res.cloudinary.com/nigittriple/image/upload/v1781104827/nigittriple/general/bembbuehexxtzco4ht5m.jpg,,,,1,,,,,,,,,,,,,,,,,,[]
FROLLINI CEREAL COOKIES 320G,frollini-cereal-cookies-320g,F-4A44D,8004800006813,,,4500,,,12,2,69e5aa3f40cdaab22a0a1af5,69e5aa6340cdaab22a0a1b12,ACTIVE,,,,,https://res.cloudinary.com/nigittriple/image/upload/v1781080253/nigittriple/general/zfzxad6qmpsh89gqq2zd.jpg,,,,1,,,,,,,,,,,,,,,,,,[]
CORVINO MOZZARELLA BLOCK CHEESE 1KG,mozzarella-block-cheese-1kg,M-13C94,8032484940970,CHEESE,,35600,,,0,10,6a2810f28cca8e82232c476f,69e5ab0240cdaab22a0a1b98,ACTIVE,,,,,https://res.cloudinary.com/nigittriple/image/upload/v1781104542/nigittriple/general/v6gvimodvb549avr0jh7.jpg,,,,1,,,,,,,,,,,,,,,,,,[]
MINI PARTY HAZELNUT SUGARFREE 125G,mini-party-hazelnut-sugarfree-125g,M-65687,8004800003614,WAFERS S.F.,,3100,,,22,2,69e5aa3f40cdaab22a0a1af5,69e5aa6340cdaab22a0a1b12,ACTIVE,,,,,https://res.cloudinary.com/nigittriple/image/upload/v1781080204/nigittriple/general/frd9bknztrpb8e5oisgc.jpg,,,,1,,,,,,,,,,,,,,,,,,[]
WAFER COCOA AND HAZELNUT CREAM 400G,wafer-cocoa-and-hazelnut-cream-400g,W-45D37,8004800002235,WAFERS,,5900,,,8,2,69e5aa3f40cdaab22a0a1af5,69e5aa6340cdaab22a0a1b12,ACTIVE,,,,,https://res.cloudinary.com/nigittriple/image/upload/v1781080075/nigittriple/general/auahbuyd4qusorfdtz0w.jpg,,,,1,,,,,,,,,,,,,,,,,,[]
WAFERS POKER LEMON 150G,wafers-poker-lemon-150g,W-7ABBE,8004800003799,WAFERS,,3500,,,21,2,69e5aa3f40cdaab22a0a1af5,69e5aa6340cdaab22a0a1b12,ACTIVE,,,,,https://res.cloudinary.com/nigittriple/image/upload/v1781079993/nigittriple/general/lldkfkf033ggevfeglnn.jpg,,,,1,,,,,,,,,,,,,,,,,,[]
DOUX CHICKEN FRANKS  SMOKED FLAVOUR 340G,chicken-franks-smoked-flavour-340g,3280316028937,3280316028937,DOUX SAUSAGE,,3000,,,26,5,6a2810f28cca8e82232c476f,69e5aaa040cdaab22a0a1b44,ACTIVE,,,,,https://res.cloudinary.com/nigittriple/image/upload/v1781104215/nigittriple/general/tispo9qgncpuxxjepmrs.jpg,,,,1,,,,,,,,,,,,,,,,,,[]
WAFER HAZELNUT 125G,wafer-hazelnut-double-pack-250g,W-8EBA4,8004800001726,WAFERS,,1900,,,32,10,69e5aa3f40cdaab22a0a1af5,69e5aa6340cdaab22a0a1b12,ACTIVE,,,,,https://res.cloudinary.com/nigittriple/image/upload/v1781079936/nigittriple/general/nankjlj1ihs0zxxmbccn.jpg,,,,1,,,,,,,,,,,,,,,,,,[]
WAFER VANILLA DOUBLE PACK 250G,wafer-vanilla-double-pack-250g,W-5BCC5,8004800001733,WAFERS,,3750,,,12,2,69e5aa3f40cdaab22a0a1af5,69e5aa6340cdaab22a0a1b12,ACTIVE,,,,,https://res.cloudinary.com/nigittriple/image/upload/v1781079881/nigittriple/general/jyzbhdw0bh3fwfbuedoy.jpg,,,,1,,,,,,,,,,,,,,,,,,[]
LADY FINGERS 400G,lady-fingers-400g,8-EBF6E,8000350000462,FOR TIRAMISU,,7850,,,5,2,69e5aa3f40cdaab22a0a1af5,69e5aa6740cdaab22a0a1b15,ACTIVE,,,,,https://res.cloudinary.com/nigittriple/image/upload/v1781079799/nigittriple/general/wrui2mmpksdxzxvgwi0q.jpg,,,,1,,,,,,,,,,,,,,,,,,[]
WAFER PARTY HAZELNUT 250G,wafer-party-hazelnut-250g,L-0600D,8004800002426,WAFERS,,5500,,,2,2,69e5aa3f40cdaab22a0a1af5,,ACTIVE,,,,,https://res.cloudinary.com/nigittriple/image/upload/v1781079737/nigittriple/general/dpxlf2n0gufh3mm3vkal.jpg,,,,1,,,,,,,,,,,,,,,,,,[]
CHICKEN FRANKS HOT SPICY 340G,chicken-franks-hot-spicy-340g,3280316014237,3280316014237,CHICKEN SAUSAGE ,,3000,,,0,22,6a2810f28cca8e82232c476f,69e5aa8740cdaab22a0a1b2e,ACTIVE,,,,,https://res.cloudinary.com/nigittriple/image/upload/v1781104085/nigittriple/general/cyrznravbskljvwrhtbx.jpg,,,,0.5,,,,,,,,,,,,,,,,,,[]
WAFER DOUBLE PACK COCOA 250G,wafer-double-pack-cocoa-250g,W-FFB59,8004800001719,WAFERS,,3750,,,10,5,69e5aa3f40cdaab22a0a1af5,69e5aa6340cdaab22a0a1b12,ACTIVE,,,,,https://res.cloudinary.com/nigittriple/image/upload/v1781079646/nigittriple/general/n7wvepdwaqo2supd3h6c.jpg,,,,1,,,,,,,,,,,,,,,,,,[]
WAFER  LEMON  125G,wafer-double-pack-250g,W-79CCE,8004800001740,WAFERS,,1900,,,38,5,69e5aa3f40cdaab22a0a1af5,69e5aa6340cdaab22a0a1b12,ACTIVE,,,,,https://res.cloudinary.com/nigittriple/image/upload/v1781079589/nigittriple/general/xjq2pujfndxqzwn3iuq5.jpg,,,,1,,,,,,,,,,,,,,,,,,[]
IMB PLASTIC CUPS 200S,imb-plastic-cups-200s,I-8BED0,8032642590177,COFFEE CUPS,,3500,,,23,4,69e5aa5240cdaab22a0a1b05,69e5aaf040cdaab22a0a1b89,ACTIVE,,,,,https://res.cloudinary.com/nigittriple/image/upload/v1781079518/nigittriple/general/ab7ziknn4xmd6zyojtcl.jpg,,,,1,,,,,,,,,,,,,,,,,,[]
GRILLED ZUCCHINI SLICES 780G,grilled-zucchini-slices-780g,G-49B01,8056515241584,TIN VEGETABLES,,15800,,,6,2,69e5aa4340cdaab22a0a1af8,69e5aa7f40cdaab22a0a1b27,ACTIVE,,,,,https://res.cloudinary.com/nigittriple/image/upload/v1781079463/nigittriple/general/levs3oscxmzbxnhz0yzc.jpg,,,,1,,,,,,,,,,,,,,,,,,[]
ANCHOVIES FILLETS IN OIL 700G,anchovies-fillets-in-oil-700g,8-17D51,8056515240587,ANCHOVIES,,44000,,,3,2,69e5aa4340cdaab22a0a1af8,69e5aa7f40cdaab22a0a1b27,ACTIVE,,,,,https://res.cloudinary.com/nigittriple/image/upload/v1781079364/nigittriple/general/gul0vj4mu8odhaf75wig.jpg,,,,1,,,,,,,,,,,,,,,,,,[]
MACINE BISCUITS 350G,macine-biscuits-350g,M-ED00C,8076809572897,BISCUITS,,5000,,,3,5,69e5aa3f40cdaab22a0a1af5,69e5aa6d40cdaab22a0a1b19,ACTIVE,,,,,https://res.cloudinary.com/nigittriple/image/upload/v1781079314/nigittriple/general/qaefrvpqddhilxsgqckm.jpg,,,,1,,,,,,,,,,,,,,,,,,[]
GALLETTI ,galletti-,8076809572873,8076809572873,BISCUITS ,,5500,,,0,10,69e5aa3f40cdaab22a0a1af5,,ACTIVE,,,,,https://res.cloudinary.com/nigittriple/image/upload/v1781079261/nigittriple/general/zb8zxuo09wgu4hzenzq7.jpg,,,,1,,,,,,,,,,,,,,,,,,[]
Meat,meat,M-22101,4fwfdv23,", khv,hvhj",,200,,,4,10,69e5aa4240cdaab22a0a1af7,,ACTIVE,,,,jhvjh,https://res.cloudinary.com/nigittriple/image/upload/v1781005807/nigittriple/general/gtvhgmpeclq5koixvs4o.png,,,,,,,,,,,,,,1,kg,100,1,,1,1|2|3,,[]
L & M Red,l-m-red,CXXX-L&-298047,028200309815,L & M Red by L & M is available in a standard carton of 10 packs. For adult smokers only. Smoking kills.,L & M L & M Red ? premium cigarette carton containing 10 packs.,23000,,,1,5,69e5aa5440cdaab22a0a1b07,69e5ac46e318e71f08831589,ACTIVE,,,,cigarettes|l & m|tobacco,https://res.cloudinary.com/nigittriple/image/upload/v1776616955/claude/l-m-red-309815.jpg,250g,5,USA,0.25,,,,,,,"Keep in a cool, dry place away from heat and moisture.",,,,,,,,,,,[]
Marlboro Red 10packs,marlboro-red-10packs,CXXX-MARRED-400877,7622100972518,Marlboro Red 10packs by Marlboro is available in a standard carton of 10 packs. For adult smokers only. Smoking kills.,Marlboro Marlboro Red 10packs ? premium cigarette carton containing 10 packs.,40000,,,3,5,69e5aa5440cdaab22a0a1b07,69e5ac45e318e71f08831588,ACTIVE,,,,cigarettes|marlboro|tobacco,https://res.cloudinary.com/nigittriple/image/upload/v1776616947/claude/marlboro-red-10packs-972518.jpg,250g,5,USA,0.25,,,,,,,"Keep in a cool, dry place away from heat and moisture.",,,,,,,,,,,[]
Marlboro Gold Light 10Packs,marlboro-gold-light-10packs,CXXX-MARGOL-462033,7622100918004,Marlboro Gold Light 10Packs by Marlboro is available in a standard carton of 10 packs. For adult smokers only. Smoking kills.,Marlboro Marlboro Gold Light 10Packs ? premium cigarette carton containing 10 packs.,40000,,,14,5,69e5aa5440cdaab22a0a1b07,69e5ac45e318e71f08831588,ACTIVE,,,,cigarettes|marlboro|tobacco,https://res.cloudinary.com/nigittriple/image/upload/v1776616939/claude/marlboro-gold-light-10packs-918004.jpg,250g,5,USA,0.25,,,,,,,"Keep in a cool, dry place away from heat and moisture.",,,,,,,,,,,[]
Beer Crystal Salt,beer-crystal-salt,ADXX-BEECRY-287122,8006890686319,Beer Crystal Salt by Messina is a premium quality beer available at NigiTriple Supermarket. Best served cold at 3?5?C.,Messina Beer Crystal Salt ? 500ml bottle of premium beer.,5100,,,0,5,69e5aa5340cdaab22a0a1b06,69e5ac44e318e71f08831587,OUT_OF_STOCK,,,,beer|messina|beer,https://res.cloudinary.com/nigittriple/image/upload/v1776616930/claude/beer-crystal-salt-686319.jpg,500ml,6,Italy,0.5,,,,,,,"Store upright in a cool, dark place away from direct sunlight.",,Gluten,,,,,,,,,[]
Beer Red Rosso,beer-red-rosso,ADXX-BEERED-318519,80876021,Beer Red Rosso by Moretti is a premium quality beer available at NigiTriple Supermarket. Best served cold at 3?5?C.,Moretti Beer Red Rosso ? 330ml bottle of premium beer.,3600,,,1,5,69e5aa5340cdaab22a0a1b06,69e5ac43e318e71f08831586,OUT_OF_STOCK,,,,beer|moretti|beer,https://res.cloudinary.com/nigittriple/image/upload/v1776616925/claude/beer-red-rosso-876021.jpg,330ml,6,Italy,0.33,,,,,,,"Store upright in a cool, dark place away from direct sunlight.",,Gluten,,,,,,,,,[]
Beer Original,beer-original-e7v7,ADXX-BEEORI-677841,80114024,Beer Original by Moretti is a premium quality beer available at NigiTriple Supermarket. Best served cold at 3?5?C.,Moretti Beer Original ? 330ml bottle of premium beer.,3200,,,0,5,69e5aa5340cdaab22a0a1b06,69e5ac43e318e71f08831586,OUT_OF_STOCK,,,,beer|moretti|beer,https://res.cloudinary.com/nigittriple/image/upload/v1776616919/claude/beer-original-114024.jpg,330ml,6,Italy,0.33,,,,,,,"Store upright in a cool, dark place away from direct sunlight.",,Gluten,,,,,,,,,[]
Beer,beer,ADXX-BEE-238057,5410228141266,Beer by Stella Artois is a premium quality beer available at NigiTriple Supermarket. Best served cold at 3?5?C.,Stella Artois Beer ? 330ml bottle of premium beer.,3500,,,1,5,69e5aa5340cdaab22a0a1b06,69e5ac41e318e71f08831585,OUT_OF_STOCK,,,,beer|stella artois|beer,https://res.cloudinary.com/nigittriple/image/upload/v1776616913/claude/beer-141266.jpg,330ml,6,Belgium,0.33,,,,,,,"Store upright in a cool, dark place away from direct sunlight.",,Gluten,,,,,,,,,[]
Beer Original Pils,beer-original-pils,ADXX-BEEORI-460000,42040613,Beer Original Pils by Beck's is a premium quality beer available at NigiTriple Supermarket. Best served cold at 3?5?C.,Beck's Beer Original Pils ? 330ml bottle of premium beer.,3800,,,0,5,69e5aa5340cdaab22a0a1b06,69e5ac40e318e71f08831584,ACTIVE,,,,beer|beck's|beer,https://res.cloudinary.com/nigittriple/image/upload/v1776616907/claude/beer-original-pils-040613.jpg,330ml,6,Germany,0.33,,,,,,,"Store upright in a cool, dark place away from direct sunlight.",,Gluten,,,,,,,,,[]
Beer Anima Sarda,beer-anima-sarda,ADXX-BEEANI-599350,8006890768305,Beer Anima Sarda by Ichnusa is a premium quality beer available at NigiTriple Supermarket. Best served cold at 3?5?C.,Ichnusa Beer Anima Sarda ? 330ml bottle of premium beer.,3500,,,0,5,69e5aa5340cdaab22a0a1b06,69e5ac3fe318e71f08831583,ACTIVE,,,,beer|ichnusa|beer,https://res.cloudinary.com/nigittriple/image/upload/v1776616898/claude/beer-anima-sarda-768305.jpg,330ml,6,Italy,0.33,,,,,,,"Store upright in a cool, dark place away from direct sunlight.",,Gluten,,,,,,,,,[]
Beer Malt Lager 0.0,beer-malt-lager-0-0,DXXX-BEEMAL-799086,8006890683851,"Heineken 0.0 is a non-alcoholic lager with a refreshing, balanced taste and less than 0.03% alcohol. Brewed with natural ingredients and no artificial additives. A great choice for those who want great taste without the alcohol.",Heineken 0.0 Non-Alcoholic Beer ? all the taste of Heineken with zero alcohol.,3000,,,0,5,69e5aa5140cdaab22a0a1b04,69e5ac3ee318e71f08831582,ACTIVE,,,,non-alcoholic beer|Heineken|alcohol free|malt|drinks,https://res.cloudinary.com/nigittriple/image/upload/v1776616889/claude/beer-malt-lager-0-0-683851.jpg,330ml,24,Netherlands,0.33,,,,,,,Best served chilled. Store in a cool place.,,Gluten,,,,,,,,,[]
Beer Nastro Azzurro,beer-nastro-azzurro,ADXX-BEENAS-197017,80067986,Beer Nastro Azzurro by Peroni is a premium quality beer available at NigiTriple Supermarket. Best served cold at 3?5?C.,Peroni Beer Nastro Azzurro ? 330ml bottle of premium beer.,3300,,,0,5,69e5aa5340cdaab22a0a1b06,69e5ac3de318e71f08831581,ACTIVE,,,,beer|peroni|beer,https://res.cloudinary.com/nigittriple/image/upload/v1776616879/claude/beer-nastro-azzurro-067986.jpg,330ml,6,Italy,0.33,,,,,,,"Store upright in a cool, dark place away from direct sunlight.",,Gluten,,,,,,,,,[]
Beer Original,beer-original,ADXX-BEEORI-639180,80067955,Beer Original by Peroni is a premium quality beer available at NigiTriple Supermarket. Best served cold at 3?5?C.,Peroni Beer Original ? 330ml bottle of premium beer.,3500,,,0,5,69e5aa5340cdaab22a0a1b06,69e5ac3de318e71f08831581,ACTIVE,,,,beer|peroni|beer,https://res.cloudinary.com/nigittriple/image/upload/v1776616870/claude/beer-original-067955.jpg,330ml,6,Italy,0.33,,,,,,,"Store upright in a cool, dark place away from direct sunlight.",,Gluten,,,,,,,,,[]
Beer Chill lemon,beer-chill-lemon,ADXX-BEECHI-287702,8008440049001,Beer Chill lemon by Peroni is a premium quality beer available at NigiTriple Supermarket. Best served cold at 3?5?C.,Peroni Beer Chill lemon ? 330ml bottle of premium beer.,3000,,,0,5,69e5aa5340cdaab22a0a1b06,69e5ac3de318e71f08831581,ACTIVE,,,,beer|peroni|beer,https://res.cloudinary.com/nigittriple/image/upload/v1776616862/claude/beer-chill-lemon-049001.jpg,330ml,6,Italy,0.33,,,,,,,"Store upright in a cool, dark place away from direct sunlight.",,Gluten,,,,,,,,,[]
Vodka,vodka,ADXX-VOD-956281,5942039000550,"Infinity Vodka is a premium quality vodka with a clean, neutral character and smooth finish. Ideal in classic cocktails such as Martini, Moscow Mule, or Bloody Mary. Best served chilled.","Infinity Vodka ? clean, smooth premium vodka, perfect for cocktails or neat.",7000,,,7,5,69e5aa5340cdaab22a0a1b06,69e5ac3be318e71f08831580,ACTIVE,,,,vodka|infinity|spirits,https://res.cloudinary.com/nigittriple/image/upload/v1776616854/claude/vodka-000550.jpg,750ml,6,Italy,0.75,,,,,,,"Store upright in a cool, dark place away from direct sunlight.",,,,,,,,,,,[]
Sambuca Extra Liqueur,sambuca-extra-liqueur,ADXX-SAMEXT-343000,8002095100001,"Sambuca Extra Liqueur by Molinari is a premium quality liqueur with a distinctive flavour profile. Enjoy as a digestif, over ice, or as a cocktail ingredient.",Molinari Sambuca Extra Liqueur ? a premium liqueur with rich flavour and elegant character.,46800,,,3,5,69e5aa5340cdaab22a0a1b06,69e5ac3ae318e71f0883157f,ACTIVE,,,,liqueur|molinari|spirits|liqueur,https://res.cloudinary.com/nigittriple/image/upload/v1776616847/claude/sambuca-extra-liqueur-100001.jpg,700ml,6,Italy,0.7,,,,,,,"Store upright in a cool, dark place away from direct sunlight.",,,,,,,,,,,[]
Grappa White,grappa-white-rjzv,ADXX-GRAWHI-332531,8009460000058,"Grappa White by Candolini is a premium Italian grappa, distilled from high-quality grape pomace. Aromatic and spirit-forward, it's traditionally served after dinner as a digestif.",Candolini Grappa ? a premium Italian grappa distilled from the finest grape pomace.,46500,,,4,5,69e5aa5340cdaab22a0a1b06,69e5ac19e318e71f08831564,ACTIVE,,,,grappa|candolini|spirits|Italian|digestif,https://res.cloudinary.com/nigittriple/image/upload/v1776616838/claude/grappa-white-000058.jpg,700ml,6,Italy,0.7,,,,,,,"Store upright in a cool, dark place away from direct sunlight.",,,,,,,,,,,[]
Premium Vodka,premium-vodka,ADXX-PREVOD-487456,5942039000031,"Stalinskaya Vodka is a premium quality vodka with a clean, neutral character and smooth finish. Ideal in classic cocktails such as Martini, Moscow Mule, or Bloody Mary. Best served chilled.","Stalinskaya Vodka ? clean, smooth premium vodka, perfect for cocktails or neat.",7000,,,7,5,69e5aa5340cdaab22a0a1b06,69e5ac39e318e71f0883157e,ACTIVE,,,,vodka|stalinskaya|spirits,https://res.cloudinary.com/nigittriple/image/upload/v1776616830/claude/premium-vodka-000031.jpg,700ml,6,Romania,0.7,,,,,,,"Store upright in a cool, dark place away from direct sunlight.",,,,,,,,,,,[]
Grappa White,grappa-white,ADXX-GRAWHI-832652,8000513000018,"Grappa White by Nardini is a premium Italian grappa, distilled from high-quality grape pomace. Aromatic and spirit-forward, it's traditionally served after dinner as a digestif.",Nardini Grappa ? a premium Italian grappa distilled from the finest grape pomace.,88500,,,2,5,69e5aa5340cdaab22a0a1b06,69e5ac38e318e71f0883157d,ACTIVE,,,,grappa|nardini|spirits|Italian|digestif,https://res.cloudinary.com/nigittriple/image/upload/v1776616821/claude/grappa-white-000018.jpg,1000ml,6,Italy,1,,,,,,,"Store upright in a cool, dark place away from direct sunlight.",,,,,,,,,,,[]
Tequila Gold Reposado,tequila-gold-reposado,ADXX-TEQGOL-779228,721733000722,"Tequila Gold Reposado by Patron is a premium authentic Mexican tequila distilled from 100% blue agave. Smooth and versatile ? perfect for sipping, shots, or cocktails like margaritas.",Patron Tequila Gold Reposado ? authentic Mexican tequila made from 100% blue agave.,75000,,,1,5,69e5aa5340cdaab22a0a1b06,69e5ac36e318e71f0883157c,ACTIVE,,,,tequila|patron|spirits|Mexico|tequila,https://res.cloudinary.com/nigittriple/image/upload/v1776616813/claude/tequila-gold-reposado-000722.jpg,700ml,6,Mexico,0.7,,,,,,,"Store upright in a cool, dark place away from direct sunlight.",,,,,,,,,,,[]
Tequila Silver,tequila-silver,ADXX-TEQSIL-805579,721733000739,"Tequila Silver by Patron is a premium authentic Mexican tequila distilled from 100% blue agave. Smooth and versatile ? perfect for sipping, shots, or cocktails like margaritas.",Patron Tequila Silver ? authentic Mexican tequila made from 100% blue agave.,65000,,,2,5,69e5aa5340cdaab22a0a1b06,69e5ac36e318e71f0883157c,ACTIVE,,,,tequila|patron|spirits|Mexico|tequila,https://res.cloudinary.com/nigittriple/image/upload/v1776616805/claude/tequila-silver-000739.jpg,700ml,6,Mexico,0.7,,,,,,,"Store upright in a cool, dark place away from direct sunlight.",,,,,,,,,,,[]
Amaro Herbals Liqueur,amaro-herbals-liqueur,ADXX-AMAHER-371613,8000330012317,"Amaro Herbals Liqueur by Montenegro is a premium quality liqueur with a distinctive flavour profile. Enjoy as a digestif, over ice, or as a cocktail ingredient.",Montenegro Amaro Herbals Liqueur ? a premium liqueur with rich flavour and elegant character.,44800,,,4,5,69e5aa5340cdaab22a0a1b06,69e5ac35e318e71f0883157b,ACTIVE,,,,liqueur|montenegro|spirits|bitters liqueur,https://res.cloudinary.com/nigittriple/image/upload/v1776616797/claude/amaro-herbals-liqueur-014458.jpg,700ml,6,Italy,0.7,,,,,,,"Store upright in a cool, dark place away from direct sunlight.",,,,,,,,,,,[]
Tequila Reserva Anejo,tequila-reserva-anejo,ADXX-TEQRES-478494,5029977351026,"Tequila Reserva Anejo by 1800 is a premium authentic Mexican tequila distilled from 100% blue agave. Smooth and versatile ? perfect for sipping, shots, or cocktails like margaritas.",1800 Tequila Reserva Anejo ? authentic Mexican tequila made from 100% blue agave.,80000,,,8,5,69e5aa5340cdaab22a0a1b06,69e5ac34e318e71f0883157a,ACTIVE,,,,tequila|1800|spirits|Mexico|tequila,https://res.cloudinary.com/nigittriple/image/upload/v1776616788/claude/tequila-reserva-anejo-351026.jpg,700ml,6,Mexico,0.7,,,,,,,"Store upright in a cool, dark place away from direct sunlight.",,,,,,,,,,,[]
Tequila Reserva Silver,tequila-reserva-silver,ADXX-TEQRES-559242,7501035013117,"Tequila Reserva Silver by 1800 is a premium authentic Mexican tequila distilled from 100% blue agave. Smooth and versatile ? perfect for sipping, shots, or cocktails like margaritas.",1800 Tequila Reserva Silver ? authentic Mexican tequila made from 100% blue agave.,56000,,,7,5,69e5aa5340cdaab22a0a1b06,69e5ac34e318e71f0883157a,ACTIVE,,,,tequila|1800|spirits|Mexico|tequila,https://res.cloudinary.com/nigittriple/image/upload/v1776616778/claude/tequila-reserva-silver-013117.jpg,700ml,6,Mexico,0.7,,,,,,,"Store upright in a cool, dark place away from direct sunlight.",,,,,,,,,,,[]
Tequila Especial Silver,tequila-especial-silver,ADXX-TEQESP-784928,7501035042315,"Tequila Especial Silver by Jose Cuervo is a premium authentic Mexican tequila distilled from 100% blue agave. Smooth and versatile ? perfect for sipping, shots, or cocktails like margaritas.",Jose Cuervo Tequila Especial Silver ? authentic Mexican tequila made from 100% blue agave.,39460,,,9,5,69e5aa5340cdaab22a0a1b06,69e5ac2be318e71f08831573,ACTIVE,,,,tequila|jose cuervo|spirits|Mexico|tequila,https://res.cloudinary.com/nigittriple/image/upload/v1776616770/claude/tequila-especial-silver-042315.jpg,1000ml,6,Mexico,1,,,,,,,"Store upright in a cool, dark place away from direct sunlight.",,,,,,,,,,,[]
Fermented Sugar cane Brazilian Spirit,fermented-sugar-cane-brazilian-spirit,ADXX-FERSUG-377216,4009872020310,"Jacinto Cacha? is a premium fermented and distilled Brazilian sugarcane spirit. Bright, fresh, and slightly grassy. The essential spirit for authentic Caipirinhas and Brazilian cocktails.","Jacinto Cacha? ? authentic Brazilian sugarcane spirit, the key ingredient in a classic Caipirinha.",38800,,,1,5,69e5aa5340cdaab22a0a1b06,69e5ac33e318e71f08831579,ACTIVE,,,,cachaca|spirits|Brazil|sugarcane spirit,https://res.cloudinary.com/nigittriple/image/upload/v1776616761/claude/fermented-sugar-cane-brazilian-spirit-020310.jpg,1000ml,6,Brazil,1,,,,,,,"Store upright in a cool, dark place away from direct sunlight.",,,,,,,,,,,[]
Amaro Mix Herbal Liqueur,amaro-mix-herbal-liqueur,ADXX-AMAMIX-745042,8005240900020,"Amaro Mix Herbal Liqueur by Lucano is a premium quality liqueur with a distinctive flavour profile. Enjoy as a digestif, over ice, or as a cocktail ingredient.",Lucano Amaro Mix Herbal Liqueur ? a premium liqueur with rich flavour and elegant character.,43600,,,2,5,69e5aa5340cdaab22a0a1b06,69e5ac32e318e71f08831578,ACTIVE,,,,liqueur|lucano|spirits|bitters liqueur,https://res.cloudinary.com/nigittriple/image/upload/v1776616753/claude/amaro-mix-herbal-liqueur-900020.jpg,1000ml,6,Italy,1,,,,,,,"Store upright in a cool, dark place away from direct sunlight.",,,,,,,,,,,[]
Grappa White 43,grappa-white-43,ADXX-GRAWHI-468643,8002092011034,"Grappa White 43 by Nonino is a premium Italian grappa, distilled from high-quality grape pomace. Aromatic and spirit-forward, it's traditionally served after dinner as a digestif.",Nonino Grappa ? a premium Italian grappa distilled from the finest grape pomace.,69500,,,11,5,69e5aa5340cdaab22a0a1b06,69e5ac31e318e71f08831577,ACTIVE,,,,grappa|nonino|spirits|Italian|digestif,https://res.cloudinary.com/nigittriple/image/upload/v1776616744/claude/grappa-white-43-011034.jpg,700ml,6,Italy,0.7,,,,,,,"Store upright in a cool, dark place away from direct sunlight.",,,,,,,,,,,[]
Irish Cream Chocolate,irish-cream-chocolate,ADXX-IRICRE-575247,5011013941254,"Irish Cream Chocolate by Baileys is a premium quality liqueur with a distinctive flavour profile. Enjoy as a digestif, over ice, or as a cocktail ingredient.",Baileys Irish Cream Chocolate ? a premium liqueur with rich flavour and elegant character.,34000,,,8,5,69e5aa5340cdaab22a0a1b06,69e5ac2fe318e71f08831576,ACTIVE,,,,liqueur|baileys|spirits|liqueur,https://res.cloudinary.com/nigittriple/image/upload/v1776616736/claude/irish-cream-chocolate-941254.jpg,500ml,6,Ireland,0.5,,,,,,,"Store upright in a cool, dark place away from direct sunlight.",,Dairy,,,,,,,,,[]
Irish Cream Original,irish-cream-original,ADXX-IRICRE-696227,5011013100156,"Irish Cream Original by Baileys is a premium quality liqueur with a distinctive flavour profile. Enjoy as a digestif, over ice, or as a cocktail ingredient.",Baileys Irish Cream Original ? a premium liqueur with rich flavour and elegant character.,30000,,,4,5,69e5aa5340cdaab22a0a1b06,69e5ac2fe318e71f08831576,ACTIVE,,,,liqueur|baileys|spirits|liqueur,https://res.cloudinary.com/nigittriple/image/upload/v1776616727/claude/irish-cream-original-100156.jpg,700ml,6,Ireland,0.7,,,,,,,"Store upright in a cool, dark place away from direct sunlight.",,Dairy,,,,,,,,,[]
Tequila Bianco silver,tequila-bianco-silver,ADXX-TEQBIA-270903,7503023613033,"Tequila Bianco silver by KAH is a premium authentic Mexican tequila distilled from 100% blue agave. Smooth and versatile ? perfect for sipping, shots, or cocktails like margaritas.",KAH Tequila Bianco silver ? authentic Mexican tequila made from 100% blue agave.,83350,,,2,5,69e5aa5340cdaab22a0a1b06,69e5ac2ee318e71f08831575,ACTIVE,,,,tequila|kah|spirits|Mexico|tequila,https://res.cloudinary.com/nigittriple/image/upload/v1776616718/claude/tequila-bianco-silver-613033.jpg,700ml,6,Mexico,0.7,,,,,,,"Store upright in a cool, dark place away from direct sunlight.",,,,,,,,,,,[]
Rum Especial  Anejo,rum-especial-anejo,ADXX-RUMESP-235809,8028286000240,"Rum Especial  Anejo by Pampero is a premium quality aged rum from Venezuela. Richly flavoured with notes of vanilla, oak, and dried fruit. Excellent neat, with ice, or in cocktails like Daiquiri and Mojito.","Pampero Rum ? premium aged Venezuelan rum with deep, complex flavours.",42000,,,5,5,69e5aa5340cdaab22a0a1b06,69e5ac2de318e71f08831574,ACTIVE,,,,rum|pampero|spirits|Venezuela,https://res.cloudinary.com/nigittriple/image/upload/v1776616710/claude/rum-especial-anejo-000240.jpg,700ml,6,Venezuela,0.7,,,,,,,"Store upright in a cool, dark place away from direct sunlight.",,,,,,,,,,,[]
Tequila Reposado Especial,tequila-reposado-especial,ADXX-TEQREP-115402,7501035042155,"Tequila Reposado Especial by Jose Cuervo is a premium authentic Mexican tequila distilled from 100% blue agave. Smooth and versatile ? perfect for sipping, shots, or cocktails like margaritas.",Jose Cuervo Tequila Reposado Especial ? authentic Mexican tequila made from 100% blue agave.,42000,,,10,5,69e5aa5340cdaab22a0a1b06,69e5ac2be318e71f08831573,ACTIVE,,,,tequila|jose cuervo|spirits|Mexico|tequila,https://res.cloudinary.com/nigittriple/image/upload/v1776616701/claude/tequila-reposado-especial-042155.jpg,1000ml,6,Mexico,1,,,,,,,"Store upright in a cool, dark place away from direct sunlight.",,,,,,,,,,,[]
Triple Protection 123 complete,triple-protection-123-complete,HXXX-TRIPRO-510367,6151100130853,"Triple Protection 123 complete by Pepsodent provides comprehensive oral care in every brush. Formulated to fight cavities, strengthen enamel, and leave your mouth feeling fresh all day.",Pepsodent Triple Protection 123 complete ? advanced toothpaste formula for complete oral care and fresh breath.,1330,,,26,5,69e5aa5240cdaab22a0a1b05,69e5ac2ae318e71f08831572,ACTIVE,,,,toothpaste|oral care|pepsodent|dental hygiene|toothpaste,https://res.cloudinary.com/nigittriple/image/upload/v1776616667/claude/triple-protection-123-complete-130853.jpg,130g,24,UK,0.13,,,,,,,"Store in a cool, dry place away from children.",,,,,,,,,,,[]
Complete fresh protection,complete-fresh-protection,HXXX-COMFRE-239112,6154000154325,"Complete fresh protection by Closeup provides comprehensive oral care in every brush. Formulated to fight cavities, strengthen enamel, and leave your mouth feeling fresh all day.",Closeup Complete fresh protection ? advanced toothpaste formula for complete oral care and fresh breath.,1100,,,0,5,69e5aa5240cdaab22a0a1b05,69e5ac28e318e71f08831570,ACTIVE,,,,toothpaste|oral care|closeup|dental hygiene|toothpaste,https://res.cloudinary.com/nigittriple/image/upload/v1776616643/claude/complete-fresh-protection-154325.jpg,140g,24,UK,0.14,,,,,,,"Store in a cool, dry place away from children.",,,,,,,,,,,[]
Whisky old No7,whisky-old-no7,ADXX-WHIOLD-115028,3099873045369,"Whisky old No7 by Jack Daniels is a premium blended whisky aged for a smooth, complex flavour profile. Enjoy neat, on the rocks, or in classic cocktails.",Jack Daniels Whisky old No7 ? world-renowned whisky of exceptional character and smoothness.,45900,,,3,5,69e5aa5340cdaab22a0a1b06,69e5ac29e318e71f08831571,ACTIVE,,,,whisky|jack daniels|spirits,https://res.cloudinary.com/nigittriple/image/upload/v1776616634/claude/whisky-old-no7-045369.jpg,1000ml,6,USA,1,,,,,,,"Store upright in a cool, dark place away from direct sunlight.",,,,,,,,,,,[]
Triple fresh formula,triple-fresh-formula,HXXX-TRIFRE-428602,6151100133595,"Triple fresh formula by Closeup provides comprehensive oral care in every brush. Formulated to fight cavities, strengthen enamel, and leave your mouth feeling fresh all day.",Closeup Triple fresh formula ? advanced toothpaste formula for complete oral care and fresh breath.,1100,,,0,5,69e5aa5240cdaab22a0a1b05,69e5ac28e318e71f08831570,ACTIVE,,,,toothpaste|oral care|closeup|dental hygiene|toothpaste,https://res.cloudinary.com/nigittriple/image/upload/v1776616625/claude/triple-fresh-formula-133595.jpg,130g,24,UK,0.13,,,,,,,"Store in a cool, dry place away from children.",,,,,,,,,,,[]
Orange bitter Sweet Liqueur,orange-bitter-sweet-liqueur,ADXX-ORABIT-726446,8002230000302,"Orange bitter Sweet Liqueur by Aperol is a premium quality liqueur with a distinctive flavour profile. Enjoy as a digestif, over ice, or as a cocktail ingredient.",Aperol Orange bitter Sweet Liqueur ? a premium liqueur with rich flavour and elegant character.,35000,,,3,5,69e5aa5340cdaab22a0a1b06,69e5ac27e318e71f0883156f,ACTIVE,,,,liqueur|aperol|spirits|liqueur,https://res.cloudinary.com/nigittriple/image/upload/v1776616617/claude/orange-bitter-sweet-liqueur-000302.jpg,700ml,6,Italy,0.7,,,,,,,"Store upright in a cool, dark place away from direct sunlight.",,,,,,,,,,,[]
Pro Health All round Protection,pro-health-all-round-protection,HXXX-PROHEA-649032,8006540885116,"Pro Health All round Protection by Oral B provides comprehensive oral care in every brush. Formulated to fight cavities, strengthen enamel, and leave your mouth feeling fresh all day.",Oral B Pro Health All round Protection ? advanced toothpaste formula for complete oral care and fresh breath.,2550,,,0,5,69e5aa5240cdaab22a0a1b05,69e5ac25e318e71f0883156e,ACTIVE,,,,toothpaste|oral care|oral b|dental hygiene|toothpaste,,93g,24,Germany,0.093,,,,,,,"Store in a cool, dry place away from children.",,,,,,,,,,,[]
Pro Health Family Size,pro-health-family-size,HXXX-PROHEA-647421,8006540885208,"Pro Health Family Size by oral B provides comprehensive oral care in every brush. Formulated to fight cavities, strengthen enamel, and leave your mouth feeling fresh all day.",oral B Pro Health Family Size ? advanced toothpaste formula for complete oral care and fresh breath.,3650,,,0,5,69e5aa5240cdaab22a0a1b05,69e5ac25e318e71f0883156e,ACTIVE,,,,toothpaste|oral care|oral b|dental hygiene|toothpaste,https://res.cloudinary.com/nigittriple/image/upload/v1776616609/claude/pro-health-family-size-885208.jpg,158g,24,Germany,0.158,,,,,,,"Store in a cool, dry place away from children.",,,,,,,,,,,[]
Whisky Red Label,whisky-red-label,ADXX-WHIRED-175045,5000267013602,"Whisky Red Label by Johnnie Walker is a premium blended whisky aged for a smooth, complex flavour profile. Enjoy neat, on the rocks, or in classic cocktails.",Johnnie Walker Whisky Red Label ? world-renowned whisky of exceptional character and smoothness.,31200,,,11,5,69e5aa5340cdaab22a0a1b06,69e5ac23e318e71f0883156d,ACTIVE,,,,whisky|johnnie walker|spirits,https://res.cloudinary.com/nigittriple/image/upload/v1776616600/claude/whisky-red-label-013602.jpg,1000ml,6,Scotland,1,,,,,,,"Store upright in a cool, dark place away from direct sunlight.",,,,,,,,,,,[]
Lemoncello Lemon Liqueur,lemoncello-lemon-liqueur,ADXX-LEMLEM-436104,8005240972508,"Lemoncello Lemon Liqueur by Limoncetta Di Sorrento is a premium quality liqueur with a distinctive flavour profile. Enjoy as a digestif, over ice, or as a cocktail ingredient.",Limoncetta Di Sorrento Lemoncello Lemon Liqueur ? a premium liqueur with rich flavour and elegant character.,34600,,,5,5,69e5aa5340cdaab22a0a1b06,69e5ac22e318e71f0883156c,ACTIVE,,,,liqueur|limoncetta di sorrento|spirits|liqueur,https://res.cloudinary.com/nigittriple/image/upload/v1776616385/claude/lemoncello-lemon-liqueur-972508.jpg,500ml,6,Italy,0.5,,,,,,,"Store upright in a cool, dark place away from direct sunlight.",,,,,,,,,,,[]
Rexona Bright Bouquet,rexona-bright-bouquet,HXXX-REXBRI-415261,6151100134004,Rexona Bright Bouquet by Rexona provides reliable sweat and odour protection for up to 48 hours. The fresh fragrance keeps you confident all day long.,Rexona Rexona Bright Bouquet ? effective 48-hour anti-perspirant protection with a fresh fragrance.,1800,,,6,5,69e5aa5240cdaab22a0a1b05,69e5ac1fe318e71f08831569,ACTIVE,,,,deodorant|anti-perspirant|rexona|personal care,https://res.cloudinary.com/nigittriple/image/upload/v1776616376/claude/rexona-bright-bouquet-134004.jpg,40g,24,UK,0.04,,,,,,,"Store in a cool, dry place away from children.",,,,,,,,,,,[]
Myrtle Berries Liqueur,myrtle-berries-liqueur-hp38,ADXX-MYRBER-517750,8003788001063,"Myrtle Berries Liqueur by Zedda Piras is a premium quality liqueur with a distinctive flavour profile. Enjoy as a digestif, over ice, or as a cocktail ingredient.",Zedda Piras Myrtle Berries Liqueur ? a premium liqueur with rich flavour and elegant character.,22500,,,2,5,69e5aa5340cdaab22a0a1b06,69e5ac21e318e71f0883156b,ACTIVE,,,,liqueur|zedda piras|spirits|liqueur,https://res.cloudinary.com/nigittriple/image/upload/v1776616369/claude/myrtle-berries-liqueur-001063.jpg,500ml,6,Italy,0.5,,,,,,,"Store upright in a cool, dark place away from direct sunlight.",,,,,,,,,,,[]
Myrtle Berries  Liqueur,myrtle-berries-liqueur,ADXX-MYRBER-602462,8003788001018,"Myrtle Berries  Liqueur by Zedda Piras is a premium quality liqueur with a distinctive flavour profile. Enjoy as a digestif, over ice, or as a cocktail ingredient.",Zedda Piras Myrtle Berries  Liqueur ? a premium liqueur with rich flavour and elegant character.,39000,,,2,5,69e5aa5340cdaab22a0a1b06,69e5ac21e318e71f0883156b,ACTIVE,,,,liqueur|zedda piras|spirits|liqueur,https://res.cloudinary.com/nigittriple/image/upload/v1776616360/claude/myrtle-berries-liqueur-001018.jpg,700ml,6,Italy,0.7,,,,,,,"Store upright in a cool, dark place away from direct sunlight.",,,,,,,,,,,[]
Thermic Resist heat protect,thermic-resist-heat-protect,HXXX-THERES-446652,3600522626077,Thermic Resist heat protect by L?OR?AL MEN EXPERT provides reliable sweat and odour protection for up to 48 hours. The fresh fragrance keeps you confident all day long.,L?OR?AL MEN EXPERT Thermic Resist heat protect ? effective 48-hour anti-perspirant protection with a fresh fragrance.,7375,,,0,5,69e5aa5240cdaab22a0a1b05,69e5ac20e318e71f0883156a,ACTIVE,,,,deodorant|anti-perspirant|l?or?l men expert|personal care,https://res.cloudinary.com/nigittriple/image/upload/v1776616351/claude/thermic-resist-heat-protect-626077.jpg,40g,24,UK,0.04,,,,,,,"Store in a cool, dry place away from children.",,,,,,,,,,,[]
Rexona linen dry,rexona-linen-dry,HXXX-REXLIN-906234,96033005,Rexona linen dry by Rexona is a quality household product available at NigiTriple Supermarket.,Rexona Rexona linen dry ? quality household product for everyday use.,3450,,,3,5,69e5aa5240cdaab22a0a1b05,69e5ac1fe318e71f08831569,ACTIVE,,,,household|rexona|anti perspirant,https://res.cloudinary.com/nigittriple/image/upload/v1776616342/claude/rexona-linen-dry-033005.jpg,30g,24,Italy,0.03,,,,,,,"Store in a cool, dry place away from children.",,,,,,,,,,,[]
Anise Liqueur,anise-liqueur,ADXX-ANILIQ-706012,3047100090309,"Anise Liqueur by Pernod is a premium quality liqueur with a distinctive flavour profile. Enjoy as a digestif, over ice, or as a cocktail ingredient.",Pernod Anise Liqueur ? a premium liqueur with rich flavour and elegant character.,36800,,,5,5,69e5aa5340cdaab22a0a1b06,69e5ac1ee318e71f08831568,ACTIVE,,,,liqueur|pernod|spirits|liqueur,https://res.cloudinary.com/nigittriple/image/upload/v1776616334/claude/anise-liqueur-090309.jpg,1000ml,6,Italy,1,,,,,,,"Store upright in a cool, dark place away from direct sunlight.",,,,,,,,,,,[]
Recons Invisible Pure,recons-invisible-pure,HXXX-RECINV-927582,96086223,Recons Invisible Pure by Rexona Motionsense provides reliable sweat and odour protection for up to 48 hours. The fresh fragrance keeps you confident all day long.,Rexona Motionsense Recons Invisible Pure ? effective 48-hour anti-perspirant protection with a fresh fragrance.,3450,,,6,5,69e5aa5240cdaab22a0a1b05,69e5ac1ce318e71f08831567,ACTIVE,,,,deodorant|anti-perspirant|rexona motionsense|personal care,https://res.cloudinary.com/nigittriple/image/upload/v1776616324/claude/recons-invisible-pure-086223.jpg,30g,24,UK,0.03,,,,,,,"Store in a cool, dry place away from children.",,,,,,,,,,,[]
Gillette Endurance Odor Elimination,gillette-endurance-odor-elimination,HXXX-GILEND-695011,7702018914333,Gillette Endurance Odor Elimination by Gillette Endurance is a quality household product available at NigiTriple Supermarket.,Gillette Endurance Gillette Endurance Odor Elimination ? quality household product for everyday use.,5100,,,2,5,69e5aa5240cdaab22a0a1b05,69e5ac1be318e71f08831566,ACTIVE,,,,household|gillette endurance|antiperspirant clear gel,https://res.cloudinary.com/nigittriple/image/upload/v1776616316/claude/gillette-endurance-odor-elimination-914333.jpg,70g,24,Italy,0.07,,,,,,,"Store in a cool, dry place away from children.",,,,,,,,,,,[]
Anti-Bacterial Mouthwash,anti-bacterial-mouthwash,HXXX-ANTMOU-541277,6001135009474,Anti-Bacterial Mouthwash by Fresh burst Listerine is a quality household product available at NigiTriple Supermarket.,Fresh burst Listerine Anti-Bacterial Mouthwash ? quality household product for everyday use.,4350,,,1,5,69e5aa5240cdaab22a0a1b05,69e5ac1ae318e71f08831565,ACTIVE,,,,household|fresh burst listerine|mouthwash,https://res.cloudinary.com/nigittriple/image/upload/v1776616308/claude/anti-bacterial-mouthwash-009474.jpg,230g,24,Italy,0.23,,,,,,,"Store in a cool, dry place away from children.",,,,,,,,,,,[]
Grappa Gold Reserva,grappa-gold-reserva,ADXX-GRAGOL-427049,8004400075165,"Grappa Gold Reserva by Candolini is a premium Italian grappa, distilled from high-quality grape pomace. Aromatic and spirit-forward, it's traditionally served after dinner as a digestif.",Candolini Grappa ? a premium Italian grappa distilled from the finest grape pomace.,61350,,,0,5,69e5aa5340cdaab22a0a1b06,69e5ac19e318e71f08831564,ACTIVE,,,,grappa|candolini|spirits|Italian|digestif,https://res.cloudinary.com/nigittriple/image/upload/v1776616299/claude/grappa-gold-reserva-075165.jpg,700ml,6,Italy,0.7,,,,,,,"Store upright in a cool, dark place away from direct sunlight.",,,,,,,,,,,[]
Total Care mouthwash,total-care-mouthwash,HXXX-TOTCAR-383555,6003001015558,Total Care mouthwash by Listerine is a quality household product available at NigiTriple Supermarket.,Listerine Total Care mouthwash ? quality household product for everyday use.,4500,,,5,5,69e5aa5240cdaab22a0a1b05,69e5ac17e318e71f08831562,ACTIVE,,,,household|listerine|mouthwash,https://res.cloudinary.com/nigittriple/image/upload/v1776616290/claude/total-care-mouthwash-015558.jpg,230g,24,Italy,0.23,,,,,,,"Store in a cool, dry place away from children.",,,,,,,,,,,[]
Rum Solera No.23,rum-solera-no-23,ADXX-RUMSOL-824656,7406341009952,"Rum Solera No.23 by Zacapa is a premium quality aged rum from Venezuela. Richly flavoured with notes of vanilla, oak, and dried fruit. Excellent neat, with ice, or in cocktails like Daiquiri and Mojito.","Zacapa Rum ? premium aged Venezuelan rum with deep, complex flavours.",165000,,,0,5,69e5aa5340cdaab22a0a1b06,69e5ac18e318e71f08831563,ACTIVE,,,,rum|zacapa|spirits|Venezuela,https://res.cloudinary.com/nigittriple/image/upload/v1776616282/claude/rum-solera-no-23-009952.jpg,700ml,6,Venezuela,0.7,,,,,,,"Store upright in a cool, dark place away from direct sunlight.",,,,,,,,,,,[]
Cool Mint Milder Taste,cool-mint-milder-taste,HXXX-COOMIN-347753,3574661045450,Cool Mint Milder Taste by Listerine is a quality household product available at NigiTriple Supermarket.,Listerine Cool Mint Milder Taste ? quality household product for everyday use.,4300,,,6,5,69e5aa5240cdaab22a0a1b05,69e5ac17e318e71f08831562,ACTIVE,,,,household|listerine|mouth fresher,https://res.cloudinary.com/nigittriple/image/upload/v1776616273/claude/cool-mint-milder-taste-045450.jpg,230g,24,Italy,0.23,,,,,,,"Store in a cool, dry place away from children.",,,,,,,,,,,[]
Amaro Herbal Liqueur,amaro-herbal-liqueur-q5lg,ADXX-AMAHER-163120,8006550301040,"Amaro Herbal Liqueur by Ramozzotti is a premium quality liqueur with a distinctive flavour profile. Enjoy as a digestif, over ice, or as a cocktail ingredient.",Ramozzotti Amaro Herbal Liqueur ? a premium liqueur with rich flavour and elegant character.,29500,,,3,5,69e5aa5340cdaab22a0a1b06,69e5ac16e318e71f08831561,ACTIVE,,,,liqueur|ramozzotti|spirits|bitters liqueur,https://res.cloudinary.com/nigittriple/image/upload/v1776616265/claude/amaro-herbal-liqueur-301040.jpg,700ml,6,Italy,0.7,,,,,,,"Store upright in a cool, dark place away from direct sunlight.",,,,,,,,,,,[]
Romantic Pore Refine,romantic-pore-refine,HXXX-ROMPOR-620182,8888202052377,Romantic Pore Refine by Enchanteur provides reliable sweat and odour protection for up to 48 hours. The fresh fragrance keeps you confident all day long.,Enchanteur Romantic Pore Refine ? effective 48-hour anti-perspirant protection with a fresh fragrance.,2500,,,9,5,69e5aa5240cdaab22a0a1b05,69e5ac15e318e71f08831560,ACTIVE,,,,deodorant|anti-perspirant|enchanteur|personal care,https://res.cloudinary.com/nigittriple/image/upload/v1776616256/claude/romantic-pore-refine-052377.jpg,40g,24,UK,0.04,,,,,,,"Store in a cool, dry place away from children.",,,,,,,,,,,[]
Amaro Herbal Liqueur,amaro-herbal-liqueur,ADXX-AMAHER-532783,8006550302016,"Amaro Herbal Liqueur by Ramazzotti is a premium quality liqueur with a distinctive flavour profile. Enjoy as a digestif, over ice, or as a cocktail ingredient.",Ramazzotti Amaro Herbal Liqueur ? a premium liqueur with rich flavour and elegant character.,47000,,,5,5,69e5aa5340cdaab22a0a1b06,69e5ac14e318e71f0883155f,ACTIVE,,,,liqueur|ramazzotti|spirits|bittrrs liqueur,https://res.cloudinary.com/nigittriple/image/upload/v1776616248/claude/amaro-herbal-liqueur-302016.jpg,1000ml,6,Italy,1,,,,,,,"Store upright in a cool, dark place away from direct sunlight.",,,,,,,,,,,[]
Nivea Fresh Energy,nivea-fresh-energy,HXXX-NIVFRE-840589,4005900376954,Nivea Fresh Energy by NIVEA provides reliable sweat and odour protection for up to 48 hours. The fresh fragrance keeps you confident all day long.,NIVEA Nivea Fresh Energy ? effective 48-hour anti-perspirant protection with a fresh fragrance.,2100,,,0,5,69e5aa5240cdaab22a0a1b05,69e5ac13e318e71f0883155e,ACTIVE,,,,deodorant|anti-perspirant|nivea|personal care,https://res.cloudinary.com/nigittriple/image/upload/v1776616240/claude/nivea-fresh-energy-376954.jpg,40g,24,UK,0.04,,,,,,,"Store in a cool, dry place away from children.",,,,,,,,,,,[]
Romano VIP Roll-on,romano-vip-roll-on,HXXX-ROMVIP-158997,8935212811842,Romano VIP Roll-on by Romano provides reliable sweat and odour protection for up to 48 hours. The fresh fragrance keeps you confident all day long.,Romano Romano VIP Roll-on ? effective 48-hour anti-perspirant protection with a fresh fragrance.,2350,,,13,5,69e5aa5240cdaab22a0a1b05,69e5ac10e318e71f0883155c,ACTIVE,,,,deodorant|anti-perspirant|romano|personal care,https://res.cloudinary.com/nigittriple/image/upload/v1776616232/claude/romano-vip-roll-on-811842.jpg,40g,24,UK,0.04,,,,,,,"Store in a cool, dry place away from children.",,,,,,,,,,,[]
Amaro Lemon Bitters Orange Liqueur,amaro-lemon-bitters-orange-liqueur,ADXX-AMALEM-371007,8000400203355,"Amaro Lemon Bitters Orange Liqueur by Averna is a premium quality liqueur with a distinctive flavour profile. Enjoy as a digestif, over ice, or as a cocktail ingredient.",Averna Amaro Lemon Bitters Orange Liqueur ? a premium liqueur with rich flavour and elegant character.,32700,,,10,5,69e5aa5340cdaab22a0a1b06,69e5ac12e318e71f0883155d,ACTIVE,,,,liqueur|averna|spirits|bitters liqueur,https://res.cloudinary.com/nigittriple/image/upload/v1776616224/claude/amaro-lemon-bitters-orange-liqueur-203355.jpg,700ml,6,Italy,0.7,,,,,,,"Store upright in a cool, dark place away from direct sunlight.",,,,,,,,,,,[]
Romano Classic Ultra dry,romano-classic-ultra-dry,HXXX-ROMCLA-327774,8935212810111,Romano Classic Ultra dry by Romano provides reliable sweat and odour protection for up to 48 hours. The fresh fragrance keeps you confident all day long.,Romano Romano Classic Ultra dry ? effective 48-hour anti-perspirant protection with a fresh fragrance.,2300,,,0,5,69e5aa5240cdaab22a0a1b05,69e5ac10e318e71f0883155c,ACTIVE,,,,deodorant|anti-perspirant|romano|personal care,https://res.cloudinary.com/nigittriple/image/upload/v1776616216/claude/romano-classic-ultra-dry-810111.jpg,40g,24,UK,0.04,,,,,,,"Store in a cool, dry place away from children.",,,,,,,,,,,[]
Amaro Anise Liqueur,amaro-anise-liqueur,ADXX-AMAANI-442382,3163937010003,"Amaro Anise Liqueur by RICARD is a premium quality liqueur with a distinctive flavour profile. Enjoy as a digestif, over ice, or as a cocktail ingredient.",RICARD Amaro Anise Liqueur ? a premium liqueur with rich flavour and elegant character.,35450,,,4,5,69e5aa5340cdaab22a0a1b06,69e5ac0fe318e71f0883155b,ACTIVE,,,,liqueur|ricard|spirits|liqueur,https://res.cloudinary.com/nigittriple/image/upload/v1776616209/claude/amaro-anise-liqueur-010003.jpg,1000ml,6,Italy,1,,,,,,,"Store upright in a cool, dark place away from direct sunlight.",,,,,,,,,,,[]
Invisiblecare,invisiblecare,HXXX-INV-290247,87342512,Invisiblecare by Dove is a quality household product available at NigiTriple Supermarket.,Dove Invisiblecare ? quality household product for everyday use.,3450,,,1,5,69e5aa5240cdaab22a0a1b05,69e5ac0ee318e71f0883155a,ACTIVE,,,,household|dove|moisturizing cream,https://res.cloudinary.com/nigittriple/image/upload/v1776616201/claude/invisiblecare-342512.jpg,40g,24,Italy,0.04,,,,,,,"Store in a cool, dry place away from children.",,,,,,,,,,,[]
Pistachio Cream,pistachio-cream,ADXX-PISCRE-506447,8005829981037,"Pistachio Cream by Bottega is a premium quality liqueur with a distinctive flavour profile. Enjoy as a digestif, over ice, or as a cocktail ingredient.",Bottega Pistachio Cream ? a premium liqueur with rich flavour and elegant character.,32400,,,3,5,69e5aa5340cdaab22a0a1b06,69e5ac0de318e71f08831559,ACTIVE,,,,liqueur|bottega|spirits|liqueur,https://res.cloudinary.com/nigittriple/image/upload/v1776616192/claude/pistachio-cream-981037.jpg,500ml,6,Italy,0.5,,,,,,,"Store upright in a cool, dark place away from direct sunlight.",,,,,,,,,,,[]
Herbal Liqueur,herbal-liqueur,ADXX-HERLIQ-794136,4067700028532,"Herbal Liqueur by Jagermeister is a premium quality liqueur with a distinctive flavour profile. Enjoy as a digestif, over ice, or as a cocktail ingredient.",Jagermeister Herbal Liqueur ? a premium liqueur with rich flavour and elegant character.,37800,,,7,5,69e5aa5340cdaab22a0a1b06,69e5ac0be318e71f08831558,ACTIVE,,,,liqueur|jagermeister|spirits|liqueur,https://res.cloudinary.com/nigittriple/image/upload/v1776616185/claude/herbal-liqueur-028532.jpg,700ml,6,Italy,0.7,,,,,,,"Store upright in a cool, dark place away from direct sunlight.",,,,,,,,,,,[]
Pure Sport Deodorant,pure-sport-deodorant,HXXX-PURSPO-781348,01204403891,Pure Sport Deodorant by Old Spice provides reliable sweat and odour protection for up to 48 hours. The fresh fragrance keeps you confident all day long.,Old Spice Pure Sport Deodorant ? effective 48-hour anti-perspirant protection with a fresh fragrance.,4875,,,1,5,69e5aa5240cdaab22a0a1b05,69e5ac0ae318e71f08831557,ACTIVE,,,,deodorant|anti-perspirant|old spice|personal care,https://res.cloudinary.com/nigittriple/image/upload/v1776616177/claude/pure-sport-deodorant-403891.jpg,85g,24,UK,0.085,,,,,,,"Store in a cool, dry place away from children.",,,,,,,,,,,[]
Deep clean Shave,deep-clean-shave,HXXX-DEECLE-959176,4005900511461,Deep clean Shave by NIVEA MEN is a quality household product available at NigiTriple Supermarket.,NIVEA MEN Deep clean Shave ? quality household product for everyday use.,7350,,,5,5,69e5aa5240cdaab22a0a1b05,69e5ac09e318e71f08831556,ACTIVE,,,,household|nivea men|men toiletries,https://res.cloudinary.com/nigittriple/image/upload/v1776616169/claude/deep-clean-shave-511461.jpg,180g,24,Italy,0.18,,,,,,,"Store in a cool, dry place away from children.",,,,,,,,,,,[]
Amaro Herbal Liqueur  Coffee,amaro-herbal-liqueur-coffee,ADXX-AMAHER-478772,8004499750011,"Amaro Herbal Liqueur  Coffee by Vecchio Amaro del Capo is a premium quality liqueur with a distinctive flavour profile. Enjoy as a digestif, over ice, or as a cocktail ingredient.",Vecchio Amaro del Capo Amaro Herbal Liqueur  Coffee ? a premium liqueur with rich flavour and elegant character.,41800,,,10,5,69e5aa5340cdaab22a0a1b06,69e5ac08e318e71f08831555,ACTIVE,,,,liqueur|vecchio amaro del capo|spirits|liqueur,https://res.cloudinary.com/nigittriple/image/upload/v1776616161/claude/amaro-herbal-liqueur-coffee-750011.jpg,700ml,6,Italy,0.7,,,,,,,"Store upright in a cool, dark place away from direct sunlight.",,,,,,,,,,,[]
Brandy Etichetta Nera,brandy-etichetta-nera,ADXX-BRAETI-129976,80195566,Brandy Etichetta Nera by Vecchia Romagna is available at NigiTriple Supermarket Port Harcourt.,Vecchia Romagna Brandy Etichetta Nera ? premium quality brandy.,40000,,,8,5,69e5aa5340cdaab22a0a1b06,69e5ac06e318e71f08831554,ACTIVE,,,,alcoholic drink|vecchia romagna|brandy,https://res.cloudinary.com/nigittriple/image/upload/v1776616151/claude/brandy-etichetta-nera-195566.jpg,700ml,6,Italy,0.7,,,,,,,"Store upright in a cool, dark place away from direct sunlight.",,,,,,,,,,,[]
Persil power gel,persil-power-gel,HXXX-PERPOW-166583,5283009703485,Persil power gel by Persil is a quality household product available at NigiTriple Supermarket.,Persil Persil power gel ? quality household product for everyday use.,7500,,,4,5,69e5aa5240cdaab22a0a1b05,69e5ac05e318e71f08831553,ACTIVE,,,,household|persil|fabric care,https://res.cloudinary.com/nigittriple/image/upload/v1776616142/claude/persil-power-gel-703485.jpg,70g,24,Italy,0.07,,,,,,,"Store in a cool, dry place away from children.",,,,,,,,,,,[]
Amaretto Italian Liquer,amaretto-italian-liquer,ADXX-AMAITA-449166,8001110016303,Amaretto Italian Liquer by Disaronno is available at NigiTriple Supermarket Port Harcourt.,Disaronno Amaretto Italian Liquer ? premium quality liquor.,40500,,,3,5,69e5aa5340cdaab22a0a1b06,69e5ac04e318e71f08831552,ACTIVE,,,,alcoholic drink|disaronno|liquor,https://res.cloudinary.com/nigittriple/image/upload/v1776616132/claude/amaretto-italian-liquer-016303.jpg,700ml,6,Italy,0.7,,,,,,,"Store upright in a cool, dark place away from direct sunlight.",,,,,,,,,,,[]
Blue Oxygen _Detersivo,blue-oxygen-detersivo,HXXX-BLUOXY-754160,8003640022052,Blue Oxygen _Detersivo by Soft is a quality household product available at NigiTriple Supermarket.,Soft Blue Oxygen _Detersivo ? quality household product for everyday use.,10100,,,4,5,69e5aa5240cdaab22a0a1b05,69e5ac03e318e71f08831551,ACTIVE,,,,household|soft|fabric care,https://res.cloudinary.com/nigittriple/image/upload/v1776616123/claude/blue-oxygen-detersivo-022052.jpg,2.2L,24,Italy,2.2,,,,,,,"Store in a cool, dry place away from children.",,,,,,,,,,,[]
Lavanda intensa _Detersivo,lavanda-intensa-detersivo,HXXX-LAVINT-953458,8003640022205,Lavanda intensa _Detersivo by Soft is a quality household product available at NigiTriple Supermarket.,Soft Lavanda intensa _Detersivo ? quality household product for everyday use.,10100,,,6,5,69e5aa5240cdaab22a0a1b05,69e5ac03e318e71f08831551,ACTIVE,,,,household|soft|fabric care,https://res.cloudinary.com/nigittriple/image/upload/v1776616114/claude/lavanda-intensa-detersivo-022205.jpg,2.2L,24,Italy,2.2,,,,,,,"Store in a cool, dry place away from children.",,,,,,,,,,,[]
Sweet Sparkling Wine Asti,sweet-sparkling-wine-asti,AWXX-SWESPA-987594,087872636803,"Sweet Sparkling Wine Asti by Stella Rosa is a premium Italian Italian wine of exceptional quality. Crafted from the finest Italian grape varieties, it offers a well-balanced flavour profile. Perfect for dining, entertaining, or gifting.",Stella Rosa Sweet Sparkling Wine Asti ? a distinguished Italian Italian wine with elegant character.,22000,,,11,5,69e5aa4f40cdaab22a0a1b02,69e5abf9e318e71f08831549,ACTIVE,,,,wine|Italian wine|stella rosa|Italian|fine wine,https://res.cloudinary.com/nigittriple/image/upload/v1776616105/claude/sweet-sparkling-wine-asti-636803.jpg,750ml,6,Italy,0.75,,,,,,,"Store in a cool, dark place at 12–15°C. Serve at appropriate temperature for wine type.",,Sulphites,,,,,,,,,[]
Classic blue _ammorbidente,classic-blue-ammorbidente,HXXX-CLABLU-856743,8003640035007,Classic blue _ammorbidente by Soft is a quality household product available at NigiTriple Supermarket.,Soft Classic blue _ammorbidente ? quality household product for everyday use.,10100,,,5,5,69e5aa5240cdaab22a0a1b05,69e5ac03e318e71f08831551,ACTIVE,,,,household|soft|fabric care,https://res.cloudinary.com/nigittriple/image/upload/v1776616095/claude/classic-blue-ammorbidente-035007.jpg,2.7L,24,Italy,2.7,,,,,,,"Store in a cool, dry place away from children.",,,,,,,,,,,[]
Sparkling Moscato,sparkling-moscato,AWXX-SPAMOS-297920,8018433030237,"Sparkling Moscato by Giorgi is a premium Italian Italian wine of exceptional quality. Crafted from the finest Italian grape varieties, it offers a well-balanced flavour profile. Perfect for dining, entertaining, or gifting.",Giorgi Sparkling Moscato ? a distinguished Italian Italian wine with elegant character.,20400,,,11,5,69e5aa4f40cdaab22a0a1b02,69e5ac02e318e71f08831550,ACTIVE,,,,wine|Italian wine|giorgi|Italian|fine wine,https://res.cloudinary.com/nigittriple/image/upload/v1776616086/claude/sparkling-moscato-030237.jpg,750ml,6,Italy,0.75,,,,,,,"Store in a cool, dark place at 12–15°C. Serve at appropriate temperature for wine type.",,Sulphites,,,,,,,,,[]
Prosecco Gold VS,prosecco-gold-vs,AWXX-PROGOL-694184,087872638708,"Prosecco Gold VS by Stella Rosa is a premium Italian ros?ine of exceptional quality. Crafted from the finest Italian grape varieties, it offers a well-balanced flavour profile. Perfect for dining, entertaining, or gifting.",Stella Rosa Prosecco Gold VS ? a distinguished Italian ros?ine with elegant character.,22000,,,4,5,69e5aa4f40cdaab22a0a1b02,69e5abf9e318e71f08831549,ACTIVE,,,,wine|Italian wine|stella rosa|ros?fine wine|prosecco,https://res.cloudinary.com/nigittriple/image/upload/v1776616076/claude/prosecco-gold-vs-638708.jpg,750ml,6,Italy,0.75,,,,,,,"Store in a cool, dark place at 12–15°C. Serve at appropriate temperature for wine type.",,Sulphites,,,,,,,,,[]
Milk & Coconut,milk-coconut,HXXX-MIL&-791405,6154000086770,Milk & Coconut by FreshGlow is a quality household product available at NigiTriple Supermarket.,FreshGlow Milk & Coconut ? quality household product for everyday use.,750,,,9,5,69e5aa5240cdaab22a0a1b05,69e5ac00e318e71f0883154f,ACTIVE,,,,household|freshglow|toiletries,https://res.cloudinary.com/nigittriple/image/upload/v1776616067/claude/milk-coconut-086770.jpg,30g,24,Italy,0.03,,,,,,,"Store in a cool, dry place away from children.",,,,,,,,,,,[]
Honey & Lemon Skincare Bar,honey-lemon-skincare-bar,HXXX-HON&-201245,6156000060286,Honey & Lemon Skincare Bar by FreshGlow is a quality household product available at NigiTriple Supermarket.,FreshGlow Honey & Lemon Skincare Bar ? quality household product for everyday use.,800,,,11,5,69e5aa5240cdaab22a0a1b05,69e5ac00e318e71f0883154f,ACTIVE,,,,household|freshglow|toiletries,https://res.cloudinary.com/nigittriple/image/upload/v1776616059/claude/honey-lemon-skincare-bar-060286.jpg,30g,24,Italy,0.03,,,,,,,"Store in a cool, dry place away from children.",,,,,,,,,,,[]
Tura Savon Germicide Medicamente 3in1,tura-savon-germicide-medicamente-3in1,HXXX-TURSAV-464527,6156000060118,Tura Savon Germicide Medicamente 3in1 by TURA england is a quality household product available at NigiTriple Supermarket.,TURA england Tura Savon Germicide Medicamente 3in1 ? quality household product for everyday use.,2250,,,28,5,69e5aa5240cdaab22a0a1b05,69e5abffe318e71f0883154e,ACTIVE,,,,household|tura england|toiletries,https://res.cloudinary.com/nigittriple/image/upload/v1776616050/claude/tura-savon-germicide-medicamente-3in1-060118.jpg,75g,24,Italy,0.075,,,,,,,"Store in a cool, dry place away from children.",,,,,,,,,,,[]
Sparkling Tropical Mango,sparkling-tropical-mango,AWXX-SPATRO-872721,087872637916,"Sparkling Tropical Mango by Stella Rosa is a premium Italian Italian wine of exceptional quality. Crafted from the finest Italian grape varieties, it offers a well-balanced flavour profile. Perfect for dining, entertaining, or gifting.",Stella Rosa Sparkling Tropical Mango ? a distinguished Italian Italian wine with elegant character.,19000,,,4,5,69e5aa4f40cdaab22a0a1b02,69e5abf9e318e71f08831549,ACTIVE,,,,wine|Italian wine|stella rosa|Italian|fine wine,https://res.cloudinary.com/nigittriple/image/upload/v1776616041/claude/sparkling-tropical-mango-637916.jpg,750ml,6,Italy,0.75,,,,,,,"Store in a cool, dark place at 12–15°C. Serve at appropriate temperature for wine type.",,Sulphites,,,,,,,,,[]
Prosecco Imperial Extra Dry,prosecco-imperial-extra-dry,AWXX-PROIMP-115965,087872630252,"Prosecco Imperial Extra Dry by Stella Rosa is a premium Italian ros?ine of exceptional quality. Crafted from the finest Italian grape varieties, it offers a well-balanced flavour profile. Perfect for dining, entertaining, or gifting.",Stella Rosa Prosecco Imperial Extra Dry ? a distinguished Italian ros?ine with elegant character.,22000,,,9,5,69e5aa4f40cdaab22a0a1b02,69e5abf9e318e71f08831549,ACTIVE,,,,wine|Italian wine|stella rosa|ros?fine wine|prosecco,https://res.cloudinary.com/nigittriple/image/upload/v1776616031/claude/prosecco-imperial-extra-dry-630252.jpg,750ml,6,Italy,0.75,,,,,,,"Store in a cool, dark place at 12–15°C. Serve at appropriate temperature for wine type.",,Sulphites,,,,,,,,,[]
Acido Citrico & Eucalipto,acido-citrico-eucalipto,HXXX-ACICIT-440561,8720182307842,Acido Citrico & Eucalipto by CIF is a quality household product available at NigiTriple Supermarket.,CIF Acido Citrico & Eucalipto ? quality household product for everyday use.,7000,,,16,5,69e5aa5240cdaab22a0a1b05,69e5aafe40cdaab22a0a1b94,ACTIVE,,,,household|cif|greenactive anticalcare,https://res.cloudinary.com/nigittriple/image/upload/v1776616022/claude/acido-citrico-eucalipto-307842.jpg,630g,24,Italy,0.63,,,,,,,"Store in a cool, dry place away from children.",,,,,,,,,,,[]
Prosecco Imperial Rose Extra Dry,prosecco-imperial-rose-extra-dry,AWXX-PROIMP-663047,087872638241,"Prosecco Imperial Rose Extra Dry by Stella Rosa is a premium Italian ros?ine of exceptional quality. Crafted from the finest Italian grape varieties, it offers a well-balanced flavour profile. Perfect for dining, entertaining, or gifting.",Stella Rosa Prosecco Imperial Rose Extra Dry ? a distinguished Italian ros?ine with elegant character.,22000,,,10,5,69e5aa4f40cdaab22a0a1b02,69e5abf9e318e71f08831549,ACTIVE,,,,wine|Italian wine|stella rosa|ros?fine wine|prosecco,https://res.cloudinary.com/nigittriple/image/upload/v1776616012/claude/prosecco-imperial-rose-extra-dry-638241.jpg,750ml,6,Italy,0.75,,,,,,,"Store in a cool, dark place at 12–15°C. Serve at appropriate temperature for wine type.",,Sulphites,,,,,,,,,[]
Multiuso Con Candeggina,multiuso-con-candeggina,HXXX-MULCON-421743,8720182303097,Multiuso Con Candeggina by CIF is a quality household product available at NigiTriple Supermarket.,CIF Multiuso Con Candeggina ? quality household product for everyday use.,7000,,,23,5,69e5aa5240cdaab22a0a1b05,69e5aafe40cdaab22a0a1b94,ACTIVE,,,,household|cif|spray attivo,https://res.cloudinary.com/nigittriple/image/upload/v1776616002/claude/multiuso-con-candeggina-303097.jpg,630g,24,Italy,0.63,,,,,,,"Store in a cool, dry place away from children.",,,,,,,,,,,[]
Semi Sweet Wine Golden Honey Peach,semi-sweet-wine-golden-honey-peach,AWXX-SEMSWE-478187,087872633635,"Semi Sweet Wine Golden Honey Peach by Stella Rosa is a premium Italian Italian wine of exceptional quality. Crafted from the finest Italian grape varieties, it offers a well-balanced flavour profile. Perfect for dining, entertaining, or gifting.",Stella Rosa Semi Sweet Wine Golden Honey Peach ? a distinguished Italian Italian wine with elegant character.,16000,,,23,5,69e5aa4f40cdaab22a0a1b02,69e5abf9e318e71f08831549,ACTIVE,,,,wine|Italian wine|stella rosa|Italian|fine wine,https://res.cloudinary.com/nigittriple/image/upload/v1776615993/claude/semi-sweet-wine-golden-honey-peach-633635.jpg,750ml,6,Italy,0.75,,,,,,,"Store in a cool, dark place at 12–15°C. Serve at appropriate temperature for wine type.",,Sulphites,,,,,,,,,[]
Semi Sweet Wine Blueberry,semi-sweet-wine-blueberry,AWXX-SEMSWE-398022,087872630931,"Semi Sweet Wine Blueberry by Stella Rosa is a premium Italian Italian wine of exceptional quality. Crafted from the finest Italian grape varieties, it offers a well-balanced flavour profile. Perfect for dining, entertaining, or gifting.",Stella Rosa Semi Sweet Wine Blueberry ? a distinguished Italian Italian wine with elegant character.,16000,,,11,5,69e5aa4f40cdaab22a0a1b02,69e5abf9e318e71f08831549,ACTIVE,,,,wine|Italian wine|stella rosa|Italian|fine wine,https://res.cloudinary.com/nigittriple/image/upload/v1776615983/claude/semi-sweet-wine-blueberry-630931.jpg,750ml,6,Italy,0.75,,,,,,,"Store in a cool, dark place at 12–15°C. Serve at appropriate temperature for wine type.",,Sulphites,,,,,,,,,[]
Semi Sweet Wine Moscato,semi-sweet-wine-moscato,AWXX-SEMSWE-635659,087872630603,"Semi Sweet Wine Moscato by Stella Rosa is a premium Italian Italian wine of exceptional quality. Crafted from the finest Italian grape varieties, it offers a well-balanced flavour profile. Perfect for dining, entertaining, or gifting.",Stella Rosa Semi Sweet Wine Moscato ? a distinguished Italian Italian wine with elegant character.,16000,,,9,5,69e5aa4f40cdaab22a0a1b02,69e5abf9e318e71f08831549,ACTIVE,,,,wine|Italian wine|stella rosa|Italian|fine wine,https://res.cloudinary.com/nigittriple/image/upload/v1776615973/claude/semi-sweet-wine-moscato-630603.jpg,750ml,6,Italy,0.75,,,,,,,"Store in a cool, dark place at 12–15°C. Serve at appropriate temperature for wine type.",,Sulphites,,,,,,,,,[]
Semi Sweet Wine Pineapple,semi-sweet-wine-pineapple,AWXX-SEMSWE-784978,087872638401,"Semi Sweet Wine Pineapple by Stella Rosa is a premium Italian Italian wine of exceptional quality. Crafted from the finest Italian grape varieties, it offers a well-balanced flavour profile. Perfect for dining, entertaining, or gifting.",Stella Rosa Semi Sweet Wine Pineapple ? a distinguished Italian Italian wine with elegant character.,16000,,,22,5,69e5aa4f40cdaab22a0a1b02,69e5abf9e318e71f08831549,ACTIVE,,,,wine|Italian wine|stella rosa|Italian|fine wine,https://res.cloudinary.com/nigittriple/image/upload/v1776615963/claude/semi-sweet-wine-pineapple-638401.jpg,750ml,6,Italy,0.75,,,,,,,"Store in a cool, dark place at 12–15°C. Serve at appropriate temperature for wine type.",,Sulphites,,,,,,,,,[]
Semi Sweet Wine Ruby Rose Grapefruit,semi-sweet-wine-ruby-rose-grapefruit,AWXX-SEMSWE-178805,08787264312 2,"Semi Sweet Wine Ruby Rose Grapefruit by Stella Rosa is a premium Italian ros?ine of exceptional quality. Crafted from the finest Italian grape varieties, it offers a well-balanced flavour profile. Perfect for dining, entertaining, or gifting.",Stella Rosa Semi Sweet Wine Ruby Rose Grapefruit ? a distinguished Italian ros?ine with elegant character.,16000,,,11,5,69e5aa4f40cdaab22a0a1b02,69e5abf9e318e71f08831549,ACTIVE,,,,wine|Italian wine|stella rosa|ros?fine wine,https://res.cloudinary.com/nigittriple/image/upload/v1776615954/claude/semi-sweet-wine-ruby-rose-grapefruit-4312%202.jpg,750ml,6,Italy,0.75,,,,,,,"Store in a cool, dark place at 12–15°C. Serve at appropriate temperature for wine type.",,Sulphites,,,,,,,,,[]
Memwa women body wash,memwa-women-body-wash-1gjq,HXXX-MEMWOM-307836,0655498700835,Memwa women body wash by Lovely Best Bella is a quality household product available at NigiTriple Supermarket.,Lovely Best Bella Memwa women body wash ? quality household product for everyday use.,6875,,,0,5,69e5aa5240cdaab22a0a1b05,69e5abfee318e71f0883154d,ACTIVE,,,,household|lovely best bella|toiletries,https://res.cloudinary.com/nigittriple/image/upload/v1776615933/claude/memwa-women-body-wash-700835.jpg,1.0L,24,Italy,1,,,,,,,"Store in a cool, dry place away from children.",,,,,,,,,,,[]
Semi Sweet Wine Black Cherry,semi-sweet-wine-black-cherry,AWXX-SEMSWE-893086,087872630955,"Semi Sweet Wine Black Cherry by Stell Rosa is a premium Italian Italian wine of exceptional quality. Crafted from the finest Italian grape varieties, it offers a well-balanced flavour profile. Perfect for dining, entertaining, or gifting.",Stell Rosa Semi Sweet Wine Black Cherry ? a distinguished Italian Italian wine with elegant character.,16000,,,10,5,69e5aa4f40cdaab22a0a1b02,69e5abfde318e71f0883154c,ACTIVE,,,,wine|Italian wine|stell rosa|Italian|fine wine,https://res.cloudinary.com/nigittriple/image/upload/v1776615917/claude/semi-sweet-wine-black-cherry-630955.jpg,750ml,6,Italy,0.75,,,,,,,"Store in a cool, dark place at 12–15°C. Serve at appropriate temperature for wine type.",,Sulphites,,,,,,,,,[]
Memwa women body wash,memwa-women-body-wash-365n,HXXX-MEMWOM-319536,0655498700828,Memwa women body wash by Pink Summer Sugar is a quality household product available at NigiTriple Supermarket.,Pink Summer Sugar Memwa women body wash ? quality household product for everyday use.,6875,,,2,5,69e5aa5240cdaab22a0a1b05,69e5abfbe318e71f0883154b,ACTIVE,,,,household|pink summer sugar|toiletries,https://res.cloudinary.com/nigittriple/image/upload/v1776615904/claude/memwa-women-body-wash-700828.jpg,1.0L,24,Italy,1,,,,,,,"Store in a cool, dry place away from children.",,,,,,,,,,,[]
Semi Sweet Wine Peach,semi-sweet-wine-peach,AWXX-SEMSWE-957183,087872632218,"Semi Sweet Wine Peach by Stella Rosa is a premium Italian Italian wine of exceptional quality. Crafted from the finest Italian grape varieties, it offers a well-balanced flavour profile. Perfect for dining, entertaining, or gifting.",Stella Rosa Semi Sweet Wine Peach ? a distinguished Italian Italian wine with elegant character.,16000,,,9,5,69e5aa4f40cdaab22a0a1b02,69e5abf9e318e71f08831549,ACTIVE,,,,wine|Italian wine|stella rosa|Italian|fine wine,https://res.cloudinary.com/nigittriple/image/upload/v1776615893/claude/semi-sweet-wine-peach-632218.jpg,750ml,6,Italy,0.75,,,,,,,"Store in a cool, dark place at 12–15°C. Serve at appropriate temperature for wine type.",,Sulphites,,,,,,,,,[]
Semi Sweet Wine Green Apple,semi-sweet-wine-green-apple,AWXX-SEMSWE-181624,087872633901,"Semi Sweet Wine Green Apple by Stella Rosa is a premium Italian Italian wine of exceptional quality. Crafted from the finest Italian grape varieties, it offers a well-balanced flavour profile. Perfect for dining, entertaining, or gifting.",Stella Rosa Semi Sweet Wine Green Apple ? a distinguished Italian Italian wine with elegant character.,16000,,,9,5,69e5aa4f40cdaab22a0a1b02,69e5abf9e318e71f08831549,ACTIVE,,,,wine|Italian wine|stella rosa|Italian|fine wine,https://res.cloudinary.com/nigittriple/image/upload/v1776615882/claude/semi-sweet-wine-green-apple-633901.jpg,750ml,6,Italy,0.75,,,,,,,"Store in a cool, dark place at 12–15°C. Serve at appropriate temperature for wine type.",,Sulphites,,,,,,,,,[]
Semi Sweet Wine Black,semi-sweet-wine-black,AWXX-SEMSWE-824653,087872633369,"Semi Sweet Wine Black by Stella Rosa is a premium Italian Italian wine of exceptional quality. Crafted from the finest Italian grape varieties, it offers a well-balanced flavour profile. Perfect for dining, entertaining, or gifting.",Stella Rosa Semi Sweet Wine Black ? a distinguished Italian Italian wine with elegant character.,16000,,,8,5,69e5aa4f40cdaab22a0a1b02,69e5abf9e318e71f08831549,ACTIVE,,,,wine|Italian wine|stella rosa|Italian|fine wine,https://res.cloudinary.com/nigittriple/image/upload/v1776615872/claude/semi-sweet-wine-black-633369.jpg,750ml,6,Italy,0.75,,,,,,,"Store in a cool, dark place at 12–15°C. Serve at appropriate temperature for wine type.",,Sulphites,,,,,,,,,[]
Semi Sweet Wine Lemon Lime,semi-sweet-wine-lemon-lime,AWXX-SEMSWE-124171,087872634717,"Semi Sweet Wine Lemon Lime by Stella Rosa is a premium Italian Italian wine of exceptional quality. Crafted from the finest Italian grape varieties, it offers a well-balanced flavour profile. Perfect for dining, entertaining, or gifting.",Stella Rosa Semi Sweet Wine Lemon Lime ? a distinguished Italian Italian wine with elegant character.,16000,,,9,5,69e5aa4f40cdaab22a0a1b02,69e5abf9e318e71f08831549,ACTIVE,,,,wine|Italian wine|stella rosa|Italian|fine wine,https://res.cloudinary.com/nigittriple/image/upload/v1776615862/claude/semi-sweet-wine-lemon-lime-634717.jpg,750ml,6,Italy,0.75,,,,,,,"Store in a cool, dark place at 12–15°C. Serve at appropriate temperature for wine type.",,Sulphites,,,,,,,,,[]
Semi Sweet Wine Tropical Mango Flavour,semi-sweet-wine-tropical-mango-flavour,AWXX-SEMSWE-504887,087872633956,"Semi Sweet Wine Tropical Mango Flavour by Stella Rosa is a premium Italian Italian wine of exceptional quality. Crafted from the finest Italian grape varieties, it offers a well-balanced flavour profile. Perfect for dining, entertaining, or gifting.",Stella Rosa Semi Sweet Wine Tropical Mango Flavour ? a distinguished Italian Italian wine with elegant character.,16000,,,16,5,69e5aa4f40cdaab22a0a1b02,69e5abf9e318e71f08831549,ACTIVE,,,,wine|Italian wine|stella rosa|Italian|fine wine,https://res.cloudinary.com/nigittriple/image/upload/v1776615852/claude/semi-sweet-wine-tropical-mango-flavour-633956.jpg,750ml,6,Italy,0.75,,,,,,,"Store in a cool, dark place at 12–15°C. Serve at appropriate temperature for wine type.",,Sulphites,,,,,,,,,[]
Semi Sweet Wine Strawberry Rose,semi-sweet-wine-strawberry-rose,AWXX-SEMSWE-443549,087872634502,"Semi Sweet Wine Strawberry Rose by Stella Rosa is a premium Italian ros?ine of exceptional quality. Crafted from the finest Italian grape varieties, it offers a well-balanced flavour profile. Perfect for dining, entertaining, or gifting.",Stella Rosa Semi Sweet Wine Strawberry Rose ? a distinguished Italian ros?ine with elegant character.,16000,,,4,5,69e5aa4f40cdaab22a0a1b02,69e5abf9e318e71f08831549,ACTIVE,,,,wine|Italian wine|stella rosa|ros?fine wine,https://res.cloudinary.com/nigittriple/image/upload/v1776615843/claude/semi-sweet-wine-strawberry-rose-634502.jpg,750ml,6,Italy,0.75,,,,,,,"Store in a cool, dark place at 12–15°C. Serve at appropriate temperature for wine type.",,Sulphites,,,,,,,,,[]
Semi Sweet Wine Pink,semi-sweet-wine-pink,AWXX-SEMSWE-477064,08787263223,"Semi Sweet Wine Pink by Low Alcoholic Wine is a premium Italian Italian wine of exceptional quality. Crafted from the finest Italian grape varieties, it offers a well-balanced flavour profile. Perfect for dining, entertaining, or gifting.",Low Alcoholic Wine Semi Sweet Wine Pink ? a distinguished Italian Italian wine with elegant character.,16000,,,8,5,69e5aa4f40cdaab22a0a1b02,69e5abfae318e71f0883154a,ACTIVE,,,,wine|Italian wine|low alcoholic wine|Italian|fine wine,https://res.cloudinary.com/nigittriple/image/upload/v1776615834/claude/semi-sweet-wine-pink-263223.jpg,750ml,6,Italy,0.75,,,,,,,"Store in a cool, dark place at 12–15°C. Serve at appropriate temperature for wine type.",,Sulphites,,,,,,,,,[]
Semi Sweet Wine Blackberry Flavour,semi-sweet-wine-blackberry-flavour,AWXX-SEMSWE-625820,087872634205,"Semi Sweet Wine Blackberry Flavour by Stella Rosa is a premium Italian Italian wine of exceptional quality. Crafted from the finest Italian grape varieties, it offers a well-balanced flavour profile. Perfect for dining, entertaining, or gifting.",Stella Rosa Semi Sweet Wine Blackberry Flavour ? a distinguished Italian Italian wine with elegant character.,16000,,,10,5,69e5aa4f40cdaab22a0a1b02,69e5abf9e318e71f08831549,ACTIVE,,,,wine|Italian wine|stella rosa|Italian|fine wine,https://res.cloudinary.com/nigittriple/image/upload/v1776615825/claude/semi-sweet-wine-blackberry-flavour-634205.jpg,750ml,6,Italy,0.75,,,,,,,"Store in a cool, dark place at 12–15°C. Serve at appropriate temperature for wine type.",,Sulphites,,,,,,,,,[]
Semi Sweet Wine Moscato Dasti,semi-sweet-wine-moscato-dasti,AWXX-SEMSWE-760018,087872630122,"Semi Sweet Wine Moscato Dasti by Stella Rosa is a premium Italian Italian wine of exceptional quality. Crafted from the finest Italian grape varieties, it offers a well-balanced flavour profile. Perfect for dining, entertaining, or gifting.",Stella Rosa Semi Sweet Wine Moscato Dasti ? a distinguished Italian Italian wine with elegant character.,22000,,,11,5,69e5aa4f40cdaab22a0a1b02,69e5abf9e318e71f08831549,ACTIVE,,,,wine|Italian wine|stella rosa|Italian|fine wine,https://res.cloudinary.com/nigittriple/image/upload/v1776615815/claude/semi-sweet-wine-moscato-dasti-630122.jpg,750ml,6,Italy,0.75,,,,,,,"Store in a cool, dark place at 12–15°C. Serve at appropriate temperature for wine type.",,Sulphites,,,,,,,,,[]
Semi Sweet Wine Red,semi-sweet-wine-red,AWXX-SEMSWE-677069,087872630139,"Semi Sweet Wine Red by Stella Rosa is a premium Italian red wine of exceptional quality. Crafted from the finest Italian grape varieties, it offers a well-balanced flavour profile. Perfect for dining, entertaining, or gifting.",Stella Rosa Semi Sweet Wine Red ? a distinguished Italian red wine with elegant character.,16000,,,5,5,69e5aa4f40cdaab22a0a1b02,69e5abf9e318e71f08831549,ACTIVE,,,,wine|Italian wine|stella rosa|red|fine wine,https://res.cloudinary.com/nigittriple/image/upload/v1776615807/claude/semi-sweet-wine-red-630139.jpg,750ml,6,Italy,0.75,,,,,,,"Store in a cool, dark place at 12–15°C. Serve at appropriate temperature for wine type.",,Sulphites,,,,,,,,,[]
Semi Sweet Wine Watermelon Flavour,semi-sweet-wine-watermelon-flavour,AWXX-SEMSWE-853417,087872638425,"Semi Sweet Wine Watermelon Flavour by Stella Rosa is a premium Italian Italian wine of exceptional quality. Crafted from the finest Italian grape varieties, it offers a well-balanced flavour profile. Perfect for dining, entertaining, or gifting.",Stella Rosa Semi Sweet Wine Watermelon Flavour ? a distinguished Italian Italian wine with elegant character.,16000,,,17,5,69e5aa4f40cdaab22a0a1b02,69e5abf9e318e71f08831549,ACTIVE,,,,wine|Italian wine|stella rosa|Italian|fine wine,https://res.cloudinary.com/nigittriple/image/upload/v1776615797/claude/semi-sweet-wine-watermelon-flavour-638425.jpg,750ml,6,Italy,0.75,,,,,,,"Store in a cool, dark place at 12–15°C. Serve at appropriate temperature for wine type.",,Sulphites,,,,,,,,,[]
Semi Sweet Wine Berry Flavour,semi-sweet-wine-berry-flavour,AWXX-SEMSWE-758131,087872632225,"Semi Sweet Wine Berry Flavour by Stella Rosa is a premium Italian Italian wine of exceptional quality. Crafted from the finest Italian grape varieties, it offers a well-balanced flavour profile. Perfect for dining, entertaining, or gifting.",Stella Rosa Semi Sweet Wine Berry Flavour ? a distinguished Italian Italian wine with elegant character.,16000,,,8,5,69e5aa4f40cdaab22a0a1b02,69e5abf9e318e71f08831549,ACTIVE,,,,wine|Italian wine|stella rosa|Italian|fine wine,https://res.cloudinary.com/nigittriple/image/upload/v1776615788/claude/semi-sweet-wine-berry-flavour-632225.jpg,750ml,6,Italy,0.75,,,,,,,"Store in a cool, dark place at 12–15°C. Serve at appropriate temperature for wine type.",,Sulphites,,,,,,,,,[]
Millennium Sparkling Water 33Cl,millennium-sparkling-water-33cl,DXXX-MILSPA-823579,8001620023082,Millennium Sparkling Water 33Cl by San Benedetto is a refreshing non-alcoholic beverage available at NigiTriple Supermarket.,Millennium Sparkling Water 33Cl ? refreshing water by San Benedetto.,1000,,,47,5,69e5aa5140cdaab22a0a1b04,69e5aab540cdaab22a0a1b56,ACTIVE,,,,drinks|san benedetto|water,https://res.cloudinary.com/nigittriple/image/upload/v1776615765/claude/millennium-sparkling-water-33cl-023082.jpg,330ml,24,Italy,0.33,,,,,,,Best served chilled. Store in a cool place.,,,,,,,,,,,[]
Romantic Memwa women body wash,romantic-memwa-women-body-wash,HXXX-ROMMEM-855514,0655498700811,Romantic Memwa women body wash by Tize bi Sharshabill is a quality household product available at NigiTriple Supermarket.,Tize bi Sharshabill Romantic Memwa women body wash ? quality household product for everyday use.,6875,,,0,5,69e5aa5240cdaab22a0a1b05,69e5abf8e318e71f08831548,ACTIVE,,,,household|tize bi sharshabill|toiletries,https://res.cloudinary.com/nigittriple/image/upload/v1776615756/claude/romantic-memwa-women-body-wash-700811.jpg,1.0L,24,Italy,1,,,,,,,"Store in a cool, dry place away from children.",,,,,,,,,,,[]
Sparkling Water 75CL,sparkling-water-75cl,DXXX-SPAWAT-201420,8002270083709,Sparkling Water 75CL by San Pellegrino is a refreshing non-alcoholic beverage available at NigiTriple Supermarket.,Sparkling Water 75CL ? refreshing water by San Pellegrino.,4000,,,22,5,69e5aa5140cdaab22a0a1b04,69e5abf1e318e71f08831541,ACTIVE,,,,drinks|san pellegrino|water,https://res.cloudinary.com/nigittriple/image/upload/v1776615748/claude/sparkling-water-75cl-083709.jpg,750ml,24,Italy,0.75,,,,,,,Best served chilled. Store in a cool place.,,,,,,,,,,,[]
Natural Minerals Water 75CL,natural-minerals-water-75cl-egsb,DXXX-NATMIN-137227,8000815003908,Natural Minerals Water 75CL by Acqua Panna is a refreshing non-alcoholic beverage available at NigiTriple Supermarket.,Natural Minerals Water 75CL ? refreshing water by Acqua Panna.,4000,,,25,5,69e5aa5140cdaab22a0a1b04,69e5abf6e318e71f08831546,ACTIVE,,,,drinks|acqua panna|water,https://res.cloudinary.com/nigittriple/image/upload/v1776615738/claude/natural-minerals-water-75cl-003908.jpg,750ml,24,Italy,0.75,,,,,,,Best served chilled. Store in a cool place.,,,,,,,,,,,[]
Memwa women body wash,memwa-women-body-wash,HXXX-MEMWOM-872754,0655498700866,"Memwa women body wash by LELE SABB, Giorgio Mirani, 1212Sexy is a quality household product available at NigiTriple Supermarket.","LELE SABB, Giorgio Mirani, 1212Sexy Memwa women body wash ? quality household product for everyday use.",6875,,,4,5,69e5aa5240cdaab22a0a1b05,69e5abf7e318e71f08831547,ACTIVE,,,,"household|lele sabb, giorgio mirani, 1212sexy|toiletries",https://res.cloudinary.com/nigittriple/image/upload/v1776615729/claude/memwa-women-body-wash-700866.jpg,960g,24,Italy,0.96,,,,,,,"Store in a cool, dry place away from children.",,,,,,,,,,,[]
Natural Mineral Water Pack 25cl*6,natural-mineral-water-pack-25cl-6,DXXX-NATMIN-732438,8000815014768,Natural Mineral Water Pack 25cl*6 by Acqua Panna is a refreshing non-alcoholic beverage available at NigiTriple Supermarket.,Natural Mineral Water Pack 25cl*6 ? refreshing water by Acqua Panna.,12000,,,8,5,69e5aa5140cdaab22a0a1b04,69e5abf6e318e71f08831546,ACTIVE,,,,drinks|acqua panna|water,https://res.cloudinary.com/nigittriple/image/upload/v1776615720/claude/natural-mineral-water-pack-25cl-6-014768.jpg,1500ml,24,Italy,1.5,,,,,,,Best served chilled. Store in a cool place.,,,,,,,,,,,[]
Bagnodoccia Body wash_Sensual Touch,bagnodoccia-body-wash-sensual-touch,HXXX-BAGBOD-511236,8008970055428,Bagnodoccia Body wash_Sensual Touch by Vidal is a quality household product available at NigiTriple Supermarket.,Vidal Bagnodoccia Body wash_Sensual Touch ? quality household product for everyday use.,5900,,,7,5,69e5aa5240cdaab22a0a1b05,69e5abf5e318e71f08831545,ACTIVE,,,,household|vidal|toiletries,https://res.cloudinary.com/nigittriple/image/upload/v1776615710/claude/bagnodoccia-body-wash-sensual-touch-055428.jpg,480g,24,Italy,0.48,,,,,,,"Store in a cool, dry place away from children.",,,,,,,,,,,[]
Bagnodoccia Body wash with Argan oil,bagnodoccia-body-wash-with-argan-oil,HXXX-BAGBOD-634945,8008970055374,Bagnodoccia Body wash with Argan oil by Vidal is a quality household product available at NigiTriple Supermarket.,Vidal Bagnodoccia Body wash with Argan oil ? quality household product for everyday use.,4500,,,1,5,69e5aa5240cdaab22a0a1b05,69e5abf5e318e71f08831545,ACTIVE,,,,household|vidal|toiletries,https://res.cloudinary.com/nigittriple/image/upload/v1776615701/claude/bagnodoccia-body-wash-with-argan-oil-055374.jpg,480g,24,Italy,0.48,,,,,,,"Store in a cool, dry place away from children.",,,,,,,,,,,[]
Neutro _ bagnoschiuma antibatterico,neutro-bagnoschiuma-antibatterico,HXXX-NEU_-495250,8033993194441,Neutro _ bagnoschiuma antibatterico by neutro derma is a quality household product available at NigiTriple Supermarket.,neutro derma Neutro _ bagnoschiuma antibatterico ? quality household product for everyday use.,3895,,,6,5,69e5aa5240cdaab22a0a1b05,69e5abf3e318e71f08831543,ACTIVE,,,,household|neutro derma|toiletries,https://res.cloudinary.com/nigittriple/image/upload/v1776615686/claude/neutro-bagnoschiuma-antibatterico-194441.jpg,730g,24,Italy,0.73,,,,,,,"Store in a cool, dry place away from children.",,,,,,,,,,,[]
Ginger Beer,ginger-beer-2kk9,DXXX-GINBEE-546002,5060108450348,Ginger Beer by Fever Tree is a refreshing non-alcoholic beverage available at NigiTriple Supermarket.,Ginger Beer ? refreshing soft drink by Fever Tree.,4000,,,8,5,69e5aa5140cdaab22a0a1b04,69e5abf3e318e71f08831544,ACTIVE,,,,drinks|fever tree|soft drink,https://res.cloudinary.com/nigittriple/image/upload/v1776615672/claude/ginger-beer-450348.jpg,200ml,24,Italy,0.2,,,,,,,Best served chilled. Store in a cool place.,,,,,,,,,,,[]
Latte D' Avena_bagnoschiuma emolliente,latte-d-avena-bagnoschiuma-emolliente,HXXX-LATD'-916635,8033993194403,Latte D' Avena_bagnoschiuma emolliente by neutro derma is a quality household product available at NigiTriple Supermarket.,neutro derma Latte D' Avena_bagnoschiuma emolliente ? quality household product for everyday use.,3785,,,10,5,69e5aa5240cdaab22a0a1b05,69e5abf3e318e71f08831543,ACTIVE,,,,household|neutro derma|toiletries,,730g,24,Italy,0.73,,,,,,,"Store in a cool, dry place away from children.",,,,,,,,,,,[]
Pink Pepper Tonic Water,pink-pepper-tonic-water,DXXX-PINPEP-835280,8056666570021,Pink Pepper Tonic Water by Chantry Well is a refreshing non-alcoholic beverage available at NigiTriple Supermarket.,Pink Pepper Tonic Water ? refreshing soft drink by Chantry Well.,3700,,,0,5,69e5aa5140cdaab22a0a1b04,69e5abf2e318e71f08831542,ACTIVE,,,,drinks|chantry well|soft drink,https://res.cloudinary.com/nigittriple/image/upload/v1776615662/claude/pink-pepper-tonic-water-570021.jpg,200ml,24,Italy,0.2,,,,,,,Best served chilled. Store in a cool place.,,,,,,,,,,,[]
Lemon  Drink,lemon-drink,DXXX-LEMDRI-951302,8056666570038,Lemon  Drink by Chantry Well is a refreshing non-alcoholic beverage available at NigiTriple Supermarket.,Lemon  Drink ? refreshing soft drink by Chantry Well.,3700,,,2,5,69e5aa5140cdaab22a0a1b04,69e5abf2e318e71f08831542,ACTIVE,,,,drinks|chantry well|soft drink,https://res.cloudinary.com/nigittriple/image/upload/v1776615652/claude/lemon-drink-570038.jpg,200ml,24,Italy,0.2,,,,,,,Best served chilled. Store in a cool place.,,,,,,,,,,,[]
Latte Di Mandorla,latte-di-mandorla,HXXX-LATDI-903428,8033993194434,Latte Di Mandorla by neutro derma is a quality household product available at NigiTriple Supermarket.,neutro derma Latte Di Mandorla ? quality household product for everyday use.,3985,,,16,5,69e5aa5240cdaab22a0a1b05,69e5abf3e318e71f08831543,ACTIVE,,,,household|neutro derma|toiletries,https://res.cloudinary.com/nigittriple/image/upload/v1776615643/claude/latte-di-mandorla-194434.jpg,730g,24,Italy,0.73,,,,,,,"Store in a cool, dry place away from children.",,,,,,,,,,,[]
Talco Liquido_bagnoschiuma delicato,talco-liquido-bagnoschiuma-delicato,HXXX-TALLIQ-436623,8033993194472,Talco Liquido_bagnoschiuma delicato by neutro derma is a quality household product available at NigiTriple Supermarket.,neutro derma Talco Liquido_bagnoschiuma delicato ? quality household product for everyday use.,3985,,,9,5,69e5aa5240cdaab22a0a1b05,69e5abf3e318e71f08831543,ACTIVE,,,,household|neutro derma|toiletries,https://res.cloudinary.com/nigittriple/image/upload/v1776615632/claude/talco-liquido-bagnoschiuma-delicato-194472.jpg,730g,24,Italy,0.73,,,,,,,"Store in a cool, dry place away from children.",,,,,,,,,,,[]
Old Tonic,old-tonic,DXXX-OLDTON-310152,8056666570014,Old Tonic by Chantry Well is a refreshing non-alcoholic beverage available at NigiTriple Supermarket.,Old Tonic ? refreshing soft drink by Chantry Well.,3700,,,1,5,69e5aa5140cdaab22a0a1b04,69e5abf2e318e71f08831542,ACTIVE,,,,drinks|chantry well|soft drink,https://res.cloudinary.com/nigittriple/image/upload/v1776615624/claude/old-tonic-570014.jpg,200ml,24,Italy,0.2,,,,,,,Best served chilled. Store in a cool place.,,,,,,,,,,,[]
Latte Di Cocco _ bagnoschiuma idratante,latte-di-cocco-bagnoschiuma-idratante,HXXX-LATDI-235472,8033993194410,Latte Di Cocco _ bagnoschiuma idratante by neutro derma is a quality household product available at NigiTriple Supermarket.,neutro derma Latte Di Cocco _ bagnoschiuma idratante ? quality household product for everyday use.,3895,,,8,5,69e5aa5240cdaab22a0a1b05,69e5abf3e318e71f08831543,ACTIVE,,,,household|neutro derma|toiletries,https://res.cloudinary.com/nigittriple/image/upload/v1776615613/claude/latte-di-cocco-bagnoschiuma-idratante-194410.jpg,730g,24,Italy,0.73,,,,,,,"Store in a cool, dry place away from children.",,,,,,,,,,,[]
Ginger Beer,ginger-beer,DXXX-GINBEE-247361,8056666570007,Ginger Beer by Chantry Well is a refreshing non-alcoholic beverage available at NigiTriple Supermarket.,Ginger Beer ? refreshing soft drink by Chantry Well.,3700,,,9,5,69e5aa5140cdaab22a0a1b04,69e5abf2e318e71f08831542,ACTIVE,,,,drinks|chantry well|soft drink,https://res.cloudinary.com/nigittriple/image/upload/v1776615604/claude/ginger-beer-570007.jpg,200ml,24,Italy,0.2,,,,,,,Best served chilled. Store in a cool place.,,,,,,,,,,,[]
Candeggina Piu_ Armonie floreali,candeggina-piu-armonie-floreali,HXXX-CANPIU-759263,8001480709133,Candeggina Piu_ Armonie floreali by Ace is a quality household product available at NigiTriple Supermarket.,Ace Candeggina Piu_ Armonie floreali ? quality household product for everyday use.,8900,,,2,5,69e5aa5240cdaab22a0a1b05,69e5ab0040cdaab22a0a1b96,ACTIVE,,,,household|ace|cleaning agent,https://res.cloudinary.com/nigittriple/image/upload/v1776615594/claude/candeggina-piu-armonie-floreali-709133.jpg,2.5L,24,Italy,2.5,,,,,,,"Store in a cool, dry place away from children.",,,,,,,,,,,[]
Gassosa Lemonade Drink Pack 20cl*4,gassosa-lemonade-drink-pack-20cl-4,DXXX-GASLEM-734730,80067603,Gassosa Lemonade Drink Pack 20cl*4 by San Pellegrino is a refreshing non-alcoholic beverage available at NigiTriple Supermarket.,Gassosa Lemonade Drink Pack 20cl*4 ? refreshing juice by San Pellegrino.,9500,,,2,5,69e5aa5140cdaab22a0a1b04,69e5abf1e318e71f08831541,ACTIVE,,,,drinks|san pellegrino|juice,https://res.cloudinary.com/nigittriple/image/upload/v1776615573/claude/gassosa-lemonade-drink-pack-20cl-4-067603.jpg,800ml,24,Italy,0.8,,,,,,,Best served chilled. Store in a cool place.,,,,,,,,,,,[]
Cocktail Drink Pack 20cl*4,cocktail-drink-pack-20cl-4,DXXX-COCDRI-234591,80048756,Cocktail Drink Pack 20cl*4 by San Pellegrino is a refreshing non-alcoholic beverage available at NigiTriple Supermarket.,Cocktail Drink Pack 20cl*4 ? refreshing juice by San Pellegrino.,5000,,,0,5,69e5aa5140cdaab22a0a1b04,69e5abf1e318e71f08831541,ACTIVE,,,,drinks|san pellegrino|juice,https://res.cloudinary.com/nigittriple/image/upload/v1776614432/claude/cocktail-drink-pack-20cl-4-048756.jpg,800ml,24,Italy,0.8,,,,,,,Best served chilled. Store in a cool place.,,,,,,,,,,,[]
Candeggina gel,candeggina-gel-j81q,HXXX-CANGEL-608204,8003650012806,Candeggina gel by WC NET is a quality household product available at NigiTriple Supermarket.,WC NET Candeggina gel ? quality household product for everyday use.,6550,,,6,5,69e5aa5240cdaab22a0a1b05,69e5abede318e71f0883153e,ACTIVE,,,,household|wc net|cleaning agent,https://res.cloudinary.com/nigittriple/image/upload/v1776614416/claude/candeggina-gel-012806.jpg,690g,24,Italy,0.69,,,,,,,"Store in a cool, dry place away from children.",,,,,,,,,,,[]
Original Receipt Flavour Pack 10cl*10,original-receipt-flavour-pack-10cl-10,DXXX-ORIREC-196596,8000845005149,Original Receipt Flavour Pack 10cl*10 by Crodino is a refreshing non-alcoholic beverage available at NigiTriple Supermarket.,Original Receipt Flavour Pack 10cl*10 ? refreshing juice by Crodino.,20000,,,4,5,69e5aa5140cdaab22a0a1b04,69e5abf0e318e71f08831540,ACTIVE,,,,drinks|crodino|juice,https://res.cloudinary.com/nigittriple/image/upload/v1776614405/claude/original-receipt-flavour-pack-10cl-10-005149.jpg,1000ml,24,Italy,1,,,,,,,Best served chilled. Store in a cool place.,,,,,,,,,,,[]
Soft blue oxygen,soft-blue-oxygen,HXXX-SOFBLU-631826,8003640015528,Soft blue oxygen by Sosteniamo L'ambiente is a quality household product available at NigiTriple Supermarket.,Sosteniamo L'ambiente Soft blue oxygen ? quality household product for everyday use.,8000,,,5,5,69e5aa5240cdaab22a0a1b05,69e5abeee318e71f0883153f,ACTIVE,,,,household|sosteniamo l'ambiente|detergent,https://res.cloudinary.com/nigittriple/image/upload/v1776614390/claude/soft-blue-oxygen-015528.jpg,1.1L,24,Italy,1.1,,,,,,,"Store in a cool, dry place away from children.",,,,,,,,,,,[]
Red Orange Pack 10clx10,red-orange-pack-10clx10,DXXX-REDORA-290138,8000845065815,Red Orange Pack 10clx10 by Crodino is a refreshing non-alcoholic beverage available at NigiTriple Supermarket.,Red Orange Pack 10clx10 ? refreshing juice by Crodino.,20000,,,6,5,69e5aa5140cdaab22a0a1b04,69e5abf0e318e71f08831540,ACTIVE,,,,drinks|crodino|juice,https://res.cloudinary.com/nigittriple/image/upload/v1776614376/claude/red-orange-pack-10clx10-065815.jpg,100ml,24,Italy,0.1,,,,,,,Best served chilled. Store in a cool place.,,,,,,,,,,,[]
Soft Lavanda,soft-lavanda,HXXX-SOFLAV-931783,8003640015535,Soft Lavanda by Sosteniamo L'ambiente is a quality household product available at NigiTriple Supermarket.,Sosteniamo L'ambiente Soft Lavanda ? quality household product for everyday use.,8000,,,6,5,69e5aa5240cdaab22a0a1b05,69e5abeee318e71f0883153f,ACTIVE,,,,household|sosteniamo l'ambiente|detergent,https://res.cloudinary.com/nigittriple/image/upload/v1776614363/claude/soft-lavanda-015535.jpg,1.1L,24,Italy,1.1,,,,,,,"Store in a cool, dry place away from children.",,,,,,,,,,,[]
Candeggina gel,candeggina-gel,HXXX-CANGEL-252505,8003650012906,Candeggina gel by WC NET is a quality household product available at NigiTriple Supermarket.,WC NET Candeggina gel ? quality household product for everyday use.,6550,,,11,5,69e5aa5240cdaab22a0a1b05,69e5abede318e71f0883153e,ACTIVE,,,,household|wc net|cleaning agent,https://res.cloudinary.com/nigittriple/image/upload/v1776614354/claude/candeggina-gel-012906.jpg,690g,24,Italy,0.69,,,,,,,"Store in a cool, dry place away from children.",,,,,,,,,,,[]
White & Shine Bleach,white-shine-bleach,HXXX-WHI&-582518,8003650012906,White & Shine Bleach by Harpic is a quality household product available at NigiTriple Supermarket.,Harpic White & Shine Bleach ? quality household product for everyday use.,3700,,,11,5,69e5aa5240cdaab22a0a1b05,69e5ab0440cdaab22a0a1b99,ACTIVE,,,,household|harpic|bleach,https://res.cloudinary.com/nigittriple/image/upload/v1776614344/claude/white-shine-bleach-012906.jpg,740g,24,Italy,0.74,,,,,,,"Store in a cool, dry place away from children.",,,,,,,,,,,[]
Prosecco Galie Extra Dry,prosecco-galie-extra-dry-a39l,ACXX-PROGAL-459918,178222111991,"Prosecco Galie Extra Dry by Astoria is a premium Italian ros?ine of exceptional quality. Crafted from the finest Italian grape varieties, it offers a well-balanced flavour profile. Perfect for dining, entertaining, or gifting.",Astoria Prosecco Galie Extra Dry ? a distinguished Italian ros?ine with elegant character.,192300,,,1,5,69e5aa5040cdaab22a0a1b03,69e5aad740cdaab22a0a1b73,ACTIVE,,,,wine|Italian wine|astoria|ros?fine wine|prosecco|Astoria,https://res.cloudinary.com/nigittriple/image/upload/v1776614333/claude/prosecco-galie-extra-dry-111991.jpg,3000ml,6,Italy,3,,,,,,,"Store in a cool, dark place at 12–15°C. Serve at appropriate temperature for wine type.",,Sulphites,,,,,,,,,[]
Disincrosante gel,disincrosante-gel,HXXX-DISGEL-826018,8003650012883,Disincrosante gel by WC NET is a quality household product available at NigiTriple Supermarket.,WC NET Disincrosante gel ? quality household product for everyday use.,6550,,,22,5,69e5aa5240cdaab22a0a1b05,69e5abede318e71f0883153e,ACTIVE,,,,household|wc net|cleaning agent,https://res.cloudinary.com/nigittriple/image/upload/v1776614320/claude/disincrosante-gel-012883.jpg,680g,24,Italy,0.68,,,,,,,"Store in a cool, dry place away from children.",,,,,,,,,,,[]
Sparkling Fashion Victim Special Edition,sparkling-fashion-victim-special-edition,ACXX-SPAFAS-992422,8003905060300,"Sparkling Fashion Victim Special Edition by Astoria is a premium Italian Italian wine of exceptional quality. Crafted from the finest Italian grape varieties, it offers a well-balanced flavour profile. Perfect for dining, entertaining, or gifting.",Astoria Sparkling Fashion Victim Special Edition ? a distinguished Italian Italian wine with elegant character.,162320,,,1,5,69e5aa5040cdaab22a0a1b03,69e5aad740cdaab22a0a1b73,ACTIVE,,,,wine|Italian wine|astoria|Italian|fine wine|Astoria,https://res.cloudinary.com/nigittriple/image/upload/v1776614311/claude/sparkling-fashion-victim-special-edition-060300.jpg,3000ml,6,Italy,3,,,,,,,"Store in a cool, dark place at 12–15°C. Serve at appropriate temperature for wine type.",,Sulphites,,,,,,,,,[]
Plastic Refuse Packer,plastic-refuse-packer,HXXX-PLAREF-379789,100,Plastic Refuse Packer by Sacme is a quality household product available at NigiTriple Supermarket.,Sacme Plastic Refuse Packer ? quality household product for everyday use.,1200,,,8,5,69e5aa5240cdaab22a0a1b05,69e5abece318e71f0883153d,ACTIVE,,,,household|sacme|refuse packer,https://res.cloudinary.com/nigittriple/image/upload/v1776614296/claude/plastic-refuse-packer-0692.jpg,30g,24,Italy,0.03,,,,,,,"Store in a cool, dry place away from children.",,,,,,,,,,,[]
Valdobbiadene Prosecco Corderie,valdobbiadene-prosecco-corderie,ACXX-VALPRO-894329,8003905091373,"Valdobbiadene Prosecco Corderie by Astoria is a premium Italian ros?ine of exceptional quality. Crafted from the finest Italian grape varieties, it offers a well-balanced flavour profile. Perfect for dining, entertaining, or gifting.",Astoria Valdobbiadene Prosecco Corderie ? a distinguished Italian ros?ine with elegant character.,174800,,,1,5,69e5aa5040cdaab22a0a1b03,69e5aad740cdaab22a0a1b73,ACTIVE,,,,wine|Italian wine|astoria|ros?fine wine|prosecco|Astoria,https://res.cloudinary.com/nigittriple/image/upload/v1776614286/claude/valdobbiadene-prosecco-corderie-091373.jpg,3000ml,6,Italy,3,,,,,,,"Store in a cool, dark place at 12–15°C. Serve at appropriate temperature for wine type.",,Sulphites,,,,,,,,,[]
100% Limescale Remover,100-limescale-remover,HXXX-100LIM-260824,5011417539071,100% Limescale Remover by Harpic is a quality household product available at NigiTriple Supermarket.,Harpic 100% Limescale Remover ? quality household product for everyday use.,3700,,,1,5,69e5aa5240cdaab22a0a1b05,69e5ab0440cdaab22a0a1b99,ACTIVE,,,,household|harpic|cleaning agent,https://res.cloudinary.com/nigittriple/image/upload/v1776614273/claude/100-limescale-remover-539071.jpg,740g,24,Italy,0.74,,,,,,,"Store in a cool, dry place away from children.",,,,,,,,,,,[]
Sparkling Fashion Victim Rose,sparkling-fashion-victim-rose,ACXX-SPAFAS-373063,8003905061024,"Sparkling Fashion Victim Rose by Astoria is a premium Italian ros?ine of exceptional quality. Crafted from the finest Italian grape varieties, it offers a well-balanced flavour profile. Perfect for dining, entertaining, or gifting.",Astoria Sparkling Fashion Victim Rose ? a distinguished Italian ros?ine with elegant character.,162320,,,1,5,69e5aa5040cdaab22a0a1b03,69e5aad740cdaab22a0a1b73,ACTIVE,,,,wine|Italian wine|astoria|ros?fine wine|Astoria,https://res.cloudinary.com/nigittriple/image/upload/v1776614262/claude/sparkling-fashion-victim-rose-061024.jpg,3000ml,6,Italy,3,,,,,,,"Store in a cool, dark place at 12–15°C. Serve at appropriate temperature for wine type.",,Sulphites,,,,,,,,,[]
Forza & Igiene _ Sgrassatore con Candeggina,forza-igiene-sgrassatore-con-candeggina,HXXX-FOR&-596550,8015194513528,Forza & Igiene _ Sgrassatore con Candeggina by CHANTECLAIR is a quality household product available at NigiTriple Supermarket.,CHANTECLAIR Forza & Igiene _ Sgrassatore con Candeggina ? quality household product for everyday use.,6000,,,9,5,69e5aa5240cdaab22a0a1b05,69e5ab0240cdaab22a0a1b98,ACTIVE,,,,household|chanteclair|cleaning agent,https://res.cloudinary.com/nigittriple/image/upload/v1776614244/claude/forza-igiene-sgrassatore-con-candeggina-513528.jpg,610g,24,Italy,0.61,,,,,,,"Store in a cool, dry place away from children.",,,,,,,,,,,[]
Sparkling Lounge Brut,sparkling-lounge-brut,ACXX-SPALOU-451621,8003905040500,"Sparkling Lounge Brut by Astoria is a premium Italian sparkling wine of exceptional quality. Crafted from the finest Italian grape varieties, it offers a well-balanced flavour profile. Perfect for dining, entertaining, or gifting.",Astoria Sparkling Lounge Brut ? a distinguished Italian sparkling wine with elegant character.,33750,,,6,5,69e5aa5040cdaab22a0a1b03,69e5aad740cdaab22a0a1b73,ACTIVE,,,,wine|Italian wine|astoria|sparkling|fine wine|Astoria,https://res.cloudinary.com/nigittriple/image/upload/v1776614234/claude/sparkling-lounge-brut-040500.jpg,1500ml,6,Italy,1.5,,,,,,,"Store in a cool, dark place at 12–15°C. Serve at appropriate temperature for wine type.",,Sulphites,,,,,,,,,[]
Pavimenti _Marsigli e Muschio Bianco,pavimenti-marsigli-e-muschio-bianco,HXXX-PAV_MA-287483,8008970035314,Pavimenti _Marsigli e Muschio Bianco by Spic & Span is a quality household product available at NigiTriple Supermarket.,Spic & Span Pavimenti _Marsigli e Muschio Bianco ? quality household product for everyday use.,4500,,,11,5,69e5aa5240cdaab22a0a1b05,69e5ab0140cdaab22a0a1b97,ACTIVE,,,,household|spic & span|cleaning agent,https://res.cloudinary.com/nigittriple/image/upload/v1776614224/claude/pavimenti-marsigli-e-muschio-bianco-035314.jpg,980g,24,Italy,0.98,,,,,,,"Store in a cool, dry place away from children.",,,,,,,,,,,[]
Prosecco Galie Extra Dry,prosecco-galie-extra-dry-r58y,ACXX-PROGAL-470298,8003905042344,"Prosecco Galie Extra Dry by Astoria is a premium Italian ros?ine of exceptional quality. Crafted from the finest Italian grape varieties, it offers a well-balanced flavour profile. Perfect for dining, entertaining, or gifting.",Astoria Prosecco Galie Extra Dry ? a distinguished Italian ros?ine with elegant character.,44950,,,1,5,69e5aa5040cdaab22a0a1b03,69e5aad740cdaab22a0a1b73,ACTIVE,,,,wine|Italian wine|astoria|ros?fine wine|prosecco|Astoria,https://res.cloudinary.com/nigittriple/image/upload/v1776614214/claude/prosecco-galie-extra-dry-042344.jpg,1500ml,6,Italy,1.5,,,,,,,"Store in a cool, dark place at 12–15°C. Serve at appropriate temperature for wine type.",,Sulphites,,,,,,,,,[]
Valdobbiadene Millesimee Extra Dry,valdobbiadene-millesimee-extra-dry,ACXX-VALMIL-458319,8003905040111,"Valdobbiadene Millesimee Extra Dry by Astoria is a premium Italian Italian wine of exceptional quality. Crafted from the finest Italian grape varieties, it offers a well-balanced flavour profile. Perfect for dining, entertaining, or gifting.",Astoria Valdobbiadene Millesimee Extra Dry ? a distinguished Italian Italian wine with elegant character.,59950,,,1,5,69e5aa5040cdaab22a0a1b03,69e5aad740cdaab22a0a1b73,ACTIVE,,,,wine|Italian wine|astoria|Italian|fine wine|Astoria,https://res.cloudinary.com/nigittriple/image/upload/v1776614203/claude/valdobbiadene-millesimee-extra-dry-040111.jpg,1500ml,6,Italy,1.5,,,,,,,"Store in a cool, dark place at 12–15°C. Serve at appropriate temperature for wine type.",,Sulphites,,,,,,,,,[]
Pavimenti Igienizzante _Lavanda e Oli essenziali,pavimenti-igienizzante-lavanda-e-oli-essenziali,HXXX-PAVIGI-888688,8001480703919,Pavimenti Igienizzante _Lavanda e Oli essenziali by Ace is a quality household product available at NigiTriple Supermarket.,Ace Pavimenti Igienizzante _Lavanda e Oli essenziali ? quality household product for everyday use.,7000,,,1,5,69e5aa5240cdaab22a0a1b05,69e5ab0040cdaab22a0a1b96,ACTIVE,,,,household|ace|cleaning agent,https://res.cloudinary.com/nigittriple/image/upload/v1776614193/claude/pavimenti-igienizzante-lavanda-e-oli-essenziali-703919.jpg,1.0L,24,Italy,1,,,,,,,"Store in a cool, dry place away from children.",,,,,,,,,,,[]
Pavimenti Igienizzante _Talco e Muschio Bianco,pavimenti-igienizzante-talco-e-muschio-bianco,HXXX-PAVIGI-659638,8001480703339,Pavimenti Igienizzante _Talco e Muschio Bianco by Ace is a quality household product available at NigiTriple Supermarket.,Ace Pavimenti Igienizzante _Talco e Muschio Bianco ? quality household product for everyday use.,6000,,,2,5,69e5aa5240cdaab22a0a1b05,69e5ab0040cdaab22a0a1b96,ACTIVE,,,,household|ace|cleaning agent,https://res.cloudinary.com/nigittriple/image/upload/v1776614181/claude/pavimenti-igienizzante-talco-e-muschio-bianco-703339.jpg,1.0L,24,Italy,1,,,,,,,"Store in a cool, dry place away from children.",,,,,,,,,,,[]
Sparkling Fashion Victim Special Edition Brut,sparkling-fashion-victim-special-edition-brut-ja5i,ACXX-SPAFAS-193250,8003905041149,"Sparkling Fashion Victim Special Edition Brut by Astoria is a premium Italian sparkling wine of exceptional quality. Crafted from the finest Italian grape varieties, it offers a well-balanced flavour profile. Perfect for dining, entertaining, or gifting.",Astoria Sparkling Fashion Victim Special Edition Brut ? a distinguished Italian sparkling wine with elegant character.,35000,,,4,5,69e5aa5040cdaab22a0a1b03,69e5aad740cdaab22a0a1b73,ACTIVE,,,,wine|Italian wine|astoria|sparkling|fine wine|Astoria,https://res.cloudinary.com/nigittriple/image/upload/v1776614171/claude/sparkling-fashion-victim-special-edition-brut-041149.jpg,1500ml,6,Italy,1.5,,,,,,,"Store in a cool, dark place at 12–15°C. Serve at appropriate temperature for wine type.",,Sulphites,,,,,,,,,[]
No-Lye Relaxer 7 salon pack Touch -ups,no-lye-relaxer-7-salon-pack-touch-ups,HXXX-NO-REL-385703,80253506433,No-Lye Relaxer 7 salon pack Touch -ups by Mega Growth is a quality household product available at NigiTriple Supermarket.,Mega Growth No-Lye Relaxer 7 salon pack Touch -ups ? quality household product for everyday use.,7800,,,3,5,69e5aa5240cdaab22a0a1b05,69e5aaff40cdaab22a0a1b95,ACTIVE,,,,household|mega growth|hair relaxer,https://res.cloudinary.com/nigittriple/image/upload/v1776614159/claude/no-lye-relaxer-7-salon-pack-touch-ups-506433.jpg,850g,24,Italy,0.85,,,,,,,"Store in a cool, dry place away from children.",,,,,,,,,,,[]
Ultra Acciaio,ultra-acciaio,HXXX-ULTACC-989759,8717644082003,Ultra Acciaio by CIF is a quality household product available at NigiTriple Supermarket.,CIF Ultra Acciaio ? quality household product for everyday use.,5500,,,5,5,69e5aa5240cdaab22a0a1b05,69e5aafe40cdaab22a0a1b94,ACTIVE,,,,household|cif|cleaning agent,https://res.cloudinary.com/nigittriple/image/upload/v1776614147/claude/ultra-acciaio-082003.jpg,480g,24,Italy,0.48,,,,,,,"Store in a cool, dry place away from children.",,,,,,,,,,,[]
Glitzi Crystal 3in1,glitzi-crystal-3in1,HXXX-GLICRY-921032,8001940004044,Glitzi Crystal 3in1 by Vileda is a quality household product available at NigiTriple Supermarket.,Vileda Glitzi Crystal 3in1 ? quality household product for everyday use.,3500,,,5,5,69e5aa5240cdaab22a0a1b05,69e5aaf640cdaab22a0a1b8e,ACTIVE,,,,household|vileda|dish sponge,https://res.cloudinary.com/nigittriple/image/upload/v1776614137/claude/glitzi-crystal-3in1-004044.jpg,15g,24,Italy,0.015,,,,,,,"Store in a cool, dry place away from children.",,,,,,,,,,,[]
Sponge cloth,sponge-cloth,HXXX-SPOCLO-511394,8001940000213,Sponge cloth by Vileda is a quality household product available at NigiTriple Supermarket.,Vileda Sponge cloth ? quality household product for everyday use.,5000,,,5,5,69e5aa5240cdaab22a0a1b05,69e5aaf640cdaab22a0a1b8e,ACTIVE,,,,household|vileda|sponge,https://res.cloudinary.com/nigittriple/image/upload/v1776614126/claude/sponge-cloth-000213.jpg,45g,24,Italy,0.045,,,,,,,"Store in a cool, dry place away from children.",,,,,,,,,,,[]
Prosecco Superiore Corderie,prosecco-superiore-corderie,ACXX-PROSUP-259308,8003905042825,"Prosecco Superiore Corderie by Astoria is a premium Italian ros?ine of exceptional quality. Crafted from the finest Italian grape varieties, it offers a well-balanced flavour profile. Perfect for dining, entertaining, or gifting.",Astoria Prosecco Superiore Corderie ? a distinguished Italian ros?ine with elegant character.,49950,,,3,5,69e5aa5040cdaab22a0a1b03,69e5aad740cdaab22a0a1b73,ACTIVE,,,,wine|Italian wine|astoria|ros?fine wine|prosecco|Astoria,https://res.cloudinary.com/nigittriple/image/upload/v1776614115/claude/prosecco-superiore-corderie-042825.jpg,1500ml,6,Italy,1.5,,,,,,,"Store in a cool, dark place at 12–15°C. Serve at appropriate temperature for wine type.",,Sulphites,,,,,,,,,[]
Extra sensation Gloove,extra-sensation-gloove,HXXX-EXTSEN-678614,4023103073944,Extra sensation Gloove by Vileda is a quality household product available at NigiTriple Supermarket.,Vileda Extra sensation Gloove ? quality household product for everyday use.,4500,,,6,5,69e5aa5240cdaab22a0a1b05,69e5aaf640cdaab22a0a1b8e,ACTIVE,,,,household|vileda|thick hand gloves,https://res.cloudinary.com/nigittriple/image/upload/v1776614100/claude/extra-sensation-gloove-073944.jpg,35g,24,Italy,0.035,,,,,,,"Store in a cool, dry place away from children.",,,,,,,,,,,[]
Red Wine Barbera Alba,red-wine-barbera-alba,AWXX-REDWIN-143110,8003905040290,"Red Wine Barbera Alba by Massucco is a premium Italian red wine of exceptional quality. Crafted from the finest Italian grape varieties, it offers a well-balanced flavour profile. Perfect for dining, entertaining, or gifting.",Massucco Red Wine Barbera Alba ? a distinguished Italian red wine with elegant character.,27550,,,4,5,69e5aa4f40cdaab22a0a1b02,69e5aac440cdaab22a0a1b63,ACTIVE,,,,wine|Italian wine|massucco|red|fine wine,https://res.cloudinary.com/nigittriple/image/upload/v1776614089/claude/red-wine-barbera-alba-040290.jpg,750ml,6,Italy,0.75,,,,,,,"Store in a cool, dark place at 12–15°C. Serve at appropriate temperature for wine type.",,Sulphites,,,,,,,,,[]
Aluminum Professional Pack 150mt,aluminum-professional-pack-150mt,HXXX-ALUPRO-386506,8000713141504,Aluminum Professional Pack 150mt by Mister pack is a quality household product available at NigiTriple Supermarket.,Mister pack Aluminum Professional Pack 150mt ? quality household product for everyday use.,40000,,,0,5,69e5aa5240cdaab22a0a1b05,69e5aafd40cdaab22a0a1b93,ACTIVE,,,,household|mister pack|aluminum pack/foil,https://res.cloudinary.com/nigittriple/image/upload/v1776614071/claude/aluminum-professional-pack-150mt-141504.jpg,1.0L,24,Italy,1,,,,,,,"Store in a cool, dry place away from children.",,,,,,,,,,,[]
Prosecco Extra dry,prosecco-extra-dry,AWXX-PROEXT-406728,174822111694,"Prosecco Extra dry by Duplavilis is a premium Italian ros?ine of exceptional quality. Crafted from the finest Italian grape varieties, it offers a well-balanced flavour profile. Perfect for dining, entertaining, or gifting.",Duplavilis Prosecco Extra dry ? a distinguished Italian ros?ine with elegant character.,22400,,,4,5,69e5aa4f40cdaab22a0a1b02,69e5aafb40cdaab22a0a1b92,ACTIVE,,,,wine|Italian wine|duplavilis|ros?fine wine|prosecco,https://res.cloudinary.com/nigittriple/image/upload/v1776614061/claude/prosecco-extra-dry-111694.jpg,750ml,6,Italy,0.75,,,,,,,"Store in a cool, dark place at 12–15°C. Serve at appropriate temperature for wine type.",,Sulphites,,,,,,,,,[]
Tight Cling Film,tight-cling-film,HXXX-TIGCLI-913234,5281001218532,Tight Cling Film by Marvel is a quality household product available at NigiTriple Supermarket.,Marvel Tight Cling Film ? quality household product for everyday use.,4400,,,12,5,69e5aa5240cdaab22a0a1b05,69e5aaf940cdaab22a0a1b91,ACTIVE,,,,household|marvel|cling film,https://res.cloudinary.com/nigittriple/image/upload/v1776614049/claude/tight-cling-film-218532.jpg,100g,24,Italy,0.1,,,,,,,"Store in a cool, dry place away from children.",,,,,,,,,,,[]
Sparkling Club Dei Saggi extra Dry,sparkling-club-dei-saggi-extra-dry,AWXX-SPACLU-459526,174822111674,"Sparkling Club Dei Saggi extra Dry by Foss Marai is a premium Italian Italian wine of exceptional quality. Crafted from the finest Italian grape varieties, it offers a well-balanced flavour profile. Perfect for dining, entertaining, or gifting.",Foss Marai Sparkling Club Dei Saggi extra Dry ? a distinguished Italian Italian wine with elegant character.,40250,,,6,5,69e5aa4f40cdaab22a0a1b02,69e5aae540cdaab22a0a1b7f,ACTIVE,,,,wine|Italian wine|foss marai|Italian|fine wine,https://res.cloudinary.com/nigittriple/image/upload/v1776614038/claude/sparkling-club-dei-saggi-extra-dry-111674.jpg,750ml,6,Italy,0.75,,,,,,,"Store in a cool, dark place at 12–15°C. Serve at appropriate temperature for wine type.",,Sulphites,,,,,,,,,[]
White Wine Muller Thurgau,white-wine-muller-thurgau-xn9l,AWXX-WHIWIN-910956,8004312607003,"White Wine Muller Thurgau by St Michael Eppan is a premium Italian white wine of exceptional quality. Crafted from the finest Italian grape varieties, it offers a well-balanced flavour profile. Perfect for dining, entertaining, or gifting.",St Michael Eppan White Wine Muller Thurgau ? a distinguished Italian white wine with elegant character.,40000,,,5,5,69e5aa4f40cdaab22a0a1b02,69e5aaf840cdaab22a0a1b90,ACTIVE,,,,wine|Italian wine|st michael eppan|white|fine wine,https://res.cloudinary.com/nigittriple/image/upload/v1776613988/claude/white-wine-muller-thurgau-607003.jpg,750ml,6,Italy,0.75,,,,,,,"Store in a cool, dark place at 12–15°C. Serve at appropriate temperature for wine type.",,Sulphites,,,,,,,,,[]
30m Transparent Film,30m-transparent-film,HXXX-30MTRA-752934,8420700012585,30m Transparent Film by Zidar is a quality household product available at NigiTriple Supermarket.,Zidar 30m Transparent Film ? quality household product for everyday use.,3100,,,7,5,69e5aa5240cdaab22a0a1b05,69e5aaf740cdaab22a0a1b8f,ACTIVE,,,,household|zidar|film wrap,https://res.cloudinary.com/nigittriple/image/upload/v1776613975/claude/30m-transparent-film-012585.jpg,75g,24,Italy,0.075,,,,,,,"Store in a cool, dry place away from children.",,,,,,,,,,,[]
Red Wine Friuli Refosco,red-wine-friuli-refosco,AWXX-REDWIN-163042,8015920042155,"Red Wine Friuli Refosco by Cormons is a premium Italian red wine of exceptional quality. Crafted from the finest Italian grape varieties, it offers a well-balanced flavour profile. Perfect for dining, entertaining, or gifting.",Cormons Red Wine Friuli Refosco ? a distinguished Italian red wine with elegant character.,28750,,,3,5,69e5aa4f40cdaab22a0a1b02,69e5aaf540cdaab22a0a1b8d,ACTIVE,,,,wine|Italian wine|cormons|red|fine wine,https://res.cloudinary.com/nigittriple/image/upload/v1776613965/claude/red-wine-friuli-refosco-042155.jpg,750ml,6,Italy,0.75,,,,,,,"Store in a cool, dark place at 12–15°C. Serve at appropriate temperature for wine type.",,Sulphites,,,,,,,,,[]
Supermocio Soft,supermocio-soft,HXXX-SUPSOF-407805,8001940005720,Supermocio Soft by Vileda is a quality household product available at NigiTriple Supermarket.,Vileda Supermocio Soft ? quality household product for everyday use.,9000,,,0,5,69e5aa5240cdaab22a0a1b05,69e5aaf640cdaab22a0a1b8e,ACTIVE,,,,household|vileda|mopping head,https://res.cloudinary.com/nigittriple/image/upload/v1776613951/claude/supermocio-soft-005720.jpg,45g,24,Italy,0.045,,,,,,,"Store in a cool, dry place away from children.",,,,,,,,,,,[]
White Wine Friuli Traminer,white-wine-friuli-traminer,AWXX-WHIWIN-467934,8015920172654,"White Wine Friuli Traminer by Cormons is a premium Italian white wine of exceptional quality. Crafted from the finest Italian grape varieties, it offers a well-balanced flavour profile. Perfect for dining, entertaining, or gifting.",Cormons White Wine Friuli Traminer ? a distinguished Italian white wine with elegant character.,26200,,,7,5,69e5aa4f40cdaab22a0a1b02,69e5aaf540cdaab22a0a1b8d,ACTIVE,,,,wine|Italian wine|cormons|white|fine wine,https://res.cloudinary.com/nigittriple/image/upload/v1776613942/claude/white-wine-friuli-traminer-172654.jpg,750ml,6,Italy,0.75,,,,,,,"Store in a cool, dark place at 12–15°C. Serve at appropriate temperature for wine type.",,Sulphites,,,,,,,,,[]
White Wine Collio Ribolla Gialla,white-wine-collio-ribolla-gialla,AWXX-WHIWIN-268226,8015920012783,"White Wine Collio Ribolla Gialla by Cormons is a premium Italian white wine of exceptional quality. Crafted from the finest Italian grape varieties, it offers a well-balanced flavour profile. Perfect for dining, entertaining, or gifting.",Cormons White Wine Collio Ribolla Gialla ? a distinguished Italian white wine with elegant character.,34700,,,2,5,69e5aa4f40cdaab22a0a1b02,69e5aaf540cdaab22a0a1b8d,ACTIVE,,,,wine|Italian wine|cormons|white|fine wine,https://res.cloudinary.com/nigittriple/image/upload/v1776613931/claude/white-wine-collio-ribolla-gialla-012783.jpg,750ml,6,Italy,0.75,,,,,,,"Store in a cool, dark place at 12–15°C. Serve at appropriate temperature for wine type.",,Sulphites,,,,,,,,,[]
Red Wine Collio Merlot,red-wine-collio-merlot,AWXX-REDWIN-859969,8015920012011,"Red Wine Collio Merlot by Cormons is a premium Italian red wine of exceptional quality. Crafted from the finest Italian grape varieties, it offers a well-balanced flavour profile. Perfect for dining, entertaining, or gifting.",Cormons Red Wine Collio Merlot ? a distinguished Italian red wine with elegant character.,28000,,,7,5,69e5aa4f40cdaab22a0a1b02,69e5aaf540cdaab22a0a1b8d,ACTIVE,,,,wine|Italian wine|cormons|red|fine wine,https://res.cloudinary.com/nigittriple/image/upload/v1776613919/claude/red-wine-collio-merlot-012011.jpg,750ml,6,Italy,0.75,,,,,,,"Store in a cool, dark place at 12–15°C. Serve at appropriate temperature for wine type.",,Sulphites,,,,,,,,,[]
White Wine Collio Pinot Grigio,white-wine-collio-pinot-grigio,AWXX-WHIWIN-902413,8015920012493,"White Wine Collio Pinot Grigio by Cormons is a premium Italian white wine of exceptional quality. Crafted from the finest Italian grape varieties, it offers a well-balanced flavour profile. Perfect for dining, entertaining, or gifting.",Cormons White Wine Collio Pinot Grigio ? a distinguished Italian white wine with elegant character.,28000,,,2,5,69e5aa4f40cdaab22a0a1b02,69e5aaf540cdaab22a0a1b8d,ACTIVE,,,,wine|Italian wine|cormons|white|fine wine,https://res.cloudinary.com/nigittriple/image/upload/v1776613902/claude/white-wine-collio-pinot-grigio-012493.jpg,750ml,6,Italy,0.75,,,,,,,"Store in a cool, dark place at 12–15°C. Serve at appropriate temperature for wine type.",,Sulphites,,,,,,,,,[]
White Wine Le Sabbie Dell'Etna,white-wine-le-sabbie-dell-etna,AWXX-WHIWIN-580390,8002815406482,"White Wine Le Sabbie Dell'Etna by Firriato is a premium Italian white wine of exceptional quality. Crafted from the finest Italian grape varieties, it offers a well-balanced flavour profile. Perfect for dining, entertaining, or gifting.",Firriato White Wine Le Sabbie Dell'Etna ? a distinguished Italian white wine with elegant character.,40800,,,4,5,69e5aa4f40cdaab22a0a1b02,69e5aaf440cdaab22a0a1b8c,ACTIVE,,,,wine|Italian wine|firriato|white|fine wine,https://res.cloudinary.com/nigittriple/image/upload/v1776613890/claude/white-wine-le-sabbie-dell-etna-406482.jpg,750ml,6,Italy,0.75,,,,,,,"Store in a cool, dark place at 12–15°C. Serve at appropriate temperature for wine type.",,Sulphites,,,,,,,,,[]
Red Wine Le Sabbie Dell'Etna,red-wine-le-sabbie-dell-etna,AWXX-REDWIN-513645,8002815406468,"Red Wine Le Sabbie Dell'Etna by Firriato is a premium Italian red wine of exceptional quality. Crafted from the finest Italian grape varieties, it offers a well-balanced flavour profile. Perfect for dining, entertaining, or gifting.",Firriato Red Wine Le Sabbie Dell'Etna ? a distinguished Italian red wine with elegant character.,40800,,,7,5,69e5aa4f40cdaab22a0a1b02,69e5aaf440cdaab22a0a1b8c,ACTIVE,,,,wine|Italian wine|firriato|red|fine wine,https://res.cloudinary.com/nigittriple/image/upload/v1776613878/claude/red-wine-le-sabbie-dell-etna-406468.jpg,750ml,6,Italy,0.75,,,,,,,"Store in a cool, dark place at 12–15°C. Serve at appropriate temperature for wine type.",,Sulphites,,,,,,,,,[]
Red Wine Vendemmia terre siciliane IGT,red-wine-vendemmia-terre-siciliane-igt,AWXX-REDWIN-683134,8007063121033,"Red Wine Vendemmia terre siciliane IGT by Corvo is a premium Italian red wine of exceptional quality. Crafted from the finest Italian grape varieties, it offers a well-balanced flavour profile. Perfect for dining, entertaining, or gifting.",Corvo Red Wine Vendemmia terre siciliane IGT ? a distinguished Italian red wine with elegant character.,20000,,,3,5,69e5aa4f40cdaab22a0a1b02,69e5aad140cdaab22a0a1b6e,ACTIVE,,,,wine|Italian wine|corvo|red|fine wine,https://res.cloudinary.com/nigittriple/image/upload/v1776613864/claude/red-wine-vendemmia-terre-siciliane-igt-121033.jpg,750ml,6,Italy,0.75,,,,,,,"Store in a cool, dark place at 12–15°C. Serve at appropriate temperature for wine type.",,Sulphites,,,,,,,,,[]
Red Wine Toscana,red-wine-toscana,AWXX-REDWIN-161127,8001935361404,"Red Wine Toscana by Santa Cristina is a premium Italian red wine of exceptional quality. Crafted from the finest Italian grape varieties, it offers a well-balanced flavour profile. Perfect for dining, entertaining, or gifting.",Santa Cristina Red Wine Toscana ? a distinguished Italian red wine with elegant character.,27750,,,1,5,69e5aa4f40cdaab22a0a1b02,69e5aadf40cdaab22a0a1b7a,ACTIVE,,,,wine|Italian wine|santa cristina|red|fine wine,https://res.cloudinary.com/nigittriple/image/upload/v1776613853/claude/red-wine-toscana-361404.jpg,750ml,6,Italy,0.75,,,,,,,"Store in a cool, dark place at 12–15°C. Serve at appropriate temperature for wine type.",,Sulphites,,,,,,,,,[]
Sweet Wine Marzemino  Fervo Passito,sweet-wine-marzemino-fervo-passito,ACXX-SWEWIN-811261,8003905040227,"Sweet Wine Marzemino  Fervo Passito by Astoria is a premium Italian Italian wine of exceptional quality. Crafted from the finest Italian grape varieties, it offers a well-balanced flavour profile. Perfect for dining, entertaining, or gifting.",Astoria Sweet Wine Marzemino  Fervo Passito ? a distinguished Italian Italian wine with elegant character.,34950,,,0,5,69e5aa5040cdaab22a0a1b03,69e5aad740cdaab22a0a1b73,ACTIVE,,,,wine|Italian wine|astoria|Italian|fine wine|Astoria,https://res.cloudinary.com/nigittriple/image/upload/v1776613842/claude/sweet-wine-marzemino-fervo-passito-040227.jpg,500ml,6,Italy,0.5,,,,,,,"Store in a cool, dark place at 12–15°C. Serve at appropriate temperature for wine type.",,Sulphites,,,,,,,,,[]
Red Wine Icona Cabernet Sauvignon,red-wine-icona-cabernet-sauvignon,ACXX-REDWIN-682145,8003905101843,"Red Wine Icona Cabernet Sauvignon by Astoria is a premium Italian red wine of exceptional quality. Crafted from the finest Italian grape varieties, it offers a well-balanced flavour profile. Perfect for dining, entertaining, or gifting.",Astoria Red Wine Icona Cabernet Sauvignon ? a distinguished Italian red wine with elegant character.,19000,,,14,5,69e5aa5040cdaab22a0a1b03,69e5aad740cdaab22a0a1b73,ACTIVE,,,,wine|Italian wine|astoria|red|fine wine|Astoria,https://res.cloudinary.com/nigittriple/image/upload/v1776613831/claude/red-wine-icona-cabernet-sauvignon-101843.jpg,750ml,6,Italy,0.75,,,,,,,"Store in a cool, dark place at 12–15°C. Serve at appropriate temperature for wine type.",,Sulphites,,,,,,,,,[]
White Wine Estro Chardonnay,white-wine-estro-chardonnay,ACXX-WHIWIN-888213,8003905101836,"White Wine Estro Chardonnay by Astoria is a premium Italian white wine of exceptional quality. Crafted from the finest Italian grape varieties, it offers a well-balanced flavour profile. Perfect for dining, entertaining, or gifting.",Astoria White Wine Estro Chardonnay ? a distinguished Italian white wine with elegant character.,19000,,,7,5,69e5aa5040cdaab22a0a1b03,69e5aad740cdaab22a0a1b73,ACTIVE,,,,wine|Italian wine|astoria|white|fine wine|Astoria,https://res.cloudinary.com/nigittriple/image/upload/v1776613818/claude/white-wine-estro-chardonnay-101836.jpg,750ml,6,Italy,0.75,,,,,,,"Store in a cool, dark place at 12–15°C. Serve at appropriate temperature for wine type.",,Sulphites,,,,,,,,,[]
White Wine Suade Sauvignon Blanc,white-wine-suade-sauvignon-blanc,ACXX-WHIWIN-476402,8003905102543,"White Wine Suade Sauvignon Blanc by Astoria is a premium Italian white wine of exceptional quality. Crafted from the finest Italian grape varieties, it offers a well-balanced flavour profile. Perfect for dining, entertaining, or gifting.",Astoria White Wine Suade Sauvignon Blanc ? a distinguished Italian white wine with elegant character.,21000,,,6,5,69e5aa5040cdaab22a0a1b03,69e5aad740cdaab22a0a1b73,ACTIVE,,,,wine|Italian wine|astoria|white|fine wine|Astoria,https://res.cloudinary.com/nigittriple/image/upload/v1776613803/claude/white-wine-suade-sauvignon-blanc-102543.jpg,750ml,6,Italy,0.75,,,,,,,"Store in a cool, dark place at 12–15°C. Serve at appropriate temperature for wine type.",,Sulphites,,,,,,,,,[]
Red Wine Nero Di Ttoia Pietra Dei Lupi,red-wine-nero-di-ttoia-pietra-dei-lupi,AWXX-REDWIN-899790,174825521110,"Red Wine Nero Di Ttoia Pietra Dei Lupi by Cantine Carpentier is a premium Italian red wine of exceptional quality. Crafted from the finest Italian grape varieties, it offers a well-balanced flavour profile. Perfect for dining, entertaining, or gifting.",Cantine Carpentier Red Wine Nero Di Ttoia Pietra Dei Lupi ? a distinguished Italian red wine with elegant character.,49350,,,6,5,69e5aa4f40cdaab22a0a1b02,69e5aaf340cdaab22a0a1b8b,ACTIVE,,,,wine|Italian wine|cantine carpentier|red|fine wine,https://res.cloudinary.com/nigittriple/image/upload/v1776613790/claude/red-wine-nero-di-ttoia-pietra-dei-lupi-521110.jpg,750ml,6,Italy,0.75,,,,,,,"Store in a cool, dark place at 12–15°C. Serve at appropriate temperature for wine type.",,Sulphites,,,,,,,,,[]
Red Wine Nero Di Troia Riserva,red-wine-nero-di-troia-riserva,AWXX-REDWIN-348199,8015393007705,"Red Wine Nero Di Troia Riserva by Ottagono is a premium Italian red wine of exceptional quality. Crafted from the finest Italian grape varieties, it offers a well-balanced flavour profile. Perfect for dining, entertaining, or gifting.",Ottagono Red Wine Nero Di Troia Riserva ? a distinguished Italian red wine with elegant character.,49350,,,3,5,69e5aa4f40cdaab22a0a1b02,69e5aaf140cdaab22a0a1b8a,ACTIVE,,,,wine|Italian wine|ottagono|red|fine wine,https://res.cloudinary.com/nigittriple/image/upload/v1776613777/claude/red-wine-nero-di-troia-riserva-007705.jpg,750ml,6,Italy,0.75,,,,,,,"Store in a cool, dark place at 12–15°C. Serve at appropriate temperature for wine type.",,Sulphites,,,,,,,,,[]
Sparkling Grande Cuvee Extra Dry,sparkling-grande-cuvee-extra-dry,AWXX-SPAGRA-643888,800535800008,"Sparkling Grande Cuvee Extra Dry by Bellussi is a premium Italian Italian wine of exceptional quality. Crafted from the finest Italian grape varieties, it offers a well-balanced flavour profile. Perfect for dining, entertaining, or gifting.",Bellussi Sparkling Grande Cuvee Extra Dry ? a distinguished Italian Italian wine with elegant character.,41000,,,5,5,69e5aa4f40cdaab22a0a1b02,69e5aad940cdaab22a0a1b75,ACTIVE,,,,wine|Italian wine|bellussi|Italian|fine wine,https://res.cloudinary.com/nigittriple/image/upload/v1776613766/claude/sparkling-grande-cuvee-extra-dry-800008.jpg,750ml,6,Italy,0.75,,,,,,,"Store in a cool, dark place at 12–15°C. Serve at appropriate temperature for wine type.",,Sulphites,,,,,,,,,[]
Red Wine Brunello Di Montalcino,red-wine-brunello-di-montalcino,AWXX-REDWIN-814759,8006030060511,"Red Wine Brunello Di Montalcino by Cecchi is a premium Italian red wine of exceptional quality. Crafted from the finest Italian grape varieties, it offers a well-balanced flavour profile. Perfect for dining, entertaining, or gifting.",Cecchi Red Wine Brunello Di Montalcino ? a distinguished Italian red wine with elegant character.,88900,,,3,5,69e5aa4f40cdaab22a0a1b02,69e5aacd40cdaab22a0a1b6a,ACTIVE,,,,wine|Italian wine|cecchi|red|fine wine,https://res.cloudinary.com/nigittriple/image/upload/v1776613752/claude/red-wine-brunello-di-montalcino-060511.jpg,750ml,6,Italy,0.75,,,,,,,"Store in a cool, dark place at 12–15°C. Serve at appropriate temperature for wine type.",,Sulphites,,,,,,,,,[]
White Wine Sobleblanc Chardonnay,white-wine-sobleblanc-chardonnay,AWXX-WHIWIN-640068,8053904260034,"White Wine Sobleblanc Chardonnay by Tenuta Corbinaia is a premium Italian white wine of exceptional quality. Crafted from the finest Italian grape varieties, it offers a well-balanced flavour profile. Perfect for dining, entertaining, or gifting.",Tenuta Corbinaia White Wine Sobleblanc Chardonnay ? a distinguished Italian white wine with elegant character.,25260,,,12,5,69e5aa4f40cdaab22a0a1b02,69e5aad440cdaab22a0a1b70,ACTIVE,,,,wine|Italian wine|tenuta corbinaia|white|fine wine,https://res.cloudinary.com/nigittriple/image/upload/v1776613740/claude/white-wine-sobleblanc-chardonnay-260034.jpg,750ml,6,Italy,0.75,,,,,,,"Store in a cool, dark place at 12–15°C. Serve at appropriate temperature for wine type.",,Sulphites,,,,,,,,,[]
Coffee cup 80pcs,coffee-cup-80pcs,HXXX-COFCUP-493509,8032642590139,Coffee cup 80pcs by IMB is a quality household product available at NigiTriple Supermarket.,IMB Coffee cup 80pcs ? quality household product for everyday use.,3025,,,0,5,69e5aa5240cdaab22a0a1b05,69e5aaf040cdaab22a0a1b89,ACTIVE,,,,household|imb|espresso cups,https://res.cloudinary.com/nigittriple/image/upload/v1776613728/claude/coffee-cup-80pcs-590139.jpg,85g,24,Italy,0.085,,,,,,,"Store in a cool, dry place away from children.",,,,,,,,,,,[]
Maxi Scorta Napkins,maxi-scorta-napkins,HXXX-MAXSCO-138405,8033011700005,Maxi Scorta Napkins by Corona is a quality household product available at NigiTriple Supermarket.,Corona Maxi Scorta Napkins ? quality household product for everyday use.,4000,,,33,5,69e5aa5240cdaab22a0a1b05,69e5aaef40cdaab22a0a1b88,ACTIVE,,,,household|corona|kitchen paper,https://res.cloudinary.com/nigittriple/image/upload/v1776613718/claude/maxi-scorta-napkins-700005.jpg,250g,24,Italy,0.25,,,,,,,"Store in a cool, dry place away from children.",,,,,,,,,,,[]
REGINA KITCHEN ROLL 3 PCS,di-cuori,HXXX-DICUO-349621,8004260420891,Di Cuori by Regina is a quality household product available at NigiTriple Supermarket.,Regina Di Cuori ? quality household product for everyday use.,10000,,,8,5,69e5aa5240cdaab22a0a1b05,69e5aaee40cdaab22a0a1b87,ACTIVE,,,,household|regina|toiletries,https://res.cloudinary.com/nigittriple/image/upload/v1776613708/claude/di-cuori-420891.jpg,530g,24,Italy,0.53,,,,,,,"Store in a cool, dry place away from children.",,,,,,,,,,,[]
Ferrari Brut,ferrari-brut,AWXX-FERBRU-309780,8007355051116,"Ferrari Brut by Ferrari is a premium Italian sparkling wine of exceptional quality. Crafted from the finest Italian grape varieties, it offers a well-balanced flavour profile. Perfect for dining, entertaining, or gifting.",Ferrari Ferrari Brut ? a distinguished Italian sparkling wine with elegant character.,64000,,,6,5,69e5aa4f40cdaab22a0a1b02,69e5aaed40cdaab22a0a1b86,ACTIVE,,,,wine|Italian wine|ferrari|sparkling|fine wine,https://res.cloudinary.com/nigittriple/image/upload/v1776613697/claude/ferrari-brut-051116.jpg,750ml,6,Italy,0.75,,,,,,,"Store in a cool, dark place at 12–15°C. Serve at appropriate temperature for wine type.",,Sulphites,,,,,,,,,[]
Valdobbiadene Superior Arzana,valdobbiadene-superior-arzana,ACXX-VALSUP-921208,8003905042290,"Valdobbiadene Superior Arzana by Astoria is a premium Italian Italian wine of exceptional quality. Crafted from the finest Italian grape varieties, it offers a well-balanced flavour profile. Perfect for dining, entertaining, or gifting.",Astoria Valdobbiadene Superior Arzana ? a distinguished Italian Italian wine with elegant character.,53950,,,5,5,69e5aa5040cdaab22a0a1b03,69e5aad740cdaab22a0a1b73,ACTIVE,,,,wine|Italian wine|astoria|Italian|fine wine|Astoria,https://res.cloudinary.com/nigittriple/image/upload/v1776613683/claude/valdobbiadene-superior-arzana-042290.jpg,750ml,6,Italy,0.75,,,,,,,"Store in a cool, dark place at 12–15°C. Serve at appropriate temperature for wine type.",,Sulphites,,,,,,,,,[]
Green Apple Air & Car Freshener,green-apple-air-car-freshener,HXXX-GREAPP-123259,6222042300335,Green Apple Air & Car Freshener by Motion is a quality household product available at NigiTriple Supermarket.,Motion Green Apple Air & Car Freshener ? quality household product for everyday use.,4500,,,3,5,69e5aa5240cdaab22a0a1b05,69e5aaec40cdaab22a0a1b85,ACTIVE,,,,household|motion|freshener,https://res.cloudinary.com/nigittriple/image/upload/v1776613670/claude/green-apple-air-car-freshener-300335.jpg,380g,24,Italy,0.38,,,,,,,"Store in a cool, dry place away from children.",,,,,,,,,,,[]
Sparkling Zerotondo 9.5 alcohol Free,sparkling-zerotondo-9-5-alcohol-free,ACXX-SPAZER-920182,8003905041651,"Sparkling Zerotondo 9.5 alcohol Free by Astoria is a premium Italian Italian wine of exceptional quality. Crafted from the finest Italian grape varieties, it offers a well-balanced flavour profile. Perfect for dining, entertaining, or gifting.",Astoria Sparkling Zerotondo 9.5 alcohol Free ? a distinguished Italian Italian wine with elegant character.,16500,,,0,5,69e5aa5040cdaab22a0a1b03,69e5aad740cdaab22a0a1b73,ACTIVE,,,,wine|Italian wine|astoria|Italian|fine wine|Astoria,https://res.cloudinary.com/nigittriple/image/upload/v1776613660/claude/sparkling-zerotondo-9-5-alcohol-free-041651.jpg,750ml,6,Italy,0.75,,,,,,,"Store in a cool, dark place at 12–15°C. Serve at appropriate temperature for wine type.",,Sulphites,,,,,,,,,[]
Valdobbiadene  Casa Vittorino Brut,valdobbiadene-casa-vittorino-brut,ACXX-VALCAS-566116,8003905096651,"Valdobbiadene  Casa Vittorino Brut by Astoria is a premium Italian sparkling wine of exceptional quality. Crafted from the finest Italian grape varieties, it offers a well-balanced flavour profile. Perfect for dining, entertaining, or gifting.",Astoria Valdobbiadene  Casa Vittorino Brut ? a distinguished Italian sparkling wine with elegant character.,24780,,,5,5,69e5aa5040cdaab22a0a1b03,69e5aad740cdaab22a0a1b73,ACTIVE,,,,wine|Italian wine|astoria|sparkling|fine wine|Astoria,https://res.cloudinary.com/nigittriple/image/upload/v1776613649/claude/valdobbiadene-casa-vittorino-brut-096651.jpg,750ml,6,Italy,0.75,,,,,,,"Store in a cool, dark place at 12–15°C. Serve at appropriate temperature for wine type.",,Sulphites,,,,,,,,,[]
Sparkling Ribolla Gialla Butterfly Brut,sparkling-ribolla-gialla-butterfly-brut,ACXX-SPARIB-949628,8003905045789,"Sparkling Ribolla Gialla Butterfly Brut by Astoria is a premium Italian sparkling wine of exceptional quality. Crafted from the finest Italian grape varieties, it offers a well-balanced flavour profile. Perfect for dining, entertaining, or gifting.",Astoria Sparkling Ribolla Gialla Butterfly Brut ? a distinguished Italian sparkling wine with elegant character.,16380,,,0,5,69e5aa5040cdaab22a0a1b03,69e5aad740cdaab22a0a1b73,ACTIVE,,,,wine|Italian wine|astoria|sparkling|fine wine|Astoria,https://res.cloudinary.com/nigittriple/image/upload/v1776613634/claude/sparkling-ribolla-gialla-butterfly-brut-045789.jpg,750ml,6,Italy,0.75,,,,,,,"Store in a cool, dark place at 12–15°C. Serve at appropriate temperature for wine type.",,Sulphites,,,,,,,,,[]
Prosecco Gaggiandre Biologic Extra Dry,prosecco-gaggiandre-biologic-extra-dry,ACXX-PROGAG-954807,8003905042696,"Prosecco Gaggiandre Biologic Extra Dry by Astoria is a premium Italian ros?ine of exceptional quality. Crafted from the finest Italian grape varieties, it offers a well-balanced flavour profile. Perfect for dining, entertaining, or gifting.",Astoria Prosecco Gaggiandre Biologic Extra Dry ? a distinguished Italian ros?ine with elegant character.,22400,,,6,5,69e5aa5040cdaab22a0a1b03,69e5aad740cdaab22a0a1b73,ACTIVE,,,,wine|Italian wine|astoria|ros?fine wine|prosecco|Astoria,https://res.cloudinary.com/nigittriple/image/upload/v1776613618/claude/prosecco-gaggiandre-biologic-extra-dry-042696.jpg,750ml,6,Italy,0.75,,,,,,,"Store in a cool, dark place at 12–15°C. Serve at appropriate temperature for wine type.",,Sulphites,,,,,,,,,[]
Red Wine Nonno Matteo,red-wine-nonno-matteo,AWXX-REDWIN-256601,8051764650194,"Red Wine Nonno Matteo by San Zenone is a premium Italian red wine of exceptional quality. Crafted from the finest Italian grape varieties, it offers a well-balanced flavour profile. Perfect for dining, entertaining, or gifting.",San Zenone Red Wine Nonno Matteo ? a distinguished Italian red wine with elegant character.,31000,,,8,5,69e5aa4f40cdaab22a0a1b02,69e5aacf40cdaab22a0a1b6c,ACTIVE,,,,wine|Italian wine|san zenone|red|fine wine,https://res.cloudinary.com/nigittriple/image/upload/v1776613600/claude/red-wine-nonno-matteo-650194.jpg,750ml,6,Italy,0.75,,,,,,,"Store in a cool, dark place at 12–15°C. Serve at appropriate temperature for wine type.",,Sulphites,,,,,,,,,[]
Red Wine Pinot Nero,red-wine-pinot-nero,AWXX-REDWIN-885913,8022041190528,"Red Wine Pinot Nero by Maculan is a premium Italian red wine of exceptional quality. Crafted from the finest Italian grape varieties, it offers a well-balanced flavour profile. Perfect for dining, entertaining, or gifting.",Maculan Red Wine Pinot Nero ? a distinguished Italian red wine with elegant character.,41720,,,6,5,69e5aa4f40cdaab22a0a1b02,69e5aaea40cdaab22a0a1b84,ACTIVE,,,,wine|Italian wine|maculan|red|fine wine,https://res.cloudinary.com/nigittriple/image/upload/v1776613582/claude/red-wine-pinot-nero-190528.jpg,750ml,6,Italy,0.75,,,,,,,"Store in a cool, dark place at 12–15°C. Serve at appropriate temperature for wine type.",,Sulphites,,,,,,,,,[]
White Wine Zisola Azisa Grillo,white-wine-zisola-azisa-grillo,AWXX-WHIWIN-993127,8016118761148,"White Wine Zisola Azisa Grillo by Mazzei is a premium Italian white wine of exceptional quality. Crafted from the finest Italian grape varieties, it offers a well-balanced flavour profile. Perfect for dining, entertaining, or gifting.",Mazzei White Wine Zisola Azisa Grillo ? a distinguished Italian white wine with elegant character.,34400,,,10,5,69e5aa4f40cdaab22a0a1b02,69e5aae940cdaab22a0a1b83,ACTIVE,,,,wine|Italian wine|mazzei|white|fine wine,https://res.cloudinary.com/nigittriple/image/upload/v1776613568/claude/white-wine-zisola-azisa-grillo-761148.jpg,750ml,6,Italy,0.75,,,,,,,"Store in a cool, dark place at 12–15°C. Serve at appropriate temperature for wine type.",,Sulphites,,,,,,,,,[]
Sparkling Luxury Gold Extra Dry,sparkling-luxury-gold-extra-dry,ACXX-SPALUX-861730,8003905041309,"Sparkling Luxury Gold Extra Dry by Astoria is a premium Italian Italian wine of exceptional quality. Crafted from the finest Italian grape varieties, it offers a well-balanced flavour profile. Perfect for dining, entertaining, or gifting.",Astoria Sparkling Luxury Gold Extra Dry ? a distinguished Italian Italian wine with elegant character.,28960,,,10,5,69e5aa5040cdaab22a0a1b03,69e5aad740cdaab22a0a1b73,ACTIVE,,,,wine|Italian wine|astoria|Italian|fine wine|Astoria,https://res.cloudinary.com/nigittriple/image/upload/v1776613553/claude/sparkling-luxury-gold-extra-dry-041309.jpg,750ml,6,Italy,0.75,,,,,,,"Store in a cool, dark place at 12–15°C. Serve at appropriate temperature for wine type.",,Sulphites,,,,,,,,,[]
Sparkling Fashion Victim Unica Brut,sparkling-fashion-victim-unica-brut,ACXX-SPAFAS-537746,8003905045215,"Sparkling Fashion Victim Unica Brut by Astoria is a premium Italian sparkling wine of exceptional quality. Crafted from the finest Italian grape varieties, it offers a well-balanced flavour profile. Perfect for dining, entertaining, or gifting.",Astoria Sparkling Fashion Victim Unica Brut ? a distinguished Italian sparkling wine with elegant character.,20000,,,7,5,69e5aa5040cdaab22a0a1b03,69e5aad740cdaab22a0a1b73,ACTIVE,,,,wine|Italian wine|astoria|sparkling|fine wine|Astoria,https://res.cloudinary.com/nigittriple/image/upload/v1776613538/claude/sparkling-fashion-victim-unica-brut-045215.jpg,750ml,6,Italy,0.75,,,,,,,"Store in a cool, dark place at 12–15°C. Serve at appropriate temperature for wine type.",,Sulphites,,,,,,,,,[]
Prosecco Tiemo Brut,prosecco-tiemo-brut,ACXX-PROTIE-707390,8003905044850,"Prosecco Tiemo Brut by Astoria is a premium Italian ros?ine of exceptional quality. Crafted from the finest Italian grape varieties, it offers a well-balanced flavour profile. Perfect for dining, entertaining, or gifting.",Astoria Prosecco Tiemo Brut ? a distinguished Italian ros?ine with elegant character.,20380,,,4,5,69e5aa5040cdaab22a0a1b03,69e5aad740cdaab22a0a1b73,ACTIVE,,,,wine|Italian wine|astoria|ros?fine wine|prosecco|Astoria,https://res.cloudinary.com/nigittriple/image/upload/v1776613525/claude/prosecco-tiemo-brut-044850.jpg,750ml,6,Italy,0.75,,,,,,,"Store in a cool, dark place at 12–15°C. Serve at appropriate temperature for wine type.",,Sulphites,,,,,,,,,[]
Sparkling Fashion Victim Special Edition Brut,sparkling-fashion-victim-special-edition-brut,ACXX-SPAFAS-791106,8003905040517,"Sparkling Fashion Victim Special Edition Brut by Astoria is a premium Italian sparkling wine of exceptional quality. Crafted from the finest Italian grape varieties, it offers a well-balanced flavour profile. Perfect for dining, entertaining, or gifting.",Astoria Sparkling Fashion Victim Special Edition Brut ? a distinguished Italian sparkling wine with elegant character.,16000,,,5,5,69e5aa5040cdaab22a0a1b03,69e5aad740cdaab22a0a1b73,ACTIVE,,,,wine|Italian wine|astoria|sparkling|fine wine|Astoria,https://res.cloudinary.com/nigittriple/image/upload/v1776613512/claude/sparkling-fashion-victim-special-edition-brut-040517.jpg,750ml,6,Italy,0.75,,,,,,,"Store in a cool, dark place at 12–15°C. Serve at appropriate temperature for wine type.",,Sulphites,,,,,,,,,[]
Prosecco Velere Rose,prosecco-velere-rose,ACXX-PROVEL-247497,8003905045307,"Prosecco Velere Rose by Astoria is a premium Italian ros?ine of exceptional quality. Crafted from the finest Italian grape varieties, it offers a well-balanced flavour profile. Perfect for dining, entertaining, or gifting.",Astoria Prosecco Velere Rose ? a distinguished Italian ros?ine with elegant character.,21380,,,6,5,69e5aa5040cdaab22a0a1b03,69e5aad740cdaab22a0a1b73,ACTIVE,,,,wine|Italian wine|astoria|ros?fine wine|prosecco|Astoria,https://res.cloudinary.com/nigittriple/image/upload/v1776613498/claude/prosecco-velere-rose-045307.jpg,750ml,6,Italy,0.75,,,,,,,"Store in a cool, dark place at 12–15°C. Serve at appropriate temperature for wine type.",,Sulphites,,,,,,,,,[]
Red Wine Tormarresca,red-wine-tormarresca,AWXX-REDWIN-663292,8026530000473,"Red Wine Tormarresca by Fichimori is a premium Italian red wine of exceptional quality. Crafted from the finest Italian grape varieties, it offers a well-balanced flavour profile. Perfect for dining, entertaining, or gifting.",Fichimori Red Wine Tormarresca ? a distinguished Italian red wine with elegant character.,33750,,,7,5,69e5aa4f40cdaab22a0a1b02,69e5aae840cdaab22a0a1b82,ACTIVE,,,,wine|Italian wine|fichimori|red|fine wine,https://res.cloudinary.com/nigittriple/image/upload/v1776613484/claude/red-wine-tormarresca-000473.jpg,750ml,6,Italy,0.75,,,,,,,"Store in a cool, dark place at 12–15°C. Serve at appropriate temperature for wine type.",,Sulphites,,,,,,,,,[]
Gel Peach & Jasmine,gel-peach-jasmine,HXXX-GELPEA-847232,6009695933741,Gel Peach & Jasmine by Air Wick is a quality household product available at NigiTriple Supermarket.,Air Wick Gel Peach & Jasmine ? quality household product for everyday use.,1125,,,4,5,69e5aa5240cdaab22a0a1b05,69e5aae640cdaab22a0a1b80,ACTIVE,,,,household|air wick|air freshener,https://res.cloudinary.com/nigittriple/image/upload/v1776613472/claude/gel-peach-jasmine-933741.jpg,45g,24,Italy,0.045,,,,,,,"Store in a cool, dry place away from children.",,,,,,,,,,,[]
White Wine Sauvignon Blanc Chile,white-wine-sauvignon-blanc-chile,AWXX-WHIWIN-353383,3263286328078,"White Wine Sauvignon Blanc Chile by Casa De Campo is a premium Italian white wine of exceptional quality. Crafted from the finest Italian grape varieties, it offers a well-balanced flavour profile. Perfect for dining, entertaining, or gifting.",Casa De Campo White Wine Sauvignon Blanc Chile ? a distinguished Italian white wine with elegant character.,16650,,,3,5,69e5aa4f40cdaab22a0a1b02,69e5aae740cdaab22a0a1b81,ACTIVE,,,,wine|Italian wine|casa de campo|white|fine wine,https://res.cloudinary.com/nigittriple/image/upload/v1776613461/claude/white-wine-sauvignon-blanc-chile-328078.jpg,750ml,6,Italy,0.75,,,,,,,"Store in a cool, dark place at 12–15°C. Serve at appropriate temperature for wine type.",,Sulphites,,,,,,,,,[]
Gel Rose,gel-rose,HXXX-GELROS-916205,6009695933734,Gel Rose by Air Wick is a quality household product available at NigiTriple Supermarket.,Air Wick Gel Rose ? quality household product for everyday use.,1125,,,5,5,69e5aa5240cdaab22a0a1b05,69e5aae640cdaab22a0a1b80,ACTIVE,,,,household|air wick|air freshener,https://res.cloudinary.com/nigittriple/image/upload/v1776613451/claude/gel-rose-933734.jpg,45g,24,Italy,0.045,,,,,,,"Store in a cool, dry place away from children.",,,,,,,,,,,[]
Sparkling Casa Diletta Brut,sparkling-casa-diletta-brut,ACXX-SPACAS-576607,8003905042016,"Sparkling Casa Diletta Brut by Astoria is a premium Italian sparkling wine of exceptional quality. Crafted from the finest Italian grape varieties, it offers a well-balanced flavour profile. Perfect for dining, entertaining, or gifting.",Astoria Sparkling Casa Diletta Brut ? a distinguished Italian sparkling wine with elegant character.,14780,,,1,5,69e5aa5040cdaab22a0a1b03,69e5aad740cdaab22a0a1b73,ACTIVE,,,,wine|Italian wine|astoria|sparkling|fine wine|Astoria,https://res.cloudinary.com/nigittriple/image/upload/v1776613439/claude/sparkling-casa-diletta-brut-042016.jpg,750ml,6,Italy,0.75,,,,,,,"Store in a cool, dark place at 12–15°C. Serve at appropriate temperature for wine type.",,Sulphites,,,,,,,,,[]
Gel Lavender,gel-lavender,HXXX-GELLAV-111036,6009695933727,Gel Lavender by Air Wick is a quality household product available at NigiTriple Supermarket.,Air Wick Gel Lavender ? quality household product for everyday use.,1125,,,0,5,69e5aa5240cdaab22a0a1b05,69e5aae640cdaab22a0a1b80,ACTIVE,,,,household|air wick|air freshener,https://res.cloudinary.com/nigittriple/image/upload/v1776613427/claude/gel-lavender-933727.jpg,45g,24,Italy,0.045,,,,,,,"Store in a cool, dry place away from children.",,,,,,,,,,,[]
Prosecco Galie Extra Dry,prosecco-galie-extra-dry,ACXX-PROGAL-825041,8003905042283,"Prosecco Galie Extra Dry by Astoria is a premium Italian ros?ine of exceptional quality. Crafted from the finest Italian grape varieties, it offers a well-balanced flavour profile. Perfect for dining, entertaining, or gifting.",Astoria Prosecco Galie Extra Dry ? a distinguished Italian ros?ine with elegant character.,20380,,,5,5,69e5aa5040cdaab22a0a1b03,69e5aad740cdaab22a0a1b73,ACTIVE,,,,wine|Italian wine|astoria|ros?fine wine|prosecco|Astoria,https://res.cloudinary.com/nigittriple/image/upload/v1776613415/claude/prosecco-galie-extra-dry-042283.jpg,750ml,6,Italy,0.75,,,,,,,"Store in a cool, dark place at 12–15°C. Serve at appropriate temperature for wine type.",,Sulphites,,,,,,,,,[]
Prosecco Asolo Fano Extra Brut,prosecco-asolo-fano-extra-brut,ACXX-PROASO-416299,8003905042832,"Prosecco Asolo Fano Extra Brut by Astoria is a premium Italian ros?ine of exceptional quality. Crafted from the finest Italian grape varieties, it offers a well-balanced flavour profile. Perfect for dining, entertaining, or gifting.",Astoria Prosecco Asolo Fano Extra Brut ? a distinguished Italian ros?ine with elegant character.,21580,,,6,5,69e5aa5040cdaab22a0a1b03,69e5aad740cdaab22a0a1b73,ACTIVE,,,,wine|Italian wine|astoria|ros?fine wine|prosecco|Astoria,https://res.cloudinary.com/nigittriple/image/upload/v1776613404/claude/prosecco-asolo-fano-extra-brut-042832.jpg,750ml,6,Italy,0.75,,,,,,,"Store in a cool, dark place at 12–15°C. Serve at appropriate temperature for wine type.",,Sulphites,,,,,,,,,[]
Sparkling Fashion Victim Moscato Rose,sparkling-fashion-victim-moscato-rose,ACXX-SPAFAS-115905,8003905041286,"Sparkling Fashion Victim Moscato Rose by Astoria is a premium Italian ros?ine of exceptional quality. Crafted from the finest Italian grape varieties, it offers a well-balanced flavour profile. Perfect for dining, entertaining, or gifting.",Astoria Sparkling Fashion Victim Moscato Rose ? a distinguished Italian ros?ine with elegant character.,17200,,,12,5,69e5aa5040cdaab22a0a1b03,69e5aad740cdaab22a0a1b73,ACTIVE,,,,wine|Italian wine|astoria|ros?fine wine|Astoria,https://res.cloudinary.com/nigittriple/image/upload/v1776613392/claude/sparkling-fashion-victim-moscato-rose-041286.jpg,750ml,6,Italy,0.75,,,,,,,"Store in a cool, dark place at 12–15°C. Serve at appropriate temperature for wine type.",,Sulphites,,,,,,,,,[]
White wine Campogrande Orvieto,white-wine-campogrande-orvieto,AWXX-WHIWIN-986028,8001935323204,"White wine Campogrande Orvieto by Santa Cristina is a premium Italian white wine of exceptional quality. Crafted from the finest Italian grape varieties, it offers a well-balanced flavour profile. Perfect for dining, entertaining, or gifting.",Santa Cristina White wine Campogrande Orvieto ? a distinguished Italian white wine with elegant character.,28000,,,5,5,69e5aa4f40cdaab22a0a1b02,69e5aadf40cdaab22a0a1b7a,ACTIVE,,,,wine|Italian wine|santa cristina|white|fine wine,https://res.cloudinary.com/nigittriple/image/upload/v1776613379/claude/white-wine-campogrande-orvieto-323204.jpg,750ml,6,Italy,0.75,,,,,,,"Store in a cool, dark place at 12–15°C. Serve at appropriate temperature for wine type.",,Sulphites,,,,,,,,,[]
Sparkling Fashion Victim Rose extra Dry,sparkling-fashion-victim-rose-extra-dry,ACXX-SPAFAS-415554,8003905040746,"Sparkling Fashion Victim Rose extra Dry by Astoria is a premium Italian ros?ine of exceptional quality. Crafted from the finest Italian grape varieties, it offers a well-balanced flavour profile. Perfect for dining, entertaining, or gifting.",Astoria Sparkling Fashion Victim Rose extra Dry ? a distinguished Italian ros?ine with elegant character.,15980,,,10,5,69e5aa5040cdaab22a0a1b03,69e5aad740cdaab22a0a1b73,ACTIVE,,,,wine|Italian wine|astoria|ros?fine wine|Astoria,https://res.cloudinary.com/nigittriple/image/upload/v1776613369/claude/sparkling-fashion-victim-rose-extra-dry-040746.jpg,750ml,6,Italy,0.75,,,,,,,"Store in a cool, dark place at 12–15°C. Serve at appropriate temperature for wine type.",,Sulphites,,,,,,,,,[]
RED BERRIES RHU CHIA 680ML,centrifugato-con-chia,DXXX-CENCON-859941,8001440132278,Centrifugato Con Chia by Yoga is a refreshing non-alcoholic beverage available at NigiTriple Supermarket.,Centrifugato Con Chia ? refreshing fruit drink by Yoga.,6000,,,0,5,69e5aa5140cdaab22a0a1b04,69e5aae040cdaab22a0a1b7b,ACTIVE,,,,drinks|yoga|fruit drink,https://res.cloudinary.com/nigittriple/image/upload/v1776613353/claude/centrifugato-con-chia-132278.jpg,650ml,24,Italy,0.65,,,,,,,Best served chilled. Store in a cool place.,,,,,,,,,,,[]
PEARS 1L,pera,DXXX-PER-657404,8001440136153,Pera by Yoga is a refreshing non-alcoholic beverage available at NigiTriple Supermarket.,Pera ? refreshing fruit drink by Yoga.,4000,,,13,5,69e5aa5140cdaab22a0a1b04,69e5aae040cdaab22a0a1b7b,ACTIVE,,,,drinks|yoga|fruit drink,https://res.cloudinary.com/nigittriple/image/upload/v1776613333/claude/pera-136153.jpg,940ml,24,Italy,0.94,,,,,,,Best served chilled. Store in a cool place.,,,,,,,,,,,[]
Strada di Guia 109 Valdobbiadene Extra Dry,strada-di-guia-109-valdobbiadene-extra-dry,AWXX-STRDI-946855,174822111666,"Strada di Guia 109 Valdobbiadene Extra Dry by Foss Marai is a premium Italian Italian wine of exceptional quality. Crafted from the finest Italian grape varieties, it offers a well-balanced flavour profile. Perfect for dining, entertaining, or gifting.",Foss Marai Strada di Guia 109 Valdobbiadene Extra Dry ? a distinguished Italian Italian wine with elegant character.,31900,,,5,5,69e5aa4f40cdaab22a0a1b02,69e5aae540cdaab22a0a1b7f,ACTIVE,,,,wine|Italian wine|foss marai|Italian|fine wine,https://res.cloudinary.com/nigittriple/image/upload/v1776613321/claude/strada-di-guia-109-valdobbiadene-extra-dry-111666.jpg,750ml,6,Italy,0.75,,,,,,,"Store in a cool, dark place at 12–15°C. Serve at appropriate temperature for wine type.",,Sulphites,,,,,,,,,[]
PINEAPPLE 1L,ananas,DXXX-ANA-214860,8001440136085,Ananas by Yoga is a refreshing non-alcoholic beverage available at NigiTriple Supermarket.,Ananas ? refreshing fruit drink by Yoga.,4000,,,9,5,69e5aa5140cdaab22a0a1b04,69e5aae040cdaab22a0a1b7b,ACTIVE,,,,drinks|yoga|fruit drink,https://res.cloudinary.com/nigittriple/image/upload/v1776613305/claude/ananas-136085.jpg,940ml,24,Italy,0.94,,,,,,,Best served chilled. Store in a cool place.,,,,,,,,,,,[]
Melograno,melograno,DXXX-MEL-867789,8001440136191,Melograno by Yoga is a refreshing non-alcoholic beverage available at NigiTriple Supermarket.,Melograno ? refreshing fruit drink by Yoga.,4000,,,1,5,69e5aa5140cdaab22a0a1b04,69e5aae040cdaab22a0a1b7b,ACTIVE,,,,drinks|yoga|fruit drink,https://res.cloudinary.com/nigittriple/image/upload/v1776613295/claude/melograno-136191.jpg,940ml,24,Italy,0.94,,,,,,,Best served chilled. Store in a cool place.,,,,,,,,,,,[]
APRICOT 1L,albicocca,DXXX-ALB-278933,8001440136122,Albicocca by Yoga is a refreshing non-alcoholic beverage available at NigiTriple Supermarket.,Albicocca ? refreshing fruit drink by Yoga.,4000,,,13,5,69e5aa5140cdaab22a0a1b04,69e5aae040cdaab22a0a1b7b,ACTIVE,,,,drinks|yoga|fruit drink,https://res.cloudinary.com/nigittriple/image/upload/v1776613285/claude/albicocca-136122.jpg,940ml,24,Italy,0.94,,,,,,,Best served chilled. Store in a cool place.,,,,,,,,,,,[]
Red Wine Torre Migliori Montepulciano Dabruzzo Reserva 2017,red-wine-torre-migliori-montepulciano-dabruzzo-reserva-2017,AWXX-REDWIN-715577,30032600211,"Red Wine Torre Migliori Montepulciano Dabruzzo Reserva 2017 by Cerulli Spinozzi is a premium Italian red wine of exceptional quality. Crafted from the finest Italian grape varieties, it offers a well-balanced flavour profile. Perfect for dining, entertaining, or gifting.",Cerulli Spinozzi Red Wine Torre Migliori Montepulciano Dabruzzo Reserva 2017 ? a distinguished Italian red wine with elegant character.,59400,,,7,5,69e5aa4f40cdaab22a0a1b02,69e5aae440cdaab22a0a1b7e,ACTIVE,,,,wine|Italian wine|cerulli spinozzi|red|fine wine,https://res.cloudinary.com/nigittriple/image/upload/v1776613274/claude/red-wine-torre-migliori-montepulciano-dabruzzo-reserva--600211.jpg,750ml,6,Italy,0.75,,,,,,,"Store in a cool, dark place at 12–15°C. Serve at appropriate temperature for wine type.",,Sulphites,,,,,,,,,[]
LEMON ORANGE AND CARROTS 1L,ace,DXXX-ACE-582246,8001440136177,Ace by Yoga is a refreshing non-alcoholic beverage available at NigiTriple Supermarket.,Ace ? refreshing fruit drink by Yoga.,4000,,,1,5,69e5aa5140cdaab22a0a1b04,69e5aae040cdaab22a0a1b7b,ACTIVE,,,,drinks|yoga|fruit drink,https://res.cloudinary.com/nigittriple/image/upload/v1776613262/claude/ace-136177.jpg,940ml,24,Italy,0.94,,,,,,,Best served chilled. Store in a cool place.,,,,,,,,,,,[]
GREEN APPLE 1L,mela-verde,DXXX-MELVER-617341,8001440136139,Mela Verde by Yoga is a refreshing non-alcoholic beverage available at NigiTriple Supermarket.,Mela Verde ? refreshing fruit drink by Yoga.,3999,,,10,5,69e5aa5140cdaab22a0a1b04,69e5aae040cdaab22a0a1b7b,ACTIVE,,,,drinks|yoga|fruit drink,https://res.cloudinary.com/nigittriple/image/upload/v1776613252/claude/mela-verde-136139.jpg,940ml,24,Italy,0.94,,,,,,,Best served chilled. Store in a cool place.,,,,,,,,,,,[]
APPLE AND  BANANA 1L,mela-banana,DXXX-MELBAN-444376,8001440136146,Mela Banana by Yoga is a refreshing non-alcoholic beverage available at NigiTriple Supermarket.,Mela Banana ? refreshing fruit drink by Yoga.,4000,,,9,5,69e5aa5140cdaab22a0a1b04,69e5aae040cdaab22a0a1b7b,ACTIVE,,,,drinks|yoga|fruit drink,https://res.cloudinary.com/nigittriple/image/upload/v1776613242/claude/mela-banana-136146.jpg,940ml,24,Italy,0.94,,,,,,,Best served chilled. Store in a cool place.,,,,,,,,,,,[]
Red Wine Amarone Della Valpolicella,red-wine-amarone-della-valpolicella,AWXX-REDWIN-205379,8006393300682,"Red Wine Amarone Della Valpolicella by Cadis is a premium Italian red wine of exceptional quality. Crafted from the finest Italian grape varieties, it offers a well-balanced flavour profile. Perfect for dining, entertaining, or gifting.",Cadis Red Wine Amarone Della Valpolicella ? a distinguished Italian red wine with elegant character.,56700,,,2,5,69e5aa4f40cdaab22a0a1b02,69e5aae240cdaab22a0a1b7d,ACTIVE,,,,wine|Italian wine|cadis|red|fine wine,https://res.cloudinary.com/nigittriple/image/upload/v1776613231/claude/red-wine-amarone-della-valpolicella-300682.jpg,750ml,6,Italy,0.75,,,,,,,"Store in a cool, dark place at 12–15°C. Serve at appropriate temperature for wine type.",,Sulphites,,,,,,,,,[]
PEACH 1L,pesca,DXXX-PES-288117,8001440136160,Pesca by Yoga is a refreshing non-alcoholic beverage available at NigiTriple Supermarket.,Pesca ? refreshing fruits drink by Yoga.,4000,,,9,5,69e5aa5140cdaab22a0a1b04,69e5aae040cdaab22a0a1b7b,ACTIVE,,,,drinks|yoga|fruits drink,https://res.cloudinary.com/nigittriple/image/upload/v1776613219/claude/pesca-136160.jpg,940ml,24,Italy,0.94,,,,,,,Best served chilled. Store in a cool place.,,,,,,,,,,,[]
Red Wine Barolo,red-wine-barolo,AWXX-REDWIN-315895,8000530800172,"Red Wine Barolo by Duchessalia is a premium Italian red wine of exceptional quality. Crafted from the finest Italian grape varieties, it offers a well-balanced flavour profile. Perfect for dining, entertaining, or gifting.",Duchessalia Red Wine Barolo ? a distinguished Italian red wine with elegant character.,70000,,,3,5,69e5aa4f40cdaab22a0a1b02,69e5aae140cdaab22a0a1b7c,ACTIVE,,,,wine|Italian wine|duchessalia|red|fine wine,https://res.cloudinary.com/nigittriple/image/upload/v1776613209/claude/red-wine-barolo-800172.jpg,750ml,6,Italy,0.75,,,,,,,"Store in a cool, dark place at 12–15°C. Serve at appropriate temperature for wine type.",,Sulphites,,,,,,,,,[]
ORANGE PAPAYA CARROTS TUMERIC 680ML,centrifugato-con-curcuma,DXXX-CENCON-177241,8001440132254,Centrifugato Con Curcuma by Yoga is a refreshing non-alcoholic beverage available at NigiTriple Supermarket.,Centrifugato Con Curcuma ? refreshing fruits drink by Yoga.,6000,,,0,5,69e5aa5140cdaab22a0a1b04,69e5aae040cdaab22a0a1b7b,ACTIVE,,,,drinks|yoga|fruits drink,https://res.cloudinary.com/nigittriple/image/upload/v1776613197/claude/centrifugato-con-curcuma-132254.jpg,650ml,24,Italy,0.65,,,,,,,Best served chilled. Store in a cool place.,,,,,,,,,,,[]
Red Wine Primitivo Puglia,red-wine-primitivo-puglia,AWXX-REDWIN-333043,8006366001844,"Red Wine Primitivo Puglia by Torregaia is a premium Italian red wine of exceptional quality. Crafted from the finest Italian grape varieties, it offers a well-balanced flavour profile. Perfect for dining, entertaining, or gifting.",Torregaia Red Wine Primitivo Puglia ? a distinguished Italian red wine with elegant character.,18420,,,11,5,69e5aa4f40cdaab22a0a1b02,69e5aac840cdaab22a0a1b66,ACTIVE,,,,wine|Italian wine|torregaia|red|fine wine,https://res.cloudinary.com/nigittriple/image/upload/v1776613186/claude/red-wine-primitivo-puglia-001844.jpg,750ml,6,Italy,0.75,,,,,,,"Store in a cool, dark place at 12–15°C. Serve at appropriate temperature for wine type.",,Sulphites,,,,,,,,,[]
Red Wine Chianti Superior,red-wine-chianti-superior,AWXX-REDWIN-767987,8001935002789,"Red Wine Chianti Superior by Santa Cristina is a premium Italian red wine of exceptional quality. Crafted from the finest Italian grape varieties, it offers a well-balanced flavour profile. Perfect for dining, entertaining, or gifting.",Santa Cristina Red Wine Chianti Superior ? a distinguished Italian red wine with elegant character.,26000,,,4,5,69e5aa4f40cdaab22a0a1b02,69e5aadf40cdaab22a0a1b7a,ACTIVE,,,,wine|Italian wine|santa cristina|red|fine wine,https://res.cloudinary.com/nigittriple/image/upload/v1776613172/claude/red-wine-chianti-superior-002789.jpg,750ml,6,Italy,0.75,,,,,,,"Store in a cool, dark place at 12–15°C. Serve at appropriate temperature for wine type.",,Sulphites,,,,,,,,,[]
ORANGE AND RED ORANGE SUGAR FREE 400ML,arancia-e-rossa,DXXX-ARAE-873335,8001620015629,Arancia e Rossa by San Benedetto is a refreshing non-alcoholic beverage available at NigiTriple Supermarket.,Arancia e Rossa ? refreshing fruit drink by San Benedetto.,2500,,,12,5,69e5aa5140cdaab22a0a1b04,69e5aab540cdaab22a0a1b56,ACTIVE,,,,drinks|san benedetto|fruit drink,https://res.cloudinary.com/nigittriple/image/upload/v1776613159/claude/arancia-e-rossa-015629.jpg,400ml,24,Italy,0.4,,,,,,,Best served chilled. Store in a cool place.,,,,,,,,,,,[]
PEARS PINE APPLE AND BANANA SUGAR FREE,lera-banana-ananas,DXXX-LERBAN-107516,8001620024966,Lera Banana. Ananas by San Benedetto is a refreshing non-alcoholic beverage available at NigiTriple Supermarket.,Lera Banana. Ananas ? refreshing fruit drink by San Benedetto.,2500,,,17,5,69e5aa5140cdaab22a0a1b04,69e5aab540cdaab22a0a1b56,ACTIVE,,,,drinks|san benedetto|fruit drink,https://res.cloudinary.com/nigittriple/image/upload/v1776613144/claude/lera-banana-ananas-024966.jpg,400ml,24,Italy,0.4,,,,,,,Best served chilled. Store in a cool place.,,,,,,,,,,,[]
Red Aromatised Wine Based Drink,red-aromatised-wine-based-drink,AWXX-REDARO-248452,8002915000603,"Red Aromatised Wine Based Drink by Fiorelli is a premium Italian red wine of exceptional quality. Crafted from the finest Italian grape varieties, it offers a well-balanced flavour profile. Perfect for dining, entertaining, or gifting.",Fiorelli Red Aromatised Wine Based Drink ? a distinguished Italian red wine with elegant character.,8000,,,9,5,69e5aa4f40cdaab22a0a1b02,69e5aade40cdaab22a0a1b79,ACTIVE,,,,wine|Italian wine|fiorelli|red|fine wine,https://res.cloudinary.com/nigittriple/image/upload/v1776613133/claude/red-aromatised-wine-based-drink-000603.jpg,750ml,6,Italy,0.75,,,,,,,"Store in a cool, dark place at 12–15°C. Serve at appropriate temperature for wine type.",,Sulphites,,,,,,,,,[]
Mix FRUITS SUGAR FRE 400ML,frutta-mix,DXXX-FRUMIX-885433,8001620015636,Frutta Mix by San Benedetto is a refreshing non-alcoholic beverage available at NigiTriple Supermarket.,Frutta Mix ? refreshing fruit drink by San Benedetto.,2500,,,24,5,69e5aa5140cdaab22a0a1b04,69e5aab540cdaab22a0a1b56,ACTIVE,,,,drinks|san benedetto|fruit drink,https://res.cloudinary.com/nigittriple/image/upload/v1776613119/claude/frutta-mix-015636.jpg,400ml,24,Italy,0.4,,,,,,,Best served chilled. Store in a cool place.,,,,,,,,,,,[]
Mango AND APPLE SUGAR FREE 400ML,mango-mela,DXXX-MANMEL-144746,8001620018408,Mango Mela by San Benedetto is a refreshing non-alcoholic beverage available at NigiTriple Supermarket.,Mango Mela ? refreshing fruit drink by San Benedetto.,2500,,,26,5,69e5aa5140cdaab22a0a1b04,69e5aab540cdaab22a0a1b56,ACTIVE,,,,drinks|san benedetto|fruit drink,https://res.cloudinary.com/nigittriple/image/upload/v1776613107/claude/mango-mela-018408.jpg,400ml,24,Italy,0.4,,,,,,,Best served chilled. Store in a cool place.,,,,,,,,,,,[]
Sparkling 9.5 Cold Wine Brut,sparkling-9-5-cold-wine-brut,ACXX-SPA9.5-910026,8003905096668,"Sparkling 9.5 Cold Wine Brut by Astoria is a premium Italian sparkling wine of exceptional quality. Crafted from the finest Italian grape varieties, it offers a well-balanced flavour profile. Perfect for dining, entertaining, or gifting.",Astoria Sparkling 9.5 Cold Wine Brut ? a distinguished Italian sparkling wine with elegant character.,17000,,,3,5,69e5aa5040cdaab22a0a1b03,69e5aad740cdaab22a0a1b73,ACTIVE,,,,wine|Italian wine|astoria|sparkling|fine wine|Astoria,https://res.cloudinary.com/nigittriple/image/upload/v1776613095/claude/sparkling-9-5-cold-wine-brut-096668.jpg,750ml,6,Italy,0.75,,,,,,,"Store in a cool, dark place at 12–15°C. Serve at appropriate temperature for wine type.",,Sulphites,,,,,,,,,[]
Prosecco Anniversary Millesimato,prosecco-anniversary-millesimato,ACXX-PROANN-648054,8003905040272,"Prosecco Anniversary Millesimato by Astoria is a premium Italian ros?ine of exceptional quality. Crafted from the finest Italian grape varieties, it offers a well-balanced flavour profile. Perfect for dining, entertaining, or gifting.",Astoria Prosecco Anniversary Millesimato ? a distinguished Italian ros?ine with elegant character.,23990,,,4,5,69e5aa5040cdaab22a0a1b03,69e5aad740cdaab22a0a1b73,ACTIVE,,,,wine|Italian wine|astoria|ros?fine wine|prosecco|Astoria,https://res.cloudinary.com/nigittriple/image/upload/v1776613083/claude/prosecco-anniversary-millesimato-040272.jpg,750ml,6,Italy,0.75,,,,,,,"Store in a cool, dark place at 12–15°C. Serve at appropriate temperature for wine type.",,Sulphites,,,,,,,,,[]
Prosecco Butterfly Millesimato Extra Dry,prosecco-butterfly-millesimato-extra-dry,ACXX-PROBUT-375623,8003905041781,"Prosecco Butterfly Millesimato Extra Dry by Astoria is a premium Italian ros?ine of exceptional quality. Crafted from the finest Italian grape varieties, it offers a well-balanced flavour profile. Perfect for dining, entertaining, or gifting.",Astoria Prosecco Butterfly Millesimato Extra Dry ? a distinguished Italian ros?ine with elegant character.,17980,,,0,5,69e5aa5040cdaab22a0a1b03,69e5aad740cdaab22a0a1b73,ACTIVE,,,,wine|Italian wine|astoria|ros?fine wine|prosecco|Astoria,https://res.cloudinary.com/nigittriple/image/upload/v1776613070/claude/prosecco-butterfly-millesimato-extra-dry-041781.jpg,750ml,6,Italy,0.75,,,,,,,"Store in a cool, dark place at 12–15°C. Serve at appropriate temperature for wine type.",,Sulphites,,,,,,,,,[]
MIX RED BERRIES SUGAR FREE,frutti-rossi,DXXX-FRUROS-542052,8001620015643,Frutti Rossi by San Benedetto is a refreshing non-alcoholic beverage available at NigiTriple Supermarket.,Frutti Rossi ? refreshing fruit drink by San Benedetto.,2500,,,17,5,69e5aa5140cdaab22a0a1b04,69e5aab540cdaab22a0a1b56,ACTIVE,,,,drinks|san benedetto|fruit drink,https://res.cloudinary.com/nigittriple/image/upload/v1776613057/claude/frutti-rossi-015643.jpg,400ml,24,Italy,0.4,,,,,,,Best served chilled. Store in a cool place.,,,,,,,,,,,[]
Red Wine IL Puro Merlot,red-wine-il-puro-merlot,ACXX-REDWIN-745496,8003905040289,"Red Wine IL Puro Merlot by Astoria is a premium Italian red wine of exceptional quality. Crafted from the finest Italian grape varieties, it offers a well-balanced flavour profile. Perfect for dining, entertaining, or gifting.",Astoria Red Wine IL Puro Merlot ? a distinguished Italian red wine with elegant character.,19000,,,6,5,69e5aa5040cdaab22a0a1b03,69e5aad740cdaab22a0a1b73,ACTIVE,,,,wine|Italian wine|astoria|red|fine wine|Astoria,https://res.cloudinary.com/nigittriple/image/upload/v1776613046/claude/red-wine-il-puro-merlot-040289.jpg,750ml,6,Italy,0.75,,,,,,,"Store in a cool, dark place at 12–15°C. Serve at appropriate temperature for wine type.",,Sulphites,,,,,,,,,[]
Red Wine Caranto Pinot Noir,red-wine-caranto-pinot-noir,ACXX-REDWIN-679616,8003905101850,"Red Wine Caranto Pinot Noir by Astoria is a premium Italian red wine of exceptional quality. Crafted from the finest Italian grape varieties, it offers a well-balanced flavour profile. Perfect for dining, entertaining, or gifting.",Astoria Red Wine Caranto Pinot Noir ? a distinguished Italian red wine with elegant character.,18400,,,4,5,69e5aa5040cdaab22a0a1b03,69e5aad740cdaab22a0a1b73,ACTIVE,,,,wine|Italian wine|astoria|red|fine wine|Astoria,https://res.cloudinary.com/nigittriple/image/upload/v1776613029/claude/red-wine-caranto-pinot-noir-101850.jpg,750ml,6,Italy,0.75,,,,,,,"Store in a cool, dark place at 12–15°C. Serve at appropriate temperature for wine type.",,Sulphites,,,,,,,,,[]
White Wine Alisia Pinot Grigio,white-wine-alisia-pinot-grigio,ACXX-WHIWIN-422987,8003905100969,"White Wine Alisia Pinot Grigio by Astoria is a premium Italian white wine of exceptional quality. Crafted from the finest Italian grape varieties, it offers a well-balanced flavour profile. Perfect for dining, entertaining, or gifting.",Astoria White Wine Alisia Pinot Grigio ? a distinguished Italian white wine with elegant character.,21220,,,1,5,69e5aa5040cdaab22a0a1b03,69e5aad740cdaab22a0a1b73,ACTIVE,,,,wine|Italian wine|astoria|white|fine wine|Astoria,https://res.cloudinary.com/nigittriple/image/upload/v1776613017/claude/white-wine-alisia-pinot-grigio-100969.jpg,750ml,6,Italy,0.75,,,,,,,"Store in a cool, dark place at 12–15°C. Serve at appropriate temperature for wine type.",,Sulphites,,,,,,,,,[]
Kalibro Cuvee Brut,kalibro-cuvee-brut,ACXX-KALCUV-421020,174823861110,"Kalibro Cuvee Brut by Astoria is a premium Italian sparkling wine of exceptional quality. Crafted from the finest Italian grape varieties, it offers a well-balanced flavour profile. Perfect for dining, entertaining, or gifting.",Astoria Kalibro Cuvee Brut ? a distinguished Italian sparkling wine with elegant character.,35150,,,5,5,69e5aa5040cdaab22a0a1b03,69e5aad740cdaab22a0a1b73,ACTIVE,,,,wine|Italian wine|astoria|sparkling|fine wine|Astoria,https://res.cloudinary.com/nigittriple/image/upload/v1776613004/claude/kalibro-cuvee-brut-861110.jpg,750ml,6,Italy,0.75,,,,,,,"Store in a cool, dark place at 12–15°C. Serve at appropriate temperature for wine type.",,Sulphites,,,,,,,,,[]
Sparkling Sushi Spumante Brut,sparkling-sushi-spumante-brut,AWXX-SPASUS-807766,8003905042757,"Sparkling Sushi Spumante Brut by Astoria is a premium Italian sparkling wine of exceptional quality. Crafted from the finest Italian grape varieties, it offers a well-balanced flavour profile. Perfect for dining, entertaining, or gifting.",Astoria Sparkling Sushi Spumante Brut ? a distinguished Italian sparkling wine with elegant character.,16400,,,7,5,69e5aa4f40cdaab22a0a1b02,69e5aad740cdaab22a0a1b73,ACTIVE,,,,wine|Italian wine|astoria|sparkling|fine wine,https://res.cloudinary.com/nigittriple/image/upload/v1776612992/claude/sparkling-sushi-spumante-brut-042757.jpg,750ml,6,Italy,0.75,,,,,,,"Store in a cool, dark place at 12–15°C. Serve at appropriate temperature for wine type.",,Sulphites,,,,,,,,,[]
Plum Jam,plum,VPAF-PLU-645603,8000810101944,Made from carefully selected ingredients and preserved in quality oil or brine to lock in flavour and freshness.,"Plum ? premium Italian preserved Fruits , ideal as antipasto or cooking ingredient.",6950,,,8,5,69e5aa4740cdaab22a0a1afb,69e5aad540cdaab22a0a1b71,ACTIVE,,,,preserved vegetables|antipasto|Italian|jam,https://res.cloudinary.com/nigittriple/image/upload/v1776612980/claude/plum-101944.jpg,350g,6,Italy,0.35,,,,,,,"Store in a cool, dry place. Refrigerate after opening and use within 3 days.",,,,,,,,,,,[]
Apricot Jam,apricot,VPAF-APR-114035,8000810101883,Made from carefully selected ingredients and preserved in quality oil or brine to lock in flavour and freshness.,"Apricot ? premium Italian preserved Fruit, ideal as antipasto or cooking ingredient.",6950,,,14,5,69e5aa4740cdaab22a0a1afb,69e5aad540cdaab22a0a1b71,ACTIVE,,,,preserved vegetables|antipasto|Italian|Ristoris|jam,https://res.cloudinary.com/nigittriple/image/upload/v1776612970/claude/apricot-101883.jpg,350g,6,Italy,0.35,,,,,,,"Store in a cool, dry place. Refrigerate after opening and use within 3 days.",,,,,,,,,,,[]
Red Wine Ruden,red-wine-ruden,ACXX-REDWIN-322941,8003905043037,"Red Wine Ruden by Astoria is a premium Italian red wine of exceptional quality. Crafted from the finest Italian grape varieties, it offers a well-balanced flavour profile. Perfect for dining, entertaining, or gifting.",Astoria Red Wine Ruden ? a distinguished Italian red wine with elegant character.,26350,,,0,5,69e5aa5040cdaab22a0a1b03,69e5aad740cdaab22a0a1b73,ACTIVE,,,,wine|Italian wine|astoria|red|fine wine|Astoria,https://res.cloudinary.com/nigittriple/image/upload/v1776612960/claude/red-wine-ruden-043037.jpg,750ml,6,Italy,0.75,,,,,,,"Store in a cool, dark place at 12–15°C. Serve at appropriate temperature for wine type.",,Sulphites,,,,,,,,,[]
White Wine Fiano Salento,white-wine-fiano-salento,AWXX-WHIWIN-419439,8023354172713,"White Wine Fiano Salento by VITTI is a premium Italian white wine of exceptional quality. Crafted from the finest Italian grape varieties, it offers a well-balanced flavour profile. Perfect for dining, entertaining, or gifting.",VITTI White Wine Fiano Salento ? a distinguished Italian white wine with elegant character.,34700,,,1,5,69e5aa4f40cdaab22a0a1b02,69e5aadc40cdaab22a0a1b78,ACTIVE,,,,wine|Italian wine|vitti|white|fine wine,https://res.cloudinary.com/nigittriple/image/upload/v1776612943/claude/white-wine-fiano-salento-172713.jpg,750ml,6,Italy,0.75,,,,,,,"Store in a cool, dark place at 12–15°C. Serve at appropriate temperature for wine type.",,Sulphites,,,,,,,,,[]
Mixed Berries Jam,mixed-berries,VPAF-MIXBER-750666,8000810101982,Made from carefully selected ingredients and preserved in quality oil or brine to lock in flavour and freshness.,"Mixed Berries ? premium Italian preserved Fruits , ideal as antipasto or cooking ingredient.",6950,,,11,5,69e5aa4740cdaab22a0a1afb,69e5aad540cdaab22a0a1b71,ACTIVE,,,,preserved vegetables|antipasto|Italian|jam,https://res.cloudinary.com/nigittriple/image/upload/v1776612931/claude/mixed-berries-101982.jpg,350g,6,Italy,0.35,,,,,,,"Store in a cool, dry place. Refrigerate after opening and use within 3 days.",,,,,,,,,,,[]
White Wine Muller Thurgau,white-wine-muller-thurgau,AWXX-WHIWIN-842234,8003930111473,"White Wine Muller Thurgau by Santa Margherita is a premium Italian white wine of exceptional quality. Crafted from the finest Italian grape varieties, it offers a well-balanced flavour profile. Perfect for dining, entertaining, or gifting.",Santa Margherita White Wine Muller Thurgau ? a distinguished Italian white wine with elegant character.,19000,,,12,5,69e5aa4f40cdaab22a0a1b02,69e5aadb40cdaab22a0a1b77,ACTIVE,,,,wine|Italian wine|santa margherita|white|fine wine,https://res.cloudinary.com/nigittriple/image/upload/v1776612921/claude/white-wine-muller-thurgau-111473.jpg,750ml,6,Italy,0.75,,,,,,,"Store in a cool, dark place at 12–15°C. Serve at appropriate temperature for wine type.",,Sulphites,,,,,,,,,[]
White Wine Chateaudu Cleray Sauvignon,white-wine-chateaudu-cleray-sauvignon,AWXX-WHIWIN-259203,3279870612539,"White Wine Chateaudu Cleray Sauvignon by Haute Culture is a premium Italian white wine of exceptional quality. Crafted from the finest Italian grape varieties, it offers a well-balanced flavour profile. Perfect for dining, entertaining, or gifting.",Haute Culture White Wine Chateaudu Cleray Sauvignon ? a distinguished Italian white wine with elegant character.,30100,,,5,5,69e5aa4f40cdaab22a0a1b02,69e5aada40cdaab22a0a1b76,ACTIVE,,,,wine|Italian wine|haute culture|white|fine wine,https://res.cloudinary.com/nigittriple/image/upload/v1776612905/claude/white-wine-chateaudu-cleray-sauvignon-612539.jpg,750ml,6,Italy,0.75,,,,,,,"Store in a cool, dark place at 12–15°C. Serve at appropriate temperature for wine type.",,Sulphites,,,,,,,,,[]
Valdobbiadene Prosecco Superiore Dry,valdobbiadene-prosecco-superiore-dry,AWXX-VALPRO-200713,8005358000032,"Valdobbiadene Prosecco Superiore Dry by Bellussi is a premium Italian ros?ine of exceptional quality. Crafted from the finest Italian grape varieties, it offers a well-balanced flavour profile. Perfect for dining, entertaining, or gifting.",Bellussi Valdobbiadene Prosecco Superiore Dry ? a distinguished Italian ros?ine with elegant character.,42000,,,10,5,69e5aa4f40cdaab22a0a1b02,69e5aad940cdaab22a0a1b75,ACTIVE,,,,wine|Italian wine|bellussi|ros?fine wine|prosecco,https://res.cloudinary.com/nigittriple/image/upload/v1776612887/claude/valdobbiadene-prosecco-superiore-dry-000032.jpg,750ml,6,Italy,0.75,,,,,,,"Store in a cool, dark place at 12–15°C. Serve at appropriate temperature for wine type.",,Sulphites,,,,,,,,,[]
Supmante Brut Bio,supmante-brut-bio,AWXX-SUPBRU-848477,8005358000155,"Supmante Brut Bio by Bellussi is a premium Italian sparkling wine of exceptional quality. Crafted from the finest Italian grape varieties, it offers a well-balanced flavour profile. Perfect for dining, entertaining, or gifting.",Bellussi Supmante Brut Bio ? a distinguished Italian sparkling wine with elegant character.,28000,,,4,5,69e5aa4f40cdaab22a0a1b02,69e5aad940cdaab22a0a1b75,ACTIVE,,,,wine|Italian wine|bellussi|sparkling|fine wine,https://res.cloudinary.com/nigittriple/image/upload/v1776612874/claude/supmante-brut-bio-000155.jpg,750ml,6,Italy,0.75,,,,,,,"Store in a cool, dark place at 12–15°C. Serve at appropriate temperature for wine type.",,Sulphites,,,,,,,,,[]
Lemon Jam,lemon,VPAF-LEM-373968,8006040660053,Made from carefully selected ingredients and preserved in quality oil or brine to lock in flavour and freshness.,"Lemon ? premium Italian preserved Fruits, ideal as antipasto or cooking ingredient.",6800,,,9,5,69e5aa4740cdaab22a0a1afb,69e5aad540cdaab22a0a1b71,ACTIVE,,,,preserved vegetables|antipasto|Italian|jam,https://res.cloudinary.com/nigittriple/image/upload/v1776612859/claude/lemon-660053.jpg,350g,6,Italy,0.35,,,,,,,"Store in a cool, dry place. Refrigerate after opening and use within 3 days.",,,,,,,,,,,[]
Berlucchi Imperial Cuvee Brut,berlucchi-imperial-cuvee-brut,AWXX-BERIMP-620581,80107415,"Berlucchi Imperial Cuvee Brut by Berlucchi is a premium Italian sparkling wine of exceptional quality. Crafted from the finest Italian grape varieties, it offers a well-balanced flavour profile. Perfect for dining, entertaining, or gifting.",Berlucchi Berlucchi Imperial Cuvee Brut ? a distinguished Italian sparkling wine with elegant character.,46960,,,1,5,69e5aa4f40cdaab22a0a1b02,69e5aad840cdaab22a0a1b74,ACTIVE,,,,wine|Italian wine|berlucchi|sparkling|fine wine,https://res.cloudinary.com/nigittriple/image/upload/v1776612849/claude/berlucchi-imperial-cuvee-brut-107415.jpg,750ml,6,Italy,0.75,,,,,,,"Store in a cool, dark place at 12–15°C. Serve at appropriate temperature for wine type.",,Sulphites,,,,,,,,,[]
Peach Jam,peach,VPAF-PEA-112326,8000810101937.00,description,"Peach 🍑 – premium Italian preserved Fruits, ideal as antipasto or cooking ingredient.",6950,,,9,5,69e5aa4740cdaab22a0a1afb,69e5aad540cdaab22a0a1b71,ACTIVE,,,,preserved vegetables|antipasto|Italian|jam,https://res.cloudinary.com/nigittriple/image/upload/v1776612833/claude/peach-101937.jpg,350g,6,Italy,0.35,,,,,,,"Store in a cool, dry place. Refrigerate after opening and use within 3 days.",,,,,,,,,,,[]
Red Wine Barbera D' Asti,red-wine-barbera-d-asti,AWXX-REDWIN-328167,8006366001400,"Red Wine Barbera D' Asti by Monteverdi is a premium Italian red wine of exceptional quality. Crafted from the finest Italian grape varieties, it offers a well-balanced flavour profile. Perfect for dining, entertaining, or gifting.",Monteverdi Red Wine Barbera D' Asti ? a distinguished Italian red wine with elegant character.,22300,,,15,5,69e5aa4f40cdaab22a0a1b02,69e5aad040cdaab22a0a1b6d,ACTIVE,,,,wine|Italian wine|monteverdi|red|fine wine,https://res.cloudinary.com/nigittriple/image/upload/v1776612823/claude/red-wine-barbera-d-asti-001400.jpg,750ml,6,Italy,0.75,,,,,,,"Store in a cool, dark place at 12–15°C. Serve at appropriate temperature for wine type.",,Sulphites,,,,,,,,,[]
Orange Jam,orange,VPAF-ORA-902545,8000810101906,Made from carefully selected ingredients and preserved in quality oil or brine to lock in flavour and freshness.,"Orange ? premium Italian preserved Fruits, ideal as antipasto or cooking ingredient.",6950,,,11,5,69e5aa4740cdaab22a0a1afb,69e5aad540cdaab22a0a1b71,ACTIVE,,,,preserved vegetables|antipasto|Italian|jam,https://res.cloudinary.com/nigittriple/image/upload/v1776612810/claude/orange-101906.jpg,350g,6,Italy,0.35,,,,,,,"Store in a cool, dry place. Refrigerate after opening and use within 3 days.",,,,,,,,,,,[]
Blueberry Jam,blueberry,VPAF-BLU-165363,8000810101968,Made from carefully selected ingredients and preserved in quality oil or brine to lock in flavour and freshness.,"Blueberry ? premium Italian preserved Fruits, ideal as antipasto or cooking ingredient.",6900,,,9,5,69e5aa4740cdaab22a0a1afb,69e5aad540cdaab22a0a1b71,ACTIVE,,,,preserved vegetables|antipasto|Italian|jam,https://res.cloudinary.com/nigittriple/image/upload/v1776612799/claude/blueberry-101968.jpg,350g,6,Italy,0.35,,,,,,,"Store in a cool, dry place. Refrigerate after opening and use within 3 days.",,,,,,,,,,,[]
Black Cherry Jam,black-sherry,VPAF-BLASHE-154736,8000810101913,Made from carefully selected ingredients and preserved in quality oil or brine to lock in flavour and freshness.,"Black Sherry ? premium Italian preserved Fruits, ideal as antipasto or cooking ingredient.",6900,,,11,5,69e5aa4740cdaab22a0a1afb,69e5aad540cdaab22a0a1b71,ACTIVE,,,,preserved vegetables|antipasto|Italian|jam,https://res.cloudinary.com/nigittriple/image/upload/v1776612789/claude/black-sherry-101913.jpg,350g,6,Italy,0.35,,,,,,,"Store in a cool, dry place. Refrigerate after opening and use within 3 days.",,,,,,,,,,,[]
Red Wine Croder,red-wine-croder,ACXX-REDWIN-274818,8003905041163,"Red Wine Croder by Astoria is a premium Italian red wine of exceptional quality. Crafted from the finest Italian grape varieties, it offers a well-balanced flavour profile. Perfect for dining, entertaining, or gifting.",Astoria Red Wine Croder ? a distinguished Italian red wine with elegant character.,35550,,,4,5,69e5aa5040cdaab22a0a1b03,69e5aad740cdaab22a0a1b73,ACTIVE,,,,wine|Italian wine|astoria|red|fine wine|Astoria,https://res.cloudinary.com/nigittriple/image/upload/v1776612778/claude/red-wine-croder-041163.jpg,750ml,6,Italy,0.75,,,,,,,"Store in a cool, dark place at 12–15°C. Serve at appropriate temperature for wine type.",,Sulphites,,,,,,,,,[]
Strawberry Jam,strawberry,VPAF-STR-724974,8000810101920.00,description,"Strawberry 🍓 – premium Italian preserved Fruits, ideal as antipasto or cooking ingredient.",6950,,,13,5,69e5aa4740cdaab22a0a1afb,69e5aad540cdaab22a0a1b71,ACTIVE,,,,preserved vegetables|antipasto|Italian|jam,https://res.cloudinary.com/nigittriple/image/upload/v1776612767/claude/strawberry-101920.jpg,350g,6,Italy,0.35,,,,,,,"Store in a cool, dry place. Refrigerate after opening and use within 3 days.",,,,,,,,,,,[]
White Wine Grillo Sicilia I Balzi,white-wine-grillo-sicilia-i-balzi,AWXX-WHIWIN-536273,8000128164075,"White Wine Grillo Sicilia I Balzi by BIO is a premium Italian white wine of exceptional quality. Crafted from the finest Italian grape varieties, it offers a well-balanced flavour profile. Perfect for dining, entertaining, or gifting.",BIO White Wine Grillo Sicilia I Balzi ? a distinguished Italian white wine with elegant character.,19920,,,11,5,69e5aa4f40cdaab22a0a1b02,69e5aad640cdaab22a0a1b72,ACTIVE,,,,wine|Italian wine|bio|white|fine wine,https://res.cloudinary.com/nigittriple/image/upload/v1776612758/claude/white-wine-grillo-sicilia-i-balzi-164075.jpg,750ml,6,Italy,0.75,,,,,,,"Store in a cool, dark place at 12–15°C. Serve at appropriate temperature for wine type.",,Sulphites,,,,,,,,,[]
Red Cherry Jam,red-sherry-jam,VPAF-REDSHE-469847,8000810101890,Made from carefully selected ingredients and preserved in quality oil or brine to lock in flavour and freshness.,"Red sherry Jam ? premium Italian preserved Fruits, ideal as antipasto or cooking ingredient.",6950,,,15,5,69e5aa4740cdaab22a0a1afb,69e5aad540cdaab22a0a1b71,ACTIVE,,,,preserved vegetables|antipasto|Italian|jam,https://res.cloudinary.com/nigittriple/image/upload/v1776612745/claude/red-sherry-jam-101890.jpg,350g,6,Italy,0.35,,,,,,,"Store in a cool, dry place. Refrigerate after opening and use within 3 days.",,,,,,,,,,,[]
Red Wine Pluris Molise Red Riserva,red-wine-pluris-molise-red-riserva,AWXX-REDWIN-191938,202404250000,"Red Wine Pluris Molise Red Riserva by San Zenone is a premium Italian red wine of exceptional quality. Crafted from the finest Italian grape varieties, it offers a well-balanced flavour profile. Perfect for dining, entertaining, or gifting.",San Zenone Red Wine Pluris Molise Red Riserva ? a distinguished Italian red wine with elegant character.,41250,,,2,5,69e5aa4f40cdaab22a0a1b02,69e5aacf40cdaab22a0a1b6c,ACTIVE,,,,wine|Italian wine|san zenone|red|fine wine,https://res.cloudinary.com/nigittriple/image/upload/v1776612736/claude/red-wine-pluris-molise-red-riserva-250000.jpg,750ml,6,Italy,0.75,,,,,,,"Store in a cool, dark place at 12–15°C. Serve at appropriate temperature for wine type.",,Sulphites,,,,,,,,,[]
Red Wine Clivia Molise Red,red-wine-clivia-molise-red,AWXX-REDWIN-646265,8051764650460,"Red Wine Clivia Molise Red by San Zenone is a premium Italian red wine of exceptional quality. Crafted from the finest Italian grape varieties, it offers a well-balanced flavour profile. Perfect for dining, entertaining, or gifting.",San Zenone Red Wine Clivia Molise Red ? a distinguished Italian red wine with elegant character.,20800,,,8,5,69e5aa4f40cdaab22a0a1b02,69e5aacf40cdaab22a0a1b6c,ACTIVE,,,,wine|Italian wine|san zenone|red|fine wine,https://res.cloudinary.com/nigittriple/image/upload/v1776612718/claude/red-wine-clivia-molise-red-650460.jpg,750ml,6,Italy,0.75,,,,,,,"Store in a cool, dark place at 12–15°C. Serve at appropriate temperature for wine type.",,Sulphites,,,,,,,,,[]
Red Wine Viacorbinaia Chianti,red-wine-viacorbinaia-chianti,AWXX-REDWIN-132148,8053904260089,"Red Wine Viacorbinaia Chianti by Tenuta Corbinaia is a premium Italian red wine of exceptional quality. Crafted from the finest Italian grape varieties, it offers a well-balanced flavour profile. Perfect for dining, entertaining, or gifting.",Tenuta Corbinaia Red Wine Viacorbinaia Chianti ? a distinguished Italian red wine with elegant character.,22000,,,1,5,69e5aa4f40cdaab22a0a1b02,69e5aad440cdaab22a0a1b70,ACTIVE,,,,wine|Italian wine|tenuta corbinaia|red|fine wine,https://res.cloudinary.com/nigittriple/image/upload/v1776612702/claude/red-wine-viacorbinaia-chianti-260089.jpg,750ml,6,Italy,0.75,,,,,,,"Store in a cool, dark place at 12–15°C. Serve at appropriate temperature for wine type.",,Sulphites,,,,,,,,,[]
Red Wine Pinot Noir,red-wine-pinot-noir,AWXX-REDWIN-939497,8026810010604,"Red Wine Pinot Noir by H.Lun is a premium Italian red wine of exceptional quality. Crafted from the finest Italian grape varieties, it offers a well-balanced flavour profile. Perfect for dining, entertaining, or gifting.",H.Lun Red Wine Pinot Noir ? a distinguished Italian red wine with elegant character.,35160,,,1,5,69e5aa4f40cdaab22a0a1b02,69e5aad240cdaab22a0a1b6f,ACTIVE,,,,wine|Italian wine|h.lun|red|fine wine,https://res.cloudinary.com/nigittriple/image/upload/v1776612690/claude/red-wine-pinot-noir-010604.jpg,750ml,6,Italy,0.75,,,,,,,"Store in a cool, dark place at 12–15°C. Serve at appropriate temperature for wine type.",,Sulphites,,,,,,,,,[]
Red Wine Bardolino,red-wine-bardolino,AWXX-REDWIN-500345,8006366001257,"Red Wine Bardolino by Monteverdi is a premium Italian red wine of exceptional quality. Crafted from the finest Italian grape varieties, it offers a well-balanced flavour profile. Perfect for dining, entertaining, or gifting.",Monteverdi Red Wine Bardolino ? a distinguished Italian red wine with elegant character.,15250,,,1,5,69e5aa4f40cdaab22a0a1b02,69e5aad040cdaab22a0a1b6d,ACTIVE,,,,wine|Italian wine|monteverdi|red|fine wine,https://res.cloudinary.com/nigittriple/image/upload/v1776612674/claude/red-wine-bardolino-001257.jpg,750ml,6,Italy,0.75,,,,,,,"Store in a cool, dark place at 12–15°C. Serve at appropriate temperature for wine type.",,Sulphites,,,,,,,,,[]
White Wine Vendemmia,white-wine-vendemmia,AWXX-WHIWIN-829102,8007063121019,"White Wine Vendemmia by Corvo is a premium Italian white wine of exceptional quality. Crafted from the finest Italian grape varieties, it offers a well-balanced flavour profile. Perfect for dining, entertaining, or gifting.",Corvo White Wine Vendemmia ? a distinguished Italian white wine with elegant character.,20000,,,3,5,69e5aa4f40cdaab22a0a1b02,69e5aad140cdaab22a0a1b6e,ACTIVE,,,,wine|Italian wine|corvo|white|fine wine,https://res.cloudinary.com/nigittriple/image/upload/v1776612662/claude/white-wine-vendemmia-121019.jpg,750ml,6,Italy,0.75,,,,,,,"Store in a cool, dark place at 12–15°C. Serve at appropriate temperature for wine type.",,Sulphites,,,,,,,,,[]
Red Wine Dolcetto D' Asti,red-wine-dolcetto-d-asti,AWXX-REDWIN-821573,8006366001240,"Red Wine Dolcetto D' Asti by Monteverdi is a premium Italian red wine of exceptional quality. Crafted from the finest Italian grape varieties, it offers a well-balanced flavour profile. Perfect for dining, entertaining, or gifting.",Monteverdi Red Wine Dolcetto D' Asti ? a distinguished Italian red wine with elegant character.,21000,,,7,5,69e5aa4f40cdaab22a0a1b02,69e5aad040cdaab22a0a1b6d,ACTIVE,,,,wine|Italian wine|monteverdi|red|fine wine,https://res.cloudinary.com/nigittriple/image/upload/v1776612648/claude/red-wine-dolcetto-d-asti-001240.jpg,750ml,6,Italy,0.75,,,,,,,"Store in a cool, dark place at 12–15°C. Serve at appropriate temperature for wine type.",,Sulphites,,,,,,,,,[]
Red Wine Colle D Pastini Molise Red,red-wine-colle-d-pastini-molise-red,AWXX-REDWIN-250387,8051764650446,"Red Wine Colle D Pastini Molise Red by San Zenone is a premium Italian red wine of exceptional quality. Crafted from the finest Italian grape varieties, it offers a well-balanced flavour profile. Perfect for dining, entertaining, or gifting.",San Zenone Red Wine Colle D Pastini Molise Red ? a distinguished Italian red wine with elegant character.,17000,,,14,5,69e5aa4f40cdaab22a0a1b02,69e5aacf40cdaab22a0a1b6c,ACTIVE,,,,wine|Italian wine|san zenone|red|fine wine,https://res.cloudinary.com/nigittriple/image/upload/v1776612631/claude/red-wine-colle-d-pastini-molise-red-650446.jpg,750ml,6,Italy,0.75,,,,,,,"Store in a cool, dark place at 12–15°C. Serve at appropriate temperature for wine type.",,Sulphites,,,,,,,,,[]
Red Wine Clivia Cabernet Sauvignon,red-wine-clivia-cabernet-sauvignon,AWXX-REDWIN-273860,8051764650491,"Red Wine Clivia Cabernet Sauvignon by San Zenone is a premium Italian red wine of exceptional quality. Crafted from the finest Italian grape varieties, it offers a well-balanced flavour profile. Perfect for dining, entertaining, or gifting.",San Zenone Red Wine Clivia Cabernet Sauvignon ? a distinguished Italian red wine with elegant character.,20800,,,11,5,69e5aa4f40cdaab22a0a1b02,69e5aacf40cdaab22a0a1b6c,ACTIVE,,,,wine|Italian wine|san zenone|red|fine wine,https://res.cloudinary.com/nigittriple/image/upload/v1776612617/claude/red-wine-clivia-cabernet-sauvignon-650491.jpg,750ml,6,Italy,0.75,,,,,,,"Store in a cool, dark place at 12–15°C. Serve at appropriate temperature for wine type.",,Sulphites,,,,,,,,,[]
White Wine Vermentino Di Sardegna,white-wine-vermentino-di-sardegna,AWXX-WHIWIN-746138,8006366001622,"White Wine Vermentino Di Sardegna by Terre S. Sofia is a premium Italian white wine of exceptional quality. Crafted from the finest Italian grape varieties, it offers a well-balanced flavour profile. Perfect for dining, entertaining, or gifting.",Terre S. Sofia White Wine Vermentino Di Sardegna ? a distinguished Italian white wine with elegant character.,14100,,,1,5,69e5aa4f40cdaab22a0a1b02,69e5aacb40cdaab22a0a1b69,ACTIVE,,,,wine|Italian wine|terre s. sofia|white|fine wine,https://res.cloudinary.com/nigittriple/image/upload/v1776612603/claude/white-wine-vermentino-di-sardegna-001622.jpg,750ml,6,Italy,0.75,,,,,,,"Store in a cool, dark place at 12–15°C. Serve at appropriate temperature for wine type.",,Sulphites,,,,,,,,,[]
Red Wine IL Viandante Bio,red-wine-il-viandante-bio,AWXX-REDWIN-745063,8051764650620,"Red Wine IL Viandante Bio by San Zenone is a premium Italian red wine of exceptional quality. Crafted from the finest Italian grape varieties, it offers a well-balanced flavour profile. Perfect for dining, entertaining, or gifting.",San Zenone Red Wine IL Viandante Bio ? a distinguished Italian red wine with elegant character.,20800,,,10,5,69e5aa4f40cdaab22a0a1b02,69e5aacf40cdaab22a0a1b6c,ACTIVE,,,,wine|Italian wine|san zenone|red|fine wine,https://res.cloudinary.com/nigittriple/image/upload/v1776612591/claude/red-wine-il-viandante-bio-650620.jpg,750ml,6,Italy,0.75,,,,,,,"Store in a cool, dark place at 12–15°C. Serve at appropriate temperature for wine type.",,Sulphites,,,,,,,,,[]
Red Wine Colle D Pastini Cabernet Sauvignon,red-wine-colle-d-pastini-cabernet-sauvignon,AWXX-REDWIN-723603,8051764650484,"Red Wine Colle D Pastini Cabernet Sauvignon by San Zenone is a premium Italian red wine of exceptional quality. Crafted from the finest Italian grape varieties, it offers a well-balanced flavour profile. Perfect for dining, entertaining, or gifting.",San Zenone Red Wine Colle D Pastini Cabernet Sauvignon ? a distinguished Italian red wine with elegant character.,17000,,,11,5,69e5aa4f40cdaab22a0a1b02,69e5aacf40cdaab22a0a1b6c,ACTIVE,,,,wine|Italian wine|san zenone|red|fine wine,https://res.cloudinary.com/nigittriple/image/upload/v1776612578/claude/red-wine-colle-d-pastini-cabernet-sauvignon-650484.jpg,750ml,6,Italy,0.75,,,,,,,"Store in a cool, dark place at 12–15°C. Serve at appropriate temperature for wine type.",,Sulphites,,,,,,,,,[]
Red Wine Dolcetto D' Alba,red-wine-dolcetto-d-alba,AWXX-REDWIN-757537,17482211116666,"Red Wine Dolcetto D' Alba by Alberto Ballarin is a premium Italian red wine of exceptional quality. Crafted from the finest Italian grape varieties, it offers a well-balanced flavour profile. Perfect for dining, entertaining, or gifting.",Alberto Ballarin Red Wine Dolcetto D' Alba ? a distinguished Italian red wine with elegant character.,27750,,,7,5,69e5aa4f40cdaab22a0a1b02,69e5aace40cdaab22a0a1b6b,ACTIVE,,,,wine|Italian wine|alberto ballarin|red|fine wine,https://res.cloudinary.com/nigittriple/image/upload/v1776612567/claude/red-wine-dolcetto-d-alba-116666.jpg,750ml,6,Italy,0.75,,,,,,,"Store in a cool, dark place at 12–15°C. Serve at appropriate temperature for wine type.",,Sulphites,,,,,,,,,[]
Red Wine Langhe Nebbiolo,red-wine-langhe-nebbiolo,AWXX-REDWIN-997617,9174173819334,"Red Wine Langhe Nebbiolo by Alberto Ballarin is a premium Italian red wine of exceptional quality. Crafted from the finest Italian grape varieties, it offers a well-balanced flavour profile. Perfect for dining, entertaining, or gifting.",Alberto Ballarin Red Wine Langhe Nebbiolo ? a distinguished Italian red wine with elegant character.,36000,,,2,5,69e5aa4f40cdaab22a0a1b02,69e5aace40cdaab22a0a1b6b,ACTIVE,,,,wine|Italian wine|alberto ballarin|red|fine wine,https://res.cloudinary.com/nigittriple/image/upload/v1776612554/claude/red-wine-langhe-nebbiolo-819334.jpg,750ml,6,Italy,0.75,,,,,,,"Store in a cool, dark place at 12–15°C. Serve at appropriate temperature for wine type.",,Sulphites,,,,,,,,,[]
Red Wine Chianti,red-wine-chianti,AWXX-REDWIN-615386,8006030002412,"Red Wine Chianti by Cecchi is a premium Italian red wine of exceptional quality. Crafted from the finest Italian grape varieties, it offers a well-balanced flavour profile. Perfect for dining, entertaining, or gifting.",Cecchi Red Wine Chianti ? a distinguished Italian red wine with elegant character.,16000,,,4,5,69e5aa4f40cdaab22a0a1b02,69e5aacd40cdaab22a0a1b6a,ACTIVE,,,,wine|Italian wine|cecchi|red|fine wine,https://res.cloudinary.com/nigittriple/image/upload/v1776612542/claude/red-wine-chianti-002412.jpg,750ml,6,Italy,0.75,,,,,,,"Store in a cool, dark place at 12–15°C. Serve at appropriate temperature for wine type.",,Sulphites,,,,,,,,,[]
Red Wine Nero D'Avola,red-wine-nero-d-avola-rzoo,AWXX-REDWIN-569725,8006366001899,"Red Wine Nero D'Avola by Terre S. Sofia is a premium Italian red wine of exceptional quality. Crafted from the finest Italian grape varieties, it offers a well-balanced flavour profile. Perfect for dining, entertaining, or gifting.",Terre S. Sofia Red Wine Nero D'Avola ? a distinguished Italian red wine with elegant character.,16000,,,1,5,69e5aa4f40cdaab22a0a1b02,69e5aacb40cdaab22a0a1b69,ACTIVE,,,,wine|Italian wine|terre s. sofia|red|fine wine,https://res.cloudinary.com/nigittriple/image/upload/v1776612531/claude/red-wine-nero-d-avola-001899.jpg,750ml,6,Italy,0.75,,,,,,,"Store in a cool, dark place at 12–15°C. Serve at appropriate temperature for wine type.",,Sulphites,,,,,,,,,[]
Red Wine Nero D' Avola,red-wine-nero-d-avola-22pt,AWXX-REDWIN-114733,8052462540671,"Red Wine Nero D' Avola by Regaleali is a premium Italian red wine of exceptional quality. Crafted from the finest Italian grape varieties, it offers a well-balanced flavour profile. Perfect for dining, entertaining, or gifting.",Regaleali Red Wine Nero D' Avola ? a distinguished Italian red wine with elegant character.,33300,,,6,5,69e5aa4f40cdaab22a0a1b02,69e5aaca40cdaab22a0a1b68,ACTIVE,,,,wine|Italian wine|regaleali|red|fine wine,https://res.cloudinary.com/nigittriple/image/upload/v1776612521/claude/red-wine-nero-d-avola-540671.jpg,750ml,6,Italy,0.75,,,,,,,"Store in a cool, dark place at 12–15°C. Serve at appropriate temperature for wine type.",,Sulphites,,,,,,,,,[]
Red Wine Nero D' Avola BIO,red-wine-nero-d-avola-bio,AWXX-REDWIN-215208,8033765258784,"Red Wine Nero D' Avola BIO by Tenute Orestiadi is a premium Italian red wine of exceptional quality. Crafted from the finest Italian grape varieties, it offers a well-balanced flavour profile. Perfect for dining, entertaining, or gifting.",Tenute Orestiadi Red Wine Nero D' Avola BIO ? a distinguished Italian red wine with elegant character.,17800,,,4,5,69e5aa4f40cdaab22a0a1b02,69e5aac940cdaab22a0a1b67,ACTIVE,,,,wine|Italian wine|tenute orestiadi|red|fine wine,https://res.cloudinary.com/nigittriple/image/upload/v1776612506/claude/red-wine-nero-d-avola-bio-258784.jpg,750ml,6,Italy,0.75,,,,,,,"Store in a cool, dark place at 12–15°C. Serve at appropriate temperature for wine type.",,Sulphites,,,,,,,,,[]
White Wine Chardonnay Puglia,white-wine-chardonnay-puglia,AWXX-WHIWIN-944155,8006366001882,"White Wine Chardonnay Puglia by Torregaia is a premium Italian white wine of exceptional quality. Crafted from the finest Italian grape varieties, it offers a well-balanced flavour profile. Perfect for dining, entertaining, or gifting.",Torregaia White Wine Chardonnay Puglia ? a distinguished Italian white wine with elegant character.,22500,,,4,5,69e5aa4f40cdaab22a0a1b02,69e5aac840cdaab22a0a1b66,ACTIVE,,,,wine|Italian wine|torregaia|white|fine wine,https://res.cloudinary.com/nigittriple/image/upload/v1776612495/claude/white-wine-chardonnay-puglia-001882.jpg,750ml,6,Italy,0.75,,,,,,,"Store in a cool, dark place at 12–15°C. Serve at appropriate temperature for wine type.",,Sulphites,,,,,,,,,[]
Red Winre Plumbago Nero D' Avola,red-winre-plumbago-nero-d-avola,AWXX-REDWIN-195901,8020735008005,"Red Winre Plumbago Nero D' Avola by Planeta is a premium Italian red wine of exceptional quality. Crafted from the finest Italian grape varieties, it offers a well-balanced flavour profile. Perfect for dining, entertaining, or gifting.",Planeta Red Winre Plumbago Nero D' Avola ? a distinguished Italian red wine with elegant character.,32000,,,6,5,69e5aa4f40cdaab22a0a1b02,69e5aac740cdaab22a0a1b65,ACTIVE,,,,wine|Italian wine|planeta|red|fine wine,https://res.cloudinary.com/nigittriple/image/upload/v1776612482/claude/red-winre-plumbago-nero-d-avola-008005.jpg,750ml,6,Italy,0.75,,,,,,,"Store in a cool, dark place at 12–15°C. Serve at appropriate temperature for wine type.",,Sulphites,,,,,,,,,[]
Red Wine Nero D' Avola,red-wine-nero-d-avola,AWXX-REDWIN-176887,8032625362876,"Red Wine Nero D' Avola by Terre Forti is a premium Italian red wine of exceptional quality. Crafted from the finest Italian grape varieties, it offers a well-balanced flavour profile. Perfect for dining, entertaining, or gifting.",Terre Forti Red Wine Nero D' Avola ? a distinguished Italian red wine with elegant character.,15300,,,8,5,69e5aa4f40cdaab22a0a1b02,69e5aac640cdaab22a0a1b64,ACTIVE,,,,wine|Italian wine|terre forti|red|fine wine,https://res.cloudinary.com/nigittriple/image/upload/v1776612470/claude/red-wine-nero-d-avola-362876.jpg,750ml,6,Italy,0.75,,,,,,,"Store in a cool, dark place at 12–15°C. Serve at appropriate temperature for wine type.",,Sulphites,,,,,,,,,[]
Red Wine Nebbioli D' Alba,red-wine-nebbioli-d-alba,AWXX-REDWIN-872384,174822111171,"Red Wine Nebbioli D' Alba by Massucco is a premium Italian red wine of exceptional quality. Crafted from the finest Italian grape varieties, it offers a well-balanced flavour profile. Perfect for dining, entertaining, or gifting.",Massucco Red Wine Nebbioli D' Alba ? a distinguished Italian red wine with elegant character.,32150,,,8,5,69e5aa4f40cdaab22a0a1b02,69e5aac440cdaab22a0a1b63,ACTIVE,,,,wine|Italian wine|massucco|red|fine wine,https://res.cloudinary.com/nigittriple/image/upload/v1776612459/claude/red-wine-nebbioli-d-alba-111171.jpg,750ml,6,Italy,0.75,,,,,,,"Store in a cool, dark place at 12–15°C. Serve at appropriate temperature for wine type.",,Sulphites,,,,,,,,,[]
Peach in Syrup,peach-in-syrup,CFXX-PEAIN-187479,8034034642020,Peach in Syrup is available at NigiTriple Supermarket Port Harcourt.,Peach in Syrup ? quality preserved food for your pantry.,6800,,,5,5,69e5aa4440cdaab22a0a1af9,69e5aac340cdaab22a0a1b62,ACTIVE,,,,canned food|la padula|canned fruits,https://res.cloudinary.com/nigittriple/image/upload/v1776612448/claude/peach-in-syrup-642020.jpg,560g,,Italy,0.56,,,,,,,"Store in a cool, dry place. Once opened, transfer to a non-metallic container and refrigerate. Use within 2 days.",,,,,,,,,,,[]
Honey in Jar,honey-in-jar,SADX-HONIN-486142,8006450012114,Honey in Jar is a premium quality sauce available at NigiTriple Supermarket.,Premium Italian Sweet ? Honey in Jar.,9340,,,1,5,69e5aa4340cdaab22a0a1af8,69e5aac240cdaab22a0a1b61,ACTIVE,,,,sauce|ambrosoli|Italian|sweet,https://res.cloudinary.com/nigittriple/image/upload/v1776612439/claude/honey-in-jar-012114.jpg,250g,12,Italy,0.25,,,,,,,"Store in a cool, dry place. Once opened, refrigerate and use within 3–4 days.",,,,,,,,,,,[]
Slice Pineapple,slice-pineapple,CFXX-SLIPIN-275097,024000015963,Slice Pineapple is available at NigiTriple Supermarket Port Harcourt.,Slice Pineapple ? quality preserved food for your pantry.,6930,,,6,5,69e5aa4440cdaab22a0a1af9,69e5aac140cdaab22a0a1b60,ACTIVE,,,,canned food|del monte|canned fruits,https://res.cloudinary.com/nigittriple/image/upload/v1776612425/claude/slice-pineapple-015963.jpg,435g,,Italy,0.435,,,,,,,"Store in a cool, dry place. Once opened, transfer to a non-metallic container and refrigerate. Use within 2 days.",,,,,,,,,,,[]
Fruits Mix in Syrup,fruits-mix-in-syrup,CFXX-FRUMIX-720149,024000024675,Fruits Mix in Syrup is available at NigiTriple Supermarket Port Harcourt.,Fruits Mix in Syrup ? quality preserved food for your pantry.,5000,,,3,5,69e5aa4440cdaab22a0a1af9,69e5aac140cdaab22a0a1b60,ACTIVE,,,,canned food|del monte|canned fruits,https://res.cloudinary.com/nigittriple/image/upload/v1776612402/claude/fruits-mix-in-syrup-024675.jpg,420g,,Italy,0.42,,,,,,,"Store in a cool, dry place. Once opened, transfer to a non-metallic container and refrigerate. Use within 2 days.",,,,,,,,,,,[]
Pine Nuts,pine-nuts,SXXX-PINNUT-537595,8013306602009,Pine Nuts is a delicious snack available at NigiTriple Supermarket Port Harcourt.,"Premium Nuts snack ? crispy, flavourful, and great for sharing.",8000,,,30,5,69e5aa3e40cdaab22a0a1af4,69e5aabf40cdaab22a0a1b5f,ACTIVE,,,,snacks|nuts|ventura,https://res.cloudinary.com/nigittriple/image/upload/v1776612391/claude/pine-nuts-602009.jpg,20g,,Italy,0.02,,,,,,,"Store in a cool, dry place away from direct sunlight",,,,,,,,,,,[]
Pistachio Flakes,pistachio-flakes,SXXX-PISFLA-587433,8007846001514,Pistachio Flakes is a delicious snack available at NigiTriple Supermarket Port Harcourt.,"Premium nuts snack ? crispy, flavourful, and great for sharing.",4170,,,0,5,69e5aa3e40cdaab22a0a1af4,69e5aabe40cdaab22a0a1b5e,ACTIVE,,,,snacks|nuts|ap,https://res.cloudinary.com/nigittriple/image/upload/v1776612378/claude/pistachio-flakes-001514.jpg,30g,,Italy,0.03,,,,,,,"Store in a cool, dry place away from direct sunlight",,,,,,,,,,,[]
Hazelnut Flakes,hazelnut-flakes,SXXX-HAZFLA-776053,8007846001163,Hazelnut Flakes is a delicious snack available at NigiTriple Supermarket Port Harcourt.,"Premium Nuts snack ? crispy, flavourful, and great for sharing.",3230,,,0,5,69e5aa3e40cdaab22a0a1af4,69e5aabe40cdaab22a0a1b5e,ACTIVE,,,,snacks|nuts|ap,https://res.cloudinary.com/nigittriple/image/upload/v1776612363/claude/hazelnut-flakes-001163.jpg,30g,,Italy,0.03,,,,,,,"Store in a cool, dry place away from direct sunlight",,,,,,,,,,,[]
Dried Grapes Sultanina,dried-grapes-sultanina-oam9,VPAF-DRIGRA-407500,8009750503337,Dried Grapes Sultanina is a premium quality Italian preserved product by Ristoris. Made from carefully selected ingredients and preserved in quality oil or brine to lock in flavour and freshness.,"Dried Grapes Sultanina ? premium Italian preserved vegetable, ideal as antipasto or cooking ingredient.",8000,,,7,5,69e5aa4740cdaab22a0a1afb,69e5aabd40cdaab22a0a1b5d,ACTIVE,,,,preserved vegetables|antipasto|Italian|Ristoris|dried fruits,https://res.cloudinary.com/nigittriple/image/upload/v1776612346/claude/dried-grapes-sultanina-503337.jpg,250g,6,Italy,0.25,,,,,,,"Store in a cool, dry place. Refrigerate after opening and use within 3 days.",,,,,,,,,,,[]
Dried Grapes Sultanina,dried-grapes-sultanina,VPAF-DRIGRA-839975,80164395,Dried Grapes Sultanina is a premium quality Italian preserved product by Ristoris. Made from carefully selected ingredients and preserved in quality oil or brine to lock in flavour and freshness.,"Dried Grapes Sultanina ? premium Italian preserved vegetable, ideal as antipasto or cooking ingredient.",6330,,,34,5,69e5aa4740cdaab22a0a1afb,69e5aabc40cdaab22a0a1b5c,ACTIVE,,,,preserved vegetables|antipasto|Italian|Ristoris|dried fruits,https://res.cloudinary.com/nigittriple/image/upload/v1776612332/claude/dried-grapes-sultanina-164395.jpg,250g,6,Italy,0.25,,,,,,,"Store in a cool, dry place. Refrigerate after opening and use within 3 days.",,,,,,,,,,,[]
Shelled Almonds,shelled-almonds,SXXX-SHEALM-503957,8003435004812,Shelled Almonds is a delicious snack available at NigiTriple Supermarket Port Harcourt.,"Premium Nuts snack ? crispy, flavourful, and great for sharing.",11000,,,6,5,69e5aa3e40cdaab22a0a1af4,69e5aabc40cdaab22a0a1b5c,ACTIVE,,,,snacks|nuts|fatina,https://res.cloudinary.com/nigittriple/image/upload/v1776612317/claude/shelled-almonds-004812.jpg,200g,,Italy,0.2,,,,,,,"Store in a cool, dry place away from direct sunlight",,,,,,,,,,,[]
Peeled Almonds,peeled-almonds,SXXX-PEEALM-712625,8003435004829,Peeled Almonds is a delicious snack available at NigiTriple Supermarket Port Harcourt.,"Premium Nuts snack ? crispy, flavourful, and great for sharing.",9700,,,0,5,69e5aa3e40cdaab22a0a1af4,69e5aabc40cdaab22a0a1b5c,ACTIVE,,,,snacks|nuts|fatina,https://res.cloudinary.com/nigittriple/image/upload/v1776612298/claude/peeled-almonds-004829.jpg,200g,,Italy,0.2,,,,,,,"Store in a cool, dry place away from direct sunlight",,,,,,,,,,,[]
Dried Plums,dried-plums,VPAF-DRIPLU-868580,8003435050284,Dried Plums is a premium quality Italian preserved product by Ristoris. Made from carefully selected ingredients and preserved in quality oil or brine to lock in flavour and freshness.,"Dried Plums ? premium Italian preserved vegetable, ideal as antipasto or cooking ingredient.",10250,,,19,5,69e5aa4740cdaab22a0a1afb,69e5aabc40cdaab22a0a1b5c,ACTIVE,,,,preserved vegetables|antipasto|Italian|Ristoris|dried fruits,https://res.cloudinary.com/nigittriple/image/upload/v1776612286/claude/dried-plums-050284.jpg,250g,6,Italy,0.25,,,,,,,"Store in a cool, dry place. Refrigerate after opening and use within 3 days.",,,,,,,,,,,[]
Espresso Coffee Capsules Decisa 50Pcs,espresso-coffee-capsules-decisa-50pcs,CXXX-ESPCOF-640643,8034028334504,"Espresso Coffee Capsules Decisa 50Pcs by Borbone is a premium quality Italian coffee, expertly roasted and blended for an authentic espresso experience. Rich, aromatic, and deeply satisfying.",Borbone Espresso Coffee Capsules Decisa 50Pcs ? premium Italian coffee with rich aroma and full-bodied flavour.,50000,,,5,5,69e5aa4e40cdaab22a0a1b01,69e5aabb40cdaab22a0a1b5b,ACTIVE,,,,coffee|espresso|borbone|Italian coffee|capsules,https://res.cloudinary.com/nigittriple/image/upload/v1776612274/claude/espresso-coffee-capsules-decisa-50pcs-334504.jpg,250g,12,Italy,0.25,,,,,,,"Store in a cool, dry place, sealed to preserve freshness and aroma.",,,,,,,,,,,[]
Espresso Coffee Pods Decisa 50Pcs,espresso-coffee-pods-decisa-50pcs,CXXX-ESPCOF-881711,8034028334481,"Espresso Coffee Pods Decisa 50Pcs by Borbone is a premium quality Italian coffee, expertly roasted and blended for an authentic espresso experience. Rich, aromatic, and deeply satisfying.",Borbone Espresso Coffee Pods Decisa 50Pcs ? premium Italian coffee with rich aroma and full-bodied flavour.,36000,,,5,5,69e5aa4e40cdaab22a0a1b01,69e5aabb40cdaab22a0a1b5b,ACTIVE,,,,coffee|espresso|borbone|Italian coffee|pods,https://res.cloudinary.com/nigittriple/image/upload/v1776612260/claude/espresso-coffee-pods-decisa-50pcs-334481.jpg,360g,12,Italy,0.36,,,,,,,"Store in a cool, dry place, sealed to preserve freshness and aroma.",,,,,,,,,,,[]
Coffee Beans Gran Bar,coffee-beans-gran-bar,CXXX-COFBEA-104844,8003012000039,"Coffee Beans Gran Bar by Gimoka is a premium quality Italian coffee, expertly roasted and blended for an authentic espresso experience. Rich, aromatic, and deeply satisfying.",Gimoka Coffee Beans Gran Bar ? premium Italian coffee with rich aroma and full-bodied flavour.,36000,,,1,5,69e5aa4e40cdaab22a0a1b01,69e5aaba40cdaab22a0a1b5a,ACTIVE,,,,coffee|espresso|gimoka|Italian coffee|beans,https://res.cloudinary.com/nigittriple/image/upload/v1776612247/claude/coffee-beans-gran-bar-000039.jpg,1000g,12,Italy,1,,,,,,,"Store in a cool, dry place, sealed to preserve freshness and aroma.",,,,,,,,,,,[]
Coffee Beans Suerte,coffee-beans-suerte,CXXX-COFBEA-494537,8000070021747,"Coffee Beans Suerte by LAVAZZA is a premium quality Italian coffee, expertly roasted and blended for an authentic espresso experience. Rich, aromatic, and deeply satisfying.",LAVAZZA Coffee Beans Suerte ? premium Italian coffee with rich aroma and full-bodied flavour.,41400,,,4,2,69e5aa4e40cdaab22a0a1b01,69e5aab940cdaab22a0a1b59,ACTIVE,,,,coffee|espresso|lavazza|Italian coffee|beans,https://res.cloudinary.com/nigittriple/image/upload/v1785835900/nigittriple/general/ljwg37pzmt2axcfmmf3c.jpg|https://res.cloudinary.com/nigittriple/image/upload/v1785835936/nigittriple/general/vin0xviqq7iatrkiy4xf.jpg,1000g,12,Italy,1,,,,,,,"Store in a cool, dry place, sealed to preserve freshness and aroma.",,,,,,,,,,,[]
Coffee Powder Crema E Gusto X2,coffee-powder-crema-e-gusto-x2,CXXX-COFPOW-492536,8000070038424,"Coffee Powder Crema E Gusto X2 by LAVAZZA is a premium quality Italian coffee, expertly roasted and blended for an authentic espresso experience. Rich, aromatic, and deeply satisfying.",LAVAZZA Coffee Powder Crema E Gusto X2 ? premium Italian coffee with rich aroma and full-bodied flavour.,26500,,,1,5,69e5aa4e40cdaab22a0a1b01,69e5aab940cdaab22a0a1b59,ACTIVE,,,,coffee|espresso|lavazza|Italian coffee|powder,https://res.cloudinary.com/nigittriple/image/upload/v1776612222/claude/coffee-powder-crema-e-gusto-x2-038424.jpg,500g,12,Italy,0.5,,,,,,,"Store in a cool, dry place, sealed to preserve freshness and aroma.",,,,,,,,,,,[]
Coffee Powder Intenso Deca,coffee-powder-intenso-deca-5nh9,CXXX-COFPOW-266897,9501878749134,"Coffee Powder Intenso Deca by Barattini is a premium quality Italian coffee, expertly roasted and blended for an authentic espresso experience. Rich, aromatic, and deeply satisfying.",Barattini Coffee Powder Intenso Deca ? premium Italian coffee with rich aroma and full-bodied flavour.,10000,,,7,5,69e5aa4e40cdaab22a0a1b01,69e5aab740cdaab22a0a1b58,ACTIVE,,,,coffee|espresso|barattini|Italian coffee|powder,https://res.cloudinary.com/nigittriple/image/upload/v1776612188/claude/coffee-powder-intenso-deca-749134.jpg,338g,12,Italy,0.338,,,,,,,"Store in a cool, dry place, sealed to preserve freshness and aroma.",,,,,,,,,,,[]
Coffee Powder Cremoso,coffee-powder-cremoso,CXXX-COFPOW-699570,9501518561997,"Coffee Powder Cremoso by Barattini is a premium quality Italian coffee, expertly roasted and blended for an authentic espresso experience. Rich, aromatic, and deeply satisfying.",Barattini Coffee Powder Cremoso ? premium Italian coffee with rich aroma and full-bodied flavour.,12000,,,12,5,69e5aa4e40cdaab22a0a1b01,69e5aab740cdaab22a0a1b58,ACTIVE,,,,coffee|espresso|barattini|Italian coffee|powder,https://res.cloudinary.com/nigittriple/image/upload/v1776612199/claude/coffee-powder-cremoso-561997.jpg,338g,12,Italy,0.338,,,,,,,"Store in a cool, dry place, sealed to preserve freshness and aroma.",,,,,,,,,,,[]
Coffee Beans Intenso,coffee-beans-intenso,CXXX-COFBEA-867520,9502756695840,"Coffee Beans Intenso by Barattini is a premium quality Italian coffee, expertly roasted and blended for an authentic espresso experience. Rich, aromatic, and deeply satisfying.",Barattini Coffee Beans Intenso ? premium Italian coffee with rich aroma and full-bodied flavour.,9400,,,0,5,69e5aa4e40cdaab22a0a1b01,69e5aab740cdaab22a0a1b58,ACTIVE,,,,coffee|espresso|barattini|Italian coffee|beans,https://res.cloudinary.com/nigittriple/image/upload/v1782381696/nigittriple/general/hdbslfn6z2jz85uc2ock.jpg,250g,12,Italy,0.25,,,,,,,"Store in a cool, dry place, sealed to preserve freshness and aroma.",,,,,,,,,,,[]
Coffee Beans Cremoso 250G,coffee-beans-cremoso-7tt1,CXXX-COFBEA-558362,9501518561997,"Coffee Beans Cremoso by Barattini is a premium quality Italian coffee, expertly roasted and blended for an authentic espresso experience. Rich, aromatic, and deeply satisfying.",Barattini Coffee Beans Cremoso ? premium Italian coffee with rich aroma and full-bodied flavour.,11100,,,35,5,69e5aa4e40cdaab22a0a1b01,69e5aab740cdaab22a0a1b58,ACTIVE,,,,coffee|espresso|barattini|Italian coffee|beans,https://res.cloudinary.com/nigittriple/image/upload/v1782381800/nigittriple/general/q7qcoy0agz426grw11ih.jpg,250g,12,Italy,0.25,,,,,,,"Store in a cool, dry place, sealed to preserve freshness and aroma.",,,,,,,,,,,[]
Coffee Beans Cremoso,coffee-beans-cremoso,CXXX-COFBEA-545126,9502958221885,"Coffee Beans Cremoso by Barattini is a premium quality Italian coffee, expertly roasted and blended for an authentic espresso experience. Rich, aromatic, and deeply satisfying.",Barattini Coffee Beans Cremoso ? premium Italian coffee with rich aroma and full-bodied flavour.,46300,,,4,5,69e5aa4e40cdaab22a0a1b01,69e5aab740cdaab22a0a1b58,ACTIVE,,,,coffee|espresso|barattini|Italian coffee|beans,https://res.cloudinary.com/nigittriple/image/upload/v1776612151/claude/coffee-beans-cremoso-221885.jpg,1000g,12,Italy,1,,,,,,,"Store in a cool, dry place, sealed to preserve freshness and aroma.",,,,,,,,,,,[]
Espresso Coffee Capsules Deca 10s,espresso-coffee-capsules-deca-10s,CXXX-ESPCOF-995462,9505458436698,"Espresso Coffee Capsules Deca 10s by Barattini is a premium quality Italian coffee, expertly roasted and blended for an authentic espresso experience. Rich, aromatic, and deeply satisfying.",Barattini Espresso Coffee Capsules Deca 10s ? premium Italian coffee with rich aroma and full-bodied flavour.,7500,,,9,5,69e5aa4e40cdaab22a0a1b01,69e5aab740cdaab22a0a1b58,ACTIVE,,,,coffee|espresso|barattini|Italian coffee|capsules,https://res.cloudinary.com/nigittriple/image/upload/v1776612140/claude/espresso-coffee-capsules-deca-10s-436698.jpg,60g,12,Italy,0.06,,,,,,,"Store in a cool, dry place, sealed to preserve freshness and aroma.",,,,,,,,,,,[]
Espresso Coffee Capsules Intenso 10s,espresso-coffee-capsules-intenso-10s,CXXX-ESPCOF-906174,9504971789946,"Espresso Coffee Capsules Intenso 10s by Barattini is a premium quality Italian coffee, expertly roasted and blended for an authentic espresso experience. Rich, aromatic, and deeply satisfying.",Barattini Espresso Coffee Capsules Intenso 10s ? premium Italian coffee with rich aroma and full-bodied flavour.,7300,,,6,5,69e5aa4e40cdaab22a0a1b01,69e5aab740cdaab22a0a1b58,ACTIVE,,,,coffee|espresso|barattini|Italian coffee|capsules,https://res.cloudinary.com/nigittriple/image/upload/v1776612129/claude/espresso-coffee-capsules-intenso-10s-789946.jpg,60g,12,Italy,0.06,,,,,,,"Store in a cool, dry place, sealed to preserve freshness and aroma.",,,,,,,,,,,[]
Espresso Coffee Capsules 10Pcs,espresso-coffee-capsules-10pcs,CXXX-ESPCOF-993643,9504873372284,"Espresso Coffee Capsules 10Pcs by Barattini is a premium quality Italian coffee, expertly roasted and blended for an authentic espresso experience. Rich, aromatic, and deeply satisfying.",Barattini Espresso Coffee Capsules 10Pcs ? premium Italian coffee with rich aroma and full-bodied flavour.,7500,,,4,5,69e5aa4e40cdaab22a0a1b01,69e5aab740cdaab22a0a1b58,ACTIVE,,,,coffee|espresso|barattini|Italian coffee|capsule,https://res.cloudinary.com/nigittriple/image/upload/v1776612115/claude/espresso-coffee-capsules-10pcs-372284.jpg,60g,12,Italy,0.06,,,,,,,"Store in a cool, dry place, sealed to preserve freshness and aroma.",,,,,,,,,,,[]
Baby Biscuits Whole Grain,baby-biscuits-whole-grain,BFXX-BABBIS-656880,8001040418345,Baby Biscuits Whole Grain by Plasmon is specially formulated for infant and toddler nutrition. Made with carefully selected ingredients to support healthy development. Always consult your paediatrician for feeding guidance.,Plasmon Baby Biscuits Whole Grain ? a nutritious and gentle baby food formulated for growing infants and toddlers.,9500,,,0,5,69e5aa4c40cdaab22a0a1b00,69e5aab640cdaab22a0a1b57,ACTIVE,,,,baby food|infant nutrition|plasmon|snacks,https://res.cloudinary.com/nigittriple/image/upload/v1776612104/claude/baby-biscuits-whole-grain-418345.jpg,320g,12,Italy,0.32,,,,,,,"Store in a cool, dry place. Once opened, refrigerate and use within 24 hours.",,Dairy|Gluten,,,,,,,,,[]
Baby Biscuits Big Classic,baby-biscuits-big-classic,BFXX-BABBIS-587661,8001040197943.00,description,Plasmon Baby Biscuits Big Classic ? a nutritious and gentle baby food formulated for growing infants and toddlers.,6500,,,0,5,69e5aa4c40cdaab22a0a1b00,69e5aab640cdaab22a0a1b57,ACTIVE,,,,baby food|infant nutrition|plasmon|snacks,https://res.cloudinary.com/nigittriple/image/upload/v1776612094/claude/baby-biscuits-big-classic-197943.jpg,300g,12,Italy,0.3,,,,,,,"Store in a cool, dry place. Once opened, refrigerate and use within 24 hours.",,Dairy|Gluten,,,,,,,,,[]
Baby Food Mixed Vegetables X2,baby-food-mixed-vegetables-x2,BFXX-BABFOO-233377,8001040017005.00,description,Plasmon Baby Food Mixed Vegetables X2 ? a nutritious and gentle baby food formulated for growing infants and toddlers.,6500,,,22,5,69e5aa4c40cdaab22a0a1b00,69e5aab640cdaab22a0a1b57,ACTIVE,,,,baby food|infant nutrition|plasmon,https://res.cloudinary.com/nigittriple/image/upload/v1776612082/claude/baby-food-mixed-vegetables-x2-017005.jpg,160g,12,Italy,0.16,,,,,,,"Store in a cool, dry place. Once opened, refrigerate and use within 24 hours.",,Dairy,,,,,,,,,[]
Baby Food Cooked Ham X2,baby-food-cooked-ham-x2,BFXX-BABFOO-792643,8001040093740.00,description,Nipiol Baby Food Cooked Ham X2 ? a nutritious and gentle baby food formulated for growing infants and toddlers.,7000,,,18,5,69e5aa4c40cdaab22a0a1b00,69e5aab340cdaab22a0a1b55,ACTIVE,,,,baby food|infant nutrition|nipiol,https://res.cloudinary.com/nigittriple/image/upload/v1776612073/claude/baby-food-cooked-ham-x2-093740.jpg,160g,12,Nigeria,0.16,,,,,,,"Store in a cool, dry place. Once opened, refrigerate and use within 24 hours.",,Dairy,,,,,,,,,[]
Baby Food Veal Meat X2,baby-food-veal-meat-x2,BFXX-BABFOO-748455,8001040093788.00,description,Nipiol Baby Food Veal Meat X2 ? a nutritious and gentle baby food formulated for growing infants and toddlers.,6500,,,18,5,69e5aa4c40cdaab22a0a1b00,69e5aab340cdaab22a0a1b55,ACTIVE,,,,baby food|infant nutrition|nipiol,https://res.cloudinary.com/nigittriple/image/upload/v1776612063/claude/baby-food-veal-meat-x2-093788.jpg,160g,12,Nigeria,0.16,,,,,,,"Store in a cool, dry place. Once opened, refrigerate and use within 24 hours.",,Dairy,,,,,,,,,[]
Baby Food Chicken X2,baby-food-chicken-x2,BFXX-BABFOO-340160,8001040093733.00,description,Nipiol Baby Food Chicken X2 ? a nutritious and gentle baby food formulated for growing infants and toddlers.,7000,,,18,5,69e5aa4c40cdaab22a0a1b00,69e5aab340cdaab22a0a1b55,ACTIVE,,,,baby food|infant nutrition|nipiol,https://res.cloudinary.com/nigittriple/image/upload/v1776612054/claude/baby-food-chicken-x2-093733.jpg,160g,12,Nigeria,0.16,,,,,,,"Store in a cool, dry place. Once opened, refrigerate and use within 24 hours.",,Dairy,,,,,,,,,[]
Baby Food Horse Meat X2,baby-food-horse-meat-x2,BFXX-BABFOO-890618,8001040093603.00,description,Nipiol Baby Food Horse Meat X2 ? a nutritious and gentle baby food formulated for growing infants and toddlers.,7000,,,20,5,69e5aa4c40cdaab22a0a1b00,69e5aab340cdaab22a0a1b55,ACTIVE,,,,baby food|infant nutrition|nipiol,https://res.cloudinary.com/nigittriple/image/upload/v1776612044/claude/baby-food-horse-meat-x2-093603.jpg,160g,12,Nigeria,0.16,,,,,,,"Store in a cool, dry place. Once opened, refrigerate and use within 24 hours.",,Dairy,,,,,,,,,[]
Baby Food Banana X2,baby-food-banana-x2,BFXX-BABFOO-494200,8001040419779.00,description,Nipiol Baby Food Banana X2 ? a nutritious and gentle baby food formulated for growing infants and toddlers.,4500,,,23,5,69e5aa4c40cdaab22a0a1b00,69e5aab340cdaab22a0a1b55,ACTIVE,,,,baby food|infant nutrition|nipiol,https://res.cloudinary.com/nigittriple/image/upload/v1776612035/claude/baby-food-banana-x2-419779.jpg,160g,12,Nigeria,0.16,,,,,,,"Store in a cool, dry place. Once opened, refrigerate and use within 24 hours.",,Dairy,,,,,,,,,[]
Baby Food Apple And Apricot,baby-food-apple-and-apricot,BFXX-BABFOO-109646,8001040093580.00,description,Nipiol Baby Food Apple And Apricot ? a nutritious and gentle baby food formulated for growing infants and toddlers.,5000,,,22,5,69e5aa4c40cdaab22a0a1b00,69e5aab340cdaab22a0a1b55,ACTIVE,,,,baby food|infant nutrition|nipiol,https://res.cloudinary.com/nigittriple/image/upload/v1776612025/claude/baby-food-apple-and-apricot-093580.jpg,160g,12,Nigeria,0.16,,,,,,,"Store in a cool, dry place. Once opened, refrigerate and use within 24 hours.",,Dairy,,,,,,,,,[]
Baby Food Mix Fruits X2,baby-food-mix-fruits-x2-xsi9,BFXX-BABFOO-962534,8001040093634.00,description,Nipiol Baby Food Mix Fruits X2 ? a nutritious and gentle baby food formulated for growing infants and toddlers.,4500,,,12,5,69e5aa4c40cdaab22a0a1b00,69e5aab340cdaab22a0a1b55,ACTIVE,,,,baby food|infant nutrition|nipiol,https://res.cloudinary.com/nigittriple/image/upload/v1776612010/claude/baby-food-mix-fruits-x2-093634.jpg,160g,12,Nigeria,0.16,,,,,,,"Store in a cool, dry place. Once opened, refrigerate and use within 24 hours.",,Dairy,,,,,,,,,[]
Baby Food Sea Bass And Vegetables,baby-food-sea-bass-and-vegetables,BFXX-BABFOO-359983,5900852021855.00,description,Mellin Baby Food Sea Bass And Vegetables ? a nutritious and gentle baby food formulated for growing infants and toddlers.,9500,,,23,5,69e5aa4c40cdaab22a0a1b00,69e5aab240cdaab22a0a1b54,ACTIVE,,,,baby food|infant nutrition|mellin,https://res.cloudinary.com/nigittriple/image/upload/v1776612000/claude/baby-food-sea-bass-and-vegetables-021855.jpg,160g,12,Nigeria,0.16,,,,,,,"Store in a cool, dry place. Once opened, refrigerate and use within 24 hours.",,Dairy,,,,,,,,,[]
Baby Food Banana And Kiwi X2,baby-food-banana-and-kiwi-x2,BFXX-BABFOO-343601,8000050576106.00,description,Mellin Baby Food Banana And Kiwi X2 ? a nutritious and gentle baby food formulated for growing infants and toddlers.,5500,,,17,5,69e5aa4c40cdaab22a0a1b00,69e5aab240cdaab22a0a1b54,ACTIVE,,,,baby food|infant nutrition|mellin,https://res.cloudinary.com/nigittriple/image/upload/v1776611988/claude/baby-food-banana-and-kiwi-x2-576106.jpg,200g,12,Nigeria,0.2,,,,,,,"Store in a cool, dry place. Once opened, refrigerate and use within 24 hours.",,Dairy,,,,,,,,,[]
Baby Food Apple And Peach,baby-food-apple-and-peach,BFXX-BABFOO-937650,8000050536605.00,description,Mellin Baby Food Apple And Peach ? a nutritious and gentle baby food formulated for growing infants and toddlers.,5500,,,19,5,69e5aa4c40cdaab22a0a1b00,69e5aab240cdaab22a0a1b54,ACTIVE,,,,baby food|infant nutrition|mellin,https://res.cloudinary.com/nigittriple/image/upload/v1776611978/claude/baby-food-apple-and-peach-536605.jpg,200g,12,Nigeria,0.2,,,,,,,"Store in a cool, dry place. Once opened, refrigerate and use within 24 hours.",,Dairy,,,,,,,,,[]
Baby Food Citrus And Apple X2,baby-food-citrus-and-apple-x2,BFXX-BABFOO-453680,8000050531402.00,description,Mellin Baby Food Citrus And Apple X2 ? a nutritious and gentle baby food formulated for growing infants and toddlers.,5500,,,21,5,69e5aa4c40cdaab22a0a1b00,69e5aab240cdaab22a0a1b54,ACTIVE,,,,baby food|infant nutrition|mellin,https://res.cloudinary.com/nigittriple/image/upload/v1776611968/claude/baby-food-citrus-and-apple-x2-531402.jpg,200g,12,Nigeria,0.2,,,,,,,"Store in a cool, dry place. Once opened, refrigerate and use within 24 hours.",,Dairy,,,,,,,,,[]
Baby Camomilla Drink with Clementine,baby-camomilla-drink-with-clementine,BFXX-BABCAM-294023,8001620017890.00,description,San Benedetto Baby Camomilla Drink with Clementine ? a nutritious and gentle baby food formulated for growing infants and toddlers.,2000,,,3,5,69e5aa4c40cdaab22a0a1b00,69e5aab540cdaab22a0a1b56,ACTIVE,,,,baby food|infant nutrition|san benedetto,https://res.cloudinary.com/nigittriple/image/upload/v1776611958/claude/baby-camomilla-drink-with-clementine-017890.jpg,250g,12,Nigeria,0.25,,,,,,,"Store in a cool, dry place. Once opened, refrigerate and use within 24 hours.",,Dairy,,,,,,,,,[]
Baby Food Pears Fruit X2,baby-food-pears-fruit-x2,BFXX-BABFOO-608771,8001040093719.00,description,Nipiol Baby Food Pears Fruit X2 ? a nutritious and gentle baby food formulated for growing infants and toddlers.,4500,,,22,5,69e5aa4c40cdaab22a0a1b00,69e5aab340cdaab22a0a1b55,ACTIVE,,,,baby food|infant nutrition|nipiol,https://res.cloudinary.com/nigittriple/image/upload/v1776611947/claude/baby-food-pears-fruit-x2-093719.jpg,160g,12,Nigeria,0.16,,,,,,,"Store in a cool, dry place. Once opened, refrigerate and use within 24 hours.",,Dairy,,,,,,,,,[]
Baby Food Sea Bream And Vegetables X2,baby-food-sea-bream-and-vegetables-x2,BFXX-BABFOO-897202,5900852021794.00,description,Mellin Baby Food Sea Bream And Vegetables X2 ? a nutritious and gentle baby food formulated for growing infants and toddlers.,9000,,,22,5,69e5aa4c40cdaab22a0a1b00,69e5aab240cdaab22a0a1b54,ACTIVE,,,,baby food|infant nutrition|mellin,https://res.cloudinary.com/nigittriple/image/upload/v1776611935/claude/baby-food-sea-bream-and-vegetables-x2-021794.jpg,160g,12,Nigeria,0.16,,,,,,,"Store in a cool, dry place. Once opened, refrigerate and use within 24 hours.",,Dairy,,,,,,,,,[]
Baby Food Beef X2,baby-food-beef-x2,BFXX-BABFOO-498338,8001040093665.00,description,Nipiol Baby Food Beef X2 ? a nutritious and gentle baby food formulated for growing infants and toddlers.,7000,,,15,5,69e5aa4c40cdaab22a0a1b00,69e5aab340cdaab22a0a1b55,ACTIVE,,,,baby food|infant nutrition|nipiol,https://res.cloudinary.com/nigittriple/image/upload/v1776611925/claude/baby-food-beef-x2-093665.jpg,160g,12,Nigeria,0.16,,,,,,,"Store in a cool, dry place. Once opened, refrigerate and use within 24 hours.",,Dairy,,,,,,,,,[]
Baby Food Chicken And Veal X2,baby-food-chicken-and-veal-x2,BFXX-BABFOO-933039,8001040093801.00,description,Nipiol Baby Food Chicken And Veal X2 ? a nutritious and gentle baby food formulated for growing infants and toddlers.,7000,,,15,5,69e5aa4c40cdaab22a0a1b00,69e5aab340cdaab22a0a1b55,ACTIVE,,,,baby food|infant nutrition|nipiol,https://res.cloudinary.com/nigittriple/image/upload/v1776611916/claude/baby-food-chicken-and-veal-x2-093801.jpg,160g,12,Nigeria,0.16,,,,,,,"Store in a cool, dry place. Once opened, refrigerate and use within 24 hours.",,Dairy,,,,,,,,,[]
Baby Food Apple X2,baby-food-apple-x2,BFXX-BABFOO-208957,80001040093696.00,description,Nipiol Baby Food Apple X2 ? a nutritious and gentle baby food formulated for growing infants and toddlers.,4500,,,24,5,69e5aa4c40cdaab22a0a1b00,69e5aab340cdaab22a0a1b55,ACTIVE,,,,baby food|infant nutrition|nipiol,https://res.cloudinary.com/nigittriple/image/upload/v1776611906/claude/baby-food-apple-x2-093696.jpg,160g,12,Nigeria,0.16,,,,,,,"Store in a cool, dry place. Once opened, refrigerate and use within 24 hours.",,Dairy,,,,,,,,,[]
Baby Food Turkey x2,baby-food-turkey-x2,BFXX-BABFOO-393919,8001040093771.00,description,Nipiol Baby Food Turkey x2 ? a nutritious and gentle baby food formulated for growing infants and toddlers.,7000,,,17,5,69e5aa4c40cdaab22a0a1b00,69e5aab340cdaab22a0a1b55,ACTIVE,,,,baby food|infant nutrition|nipiol,https://res.cloudinary.com/nigittriple/image/upload/v1776611896/claude/baby-food-turkey-x2-093771.jpg,160g,12,Nigeria,0.16,,,,,,,"Store in a cool, dry place. Once opened, refrigerate and use within 24 hours.",,Dairy,,,,,,,,,[]
Baby Food Lamb X2,baby-food-lamb-x2,BFXX-BABFOO-865017,8001040093573.00,description,Nipiol Baby Food Lamb X2 ? a nutritious and gentle baby food formulated for growing infants and toddlers.,7000,,,23,5,69e5aa4c40cdaab22a0a1b00,69e5aab340cdaab22a0a1b55,ACTIVE,,,,baby food|infant nutrition|nipiol,https://res.cloudinary.com/nigittriple/image/upload/v1776611887/claude/baby-food-lamb-x2-093573.jpg,160g,12,Nigeria,0.16,,,,,,,"Store in a cool, dry place. Once opened, refrigerate and use within 24 hours.",,Dairy,,,,,,,,,[]
Baby Food Mix Fruits x2,baby-food-mix-fruits-x2,BFXX-BABFOO-756596,8000050577400.00,description,Mellin Baby Food Mix Fruits x2 ? a nutritious and gentle baby food formulated for growing infants and toddlers.,5500,,,24,5,69e5aa4c40cdaab22a0a1b00,69e5aab240cdaab22a0a1b54,ACTIVE,,,,baby food|infant nutrition|mellin,https://res.cloudinary.com/nigittriple/image/upload/v1776611878/claude/baby-food-mix-fruits-x2-577400.jpg,200g,12,Nigeria,0.2,,,,,,,"Store in a cool, dry place. Once opened, refrigerate and use within 24 hours.",,Dairy,,,,,,,,,[]
Mograbieh Spices,mograbieh-spices,SSXX-MOGSPI-849388,2998653623197.00,description,Mograbieh Spices ? premium quality spice/seasoning for authentic flavour in every dish.,2500,,,12,5,69e5aa4840cdaab22a0a1afc,69e5aaab40cdaab22a0a1b4e,ACTIVE,,,,spice|seasoning|al bekai,https://res.cloudinary.com/nigittriple/image/upload/v1776611867/claude/mograbieh-spices-623197.jpg,50g,12,Italy,0.05,,,,,,,"Store in a cool, dry place away from direct light and heat. Keep sealed.",,,,,,,,,,,[]
Fajita Spices Powder,fajita-spices-powder,SSXX-FAJSPI-782883,2991802303865.00,description,Fajita Spices Powder ? premium quality spice/seasoning for authentic flavour in every dish.,3150,,,9,5,69e5aa4840cdaab22a0a1afc,69e5aaab40cdaab22a0a1b4e,ACTIVE,,,,spice|seasoning|al bekai,https://res.cloudinary.com/nigittriple/image/upload/v1776611854/claude/fajita-spices-powder-303865.jpg,50g,12,Italy,0.05,,,,,,,"Store in a cool, dry place away from direct light and heat. Keep sealed.",,,,,,,,,,,[]
Meat Shawarma Spices,meat-shawarma-spices,SSXX-MEASHA-244543,5285001480814.00,description,Meat Shawarma Spices ? premium quality spice/seasoning for authentic flavour in every dish.,3450,,,11,5,69e5aa4840cdaab22a0a1afc,69e5aaab40cdaab22a0a1b4e,ACTIVE,,,,spice|seasoning|al bekai,https://res.cloudinary.com/nigittriple/image/upload/v1776611844/claude/meat-shawarma-spices-480814.jpg,50g,12,Italy,0.05,,,,,,,"Store in a cool, dry place away from direct light and heat. Keep sealed.",,,,,,,,,,,[]
Cumin Powder,cumin-powder,SSXX-CUMPOW-698834,5285001481019.00,description,Cumin Powder ? premium quality spice/seasoning for authentic flavour in every dish.,2000,,,10,5,69e5aa4840cdaab22a0a1afc,69e5aaab40cdaab22a0a1b4e,ACTIVE,,,,spice|seasoning|al bekai,https://res.cloudinary.com/nigittriple/image/upload/v1776611834/claude/cumin-powder-481019.jpg,50g,12,Italy,0.05,,,,,,,"Store in a cool, dry place away from direct light and heat. Keep sealed.",,,,,,,,,,,[]
Dried coriander seed,dried-coriander-seed,SSXX-DRICOR-367406,5285001481163.00,description,Dried coriander seed ? premium quality spice/seasoning for authentic flavour in every dish.,1450,,,11,5,69e5aa4840cdaab22a0a1afc,69e5aaab40cdaab22a0a1b4e,ACTIVE,,,,spice|seasoning|al bekai,https://res.cloudinary.com/nigittriple/image/upload/v1776611824/claude/dried-coriander-seed-481163.jpg,50g,12,Italy,0.05,,,,,,,"Store in a cool, dry place away from direct light and heat. Keep sealed.",,,,,,,,,,,[]
Sumac Spice,sumac-spice,SSXX-SUMSPI-715362,2998112945402.00,description,Sumac Spice ? premium quality spice/seasoning for authentic flavour in every dish.,2500,,,12,5,69e5aa4840cdaab22a0a1afc,69e5aaab40cdaab22a0a1b4e,ACTIVE,,,,spice|seasoning|al bekai,https://res.cloudinary.com/nigittriple/image/upload/v1776611814/claude/sumac-spice-945402.jpg,50g,12,Italy,0.05,,,,,,,"Store in a cool, dry place away from direct light and heat. Keep sealed.",,,,,,,,,,,[]
Seven Mixed Spices,seven-mixed-spices,SSXX-SEVMIX-387575,5285001480760.00,description,Seven Mixed Spices ? premium quality spice/seasoning for authentic flavour in every dish.,2900,,,9,5,69e5aa4840cdaab22a0a1afc,69e5aaab40cdaab22a0a1b4e,ACTIVE,,,,spice|seasoning|al bekai,https://res.cloudinary.com/nigittriple/image/upload/v1776611803/claude/seven-mixed-spices-480760.jpg,50g,12,Italy,0.05,,,,,,,"Store in a cool, dry place away from direct light and heat. Keep sealed.",,,,,,,,,,,[]
White Tawouk Spices,white-tawouk-spices,SSXX-WHITAW-502331,2993421213839.00,description,White Tawouk Spices ? premium quality spice/seasoning for authentic flavour in every dish.,3130,,,10,5,69e5aa4840cdaab22a0a1afc,69e5aaab40cdaab22a0a1b4e,ACTIVE,,,,spice|seasoning|al bekai,https://res.cloudinary.com/nigittriple/image/upload/v1776611792/claude/white-tawouk-spices-213839.jpg,50g,12,Italy,0.05,,,,,,,"Store in a cool, dry place away from direct light and heat. Keep sealed.",,,,,,,,,,,[]
Dried Basil Leaves,dried-basil-leaves,SSXX-DRIBAS-251017,2990157973969.00,description,Dried Basil Leaves ? premium quality spice/seasoning for authentic flavour in every dish.,1570,,,12,5,69e5aa4840cdaab22a0a1afc,69e5aaab40cdaab22a0a1b4e,ACTIVE,,,,spice|seasoning|al bekai,https://res.cloudinary.com/nigittriple/image/upload/v1776611782/claude/dried-basil-leaves-973969.jpg,50g,12,Italy,0.05,,,,,,,"Store in a cool, dry place away from direct light and heat. Keep sealed.",,,,,,,,,,,[]
Sausages Spices,sausages-spices,SSXX-SAUSPI-896732,2993447129503.00,description,Sausages Spices ? premium quality spice/seasoning for authentic flavour in every dish.,2500,,,12,5,69e5aa4840cdaab22a0a1afc,69e5aaab40cdaab22a0a1b4e,ACTIVE,,,,spice|seasoning|al bekai,https://res.cloudinary.com/nigittriple/image/upload/v1776611772/claude/sausages-spices-129503.jpg,50g,12,Italy,0.05,,,,,,,"Store in a cool, dry place away from direct light and heat. Keep sealed.",,,,,,,,,,,[]
Solo Pomodori (Passata),solo-pomodori-passata,SADX-SOLPOM-230081,8007290571403.00,description,Premium Italian Tomato ? Solo Pomodori (Passata).,3300,,,13,5,69e5aa4340cdaab22a0a1af8,69e5aa7240cdaab22a0a1b1d,ACTIVE,,,,sauce|granoro|Italian|tomato,https://res.cloudinary.com/nigittriple/image/upload/v1776611759/claude/solo-pomodori-passata-571403.jpg,690g,12,Italy,0.69,,,,,,,"Store in a cool, dry place. Once opened, refrigerate and use within 3?4 days.",,,,,,,,,,,[]
Chef Porcino,chef-porcino,CFXX-CHEPOR-457151,8002622030238.00,description,Chef Porcino ? quality preserved food for your pantry.,26500,,,11,5,69e5aa4440cdaab22a0a1af9,69e5aab140cdaab22a0a1b53,ACTIVE,,,,canned food|nova|seasoned mix mushrooms,https://res.cloudinary.com/nigittriple/image/upload/v1776611750/claude/chef-porcino-030238.jpg,780g,,Italy,0.78,,,,,,,"Store in a cool, dry place. Once opened, transfer to a non-metallic container and refrigerate. Use within 2 days.",,,,,,,,,,,[]
Mais doux . Sladka koruza,mais-doux-sladka-koruza,VPAF-MAIDOU-728556,8000483152618.00,description,"Mais doux . Sladka koruza ? premium Italian preserved vegetable, ideal as antipasto or cooking ingredient.",1500,,,2,5,69e5aa4740cdaab22a0a1afb,69e5aaae40cdaab22a0a1b50,ACTIVE,,,,preserved vegetables|antipasto|Italian|Ristoris|peas,https://res.cloudinary.com/nigittriple/image/upload/v1776611742/claude/mais-doux-sladka-koruza-152618.jpg,285g,6,Italy,0.285,,,,,,,"Store in a cool, dry place. Refrigerate after opening and use within 3 days.",,,,,,,,,,,[]
Balsamic Delicata,balsamic-delicata,SADX-BALDEL-253885,8023003931920.00,description,Premium Italian Vinegar ? Balsamic Delicata.,21750,,,9,5,69e5aa4340cdaab22a0a1af8,69e5aaa740cdaab22a0a1b4a,ACTIVE,,,,sauce|trentinaceti|Italian|vinegar,https://res.cloudinary.com/nigittriple/image/upload/v1776611732/claude/balsamic-delicata-931920.jpg,300g,12,Italy,0.3,,,,,,,"Store in a cool, dry place. Once opened, refrigerate and use within 3?4 days.",,,,,,,,,,,[]
Dried Porcini Mushrooms,dried-porcini-mushrooms,SSXX-DRIPOR-401159,8056515241171.00,description,Dried Porcini Mushrooms ? premium quality spice/seasoning for authentic flavour in every dish.,81500,,,4,5,69e5aa4840cdaab22a0a1afc,69e5aa7f40cdaab22a0a1b27,ACTIVE,,,,spice|seasoning|ristoris|dry vegetables,https://res.cloudinary.com/nigittriple/image/upload/v1776611724/claude/dried-porcini-mushrooms-241171.jpg,400g,12,Italy,0.4,,,,,,,"Store in a cool, dry place away from direct light and heat. Keep sealed.",,,,,,,,,,,[]
Balsamic Vinegar Glaze Lemon,balsamic-limone,SADX-BALLIM-219259,8023003931937.00,description,Premium Italian Vinegar ? Balsamic Limone.,21750,,,2,5,69e5aa4340cdaab22a0a1af8,69e5aaa740cdaab22a0a1b4a,ACTIVE,,,,sauce|trentinaceti|Italian|vinegar,https://res.cloudinary.com/nigittriple/image/upload/v1776611715/claude/balsamic-limone-931937.jpg,300g,12,Italy,0.3,,,,,,,"Store in a cool, dry place. Once opened, refrigerate and use within 3?4 days.",,,,,,,,,,,[]
balsamic vinegar glaze passion fruit,fructose-della-passione,SSXX-FRUDEL-827941,8023003931005.00,description,Fructose Della Passione ? premium quality spice/seasoning for authentic flavour in every dish.,21750,,,8,5,69e5aa4840cdaab22a0a1afc,69e5aaa740cdaab22a0a1b4a,ACTIVE,,,,spice|seasoning|trentinaceti|vinegar,https://res.cloudinary.com/nigittriple/image/upload/v1776611705/claude/fructose-della-passione-931005.jpg,300g,12,Italy,0.3,,,,,,,"Store in a cool, dry place away from direct light and heat. Keep sealed.",,,,,,,,,,,[]
Genovese Senza Aglio,genovese-senza-aglio,SADX-GENSEN-906858,8076809580724.00,description,Barilla Sauce Sauce ? premium quality Italian pasta sauce.,6400,,,6,5,69e5aa4340cdaab22a0a1af8,69e5aab040cdaab22a0a1b52,ACTIVE,,,,pasta sauce|Barilla|Italian sauce,https://res.cloudinary.com/nigittriple/image/upload/v1776611696/claude/genovese-senza-aglio-580724.jpg,190g,12,Italy,0.19,,,,,,,"Store in a cool, dry place. Once opened, refrigerate and use within 3?4 days.",,,,,,,,,,,[]
Grated Mullet Bottarga Powder,grated-mullet-bottarga-powder,SSXX-GRAMUL-891673,8022813000123.00,description,Grated Mullet Bottarga Powder ? premium quality spice/seasoning for authentic flavour in every dish.,7200,,,16,5,69e5aa4840cdaab22a0a1afc,69e5aa9f40cdaab22a0a1b43,ACTIVE,,,,spice|seasoning|riunione,https://res.cloudinary.com/nigittriple/image/upload/v1776611686/claude/grated-mullet-bottarga-powder-000123.jpg,20g,12,Italy,0.02,,,,,,,"Store in a cool, dry place away from direct light and heat. Keep sealed.",,,,,,,,,,,[]
CUTTLE FISH INK,nero-di-seppia,SADX-NERDI-124535,8056515247197.00,description,Ristoris Nero Di Seppia ? premium artisanal Italian sauce from Tuscany.,25000,,,6,5,69e5aa4340cdaab22a0a1af8,69e5aa7f40cdaab22a0a1b27,ACTIVE,,,,sauce|Italian|Ristoris|cuttlefish ink,https://res.cloudinary.com/nigittriple/image/upload/v1776611676/claude/nero-di-seppia-247197.jpg,230g,6,Italy,0.23,,,,,,,"Store in a cool, dry place. Once opened, refrigerate and use within 3?4 days.",,,,,,,,,,,[]
Grated Tuna Bottarga Powder,grated-tuna-bottarga-powder,SSXX-GRATUN-367370,8022813000130.00,description,Grated Tuna Bottarga Powder ? premium quality spice/seasoning for authentic flavour in every dish.,7500,,,18,5,69e5aa4840cdaab22a0a1afc,69e5aa9f40cdaab22a0a1b43,ACTIVE,,,,spice|seasoning|riunione,https://res.cloudinary.com/nigittriple/image/upload/v1776611668/claude/grated-tuna-bottarga-powder-000130.jpg,20g,12,Italy,0.02,,,,,,,"Store in a cool, dry place away from direct light and heat. Keep sealed.",,,,,,,,,,,[]
Peperoni,peperoni,SADX-PEP-157383,8015721003386.00,description,Premium Italian Sauce ? Peperoni.,9000,,,7,5,69e5aa4340cdaab22a0a1af8,69e5aaaf40cdaab22a0a1b51,ACTIVE,,,,sauce|artigiana sud sri|Italian|sauce,https://res.cloudinary.com/nigittriple/image/upload/v1776611658/claude/peperoni-003386.jpg,280g,12,Italy,0.28,,,,,,,"Store in a cool, dry place. Once opened, refrigerate and use within 3?4 days.",,,,,,,,,,,[]
chick peas ,pois-chiches-kikkererwten,VPAF-POICHI-622408,8000483159709.00,description,"Pois Chiches Kikkererwten ? premium Italian preserved vegetable, ideal as antipasto or cooking ingredient.",5000,,,8,5,69e5aa4740cdaab22a0a1afb,69e5aaae40cdaab22a0a1b50,ACTIVE,,,,preserved vegetables|antipasto|Italian|Ristoris|chick peas,https://res.cloudinary.com/nigittriple/image/upload/v1776611650/claude/pois-chiches-kikkererwten-159709.jpg,800g,6,Italy,0.8,,,,,,,"Store in a cool, dry place. Refrigerate after opening and use within 3 days.",,,,,,,,,,,[]
Dry Borlotti Beans,dry-borlotti-beans,GXXX-DRYBOR-461601,8006280020990.00,description,"Dry Borlotti Beans by Select ? premium quality Italian grains, naturally gluten-free.",6200,,,0,5,69e5aa4b40cdaab22a0a1aff,69e5aaad40cdaab22a0a1b4f,ACTIVE,,,,grains|select|Italian|gluten free,https://res.cloudinary.com/nigittriple/image/upload/v1776611640/claude/dry-borlotti-beans-020990.jpg,400g,10,Italy,0.4,,,,,,,"Store in a cool, dry place in an airtight container.",100% dry borlotti beans,,,,,,,,,,[]
Dry Chick Peas,dry-chick-peas,GXXX-DRYCHI-642359,8006280030418.00,description,"Dry Chick Peas by Select ? premium quality Italian grains, naturally gluten-free.",5110,,,15,5,69e5aa4b40cdaab22a0a1aff,69e5aaad40cdaab22a0a1b4f,ACTIVE,,,,grains|select|Italian|gluten free,https://res.cloudinary.com/nigittriple/image/upload/v1776611631/claude/dry-chick-peas-030418.jpg,400g,10,Italy,0.4,,,,,,,"Store in a cool, dry place in an airtight container.",100% dry chick peas,,,,,,,,,,[]
Balsamic Vinegar Blueberry,balsamic-vinegar-blueberry,SADX-BALVIN-194226,8023003932507.00,description,Premium Italian Vinegar ? Balsamic Vinegar Blueberry.,19650,,,1,5,69e5aa4340cdaab22a0a1af8,69e5aaa740cdaab22a0a1b4a,ACTIVE,,,,sauce|trentinaceti|Italian|vinegar,https://res.cloudinary.com/nigittriple/image/upload/v1776611621/claude/balsamic-vinegar-blueberry-932507.jpg,230g,12,Italy,0.23,,,,,,,"Store in a cool, dry place. Once opened, refrigerate and use within 3?4 days.",,,,,,,,,,,[]
Balsamic Vinegar Raspberry,balsamic-vinegar-raspberry,SADX-BALVIN-679562,8023003931340.00,description,Premium Italian Vinegar ? Balsamic Vinegar Raspberry.,19650,,,5,5,69e5aa4340cdaab22a0a1af8,69e5aaa740cdaab22a0a1b4a,ACTIVE,,,,sauce|trentinaceti|Italian|vinegar,https://res.cloudinary.com/nigittriple/image/upload/v1776611612/claude/balsamic-vinegar-raspberry-931340.jpg,230g,12,Italy,0.23,,,,,,,"Store in a cool, dry place. Once opened, refrigerate and use within 3?4 days.",,,,,,,,,,,[]
Dry Cannelloni Beans,dry-cannelloni-beans,GXXX-DRYCAN-673262,8006280021188.00,description,"Dry Cannelloni Beans by Select ? premium quality Italian grains, naturally gluten-free.",5900,,,18,5,69e5aa4b40cdaab22a0a1aff,69e5aaad40cdaab22a0a1b4f,ACTIVE,,,,grains|select|Italian|gluten free,https://res.cloudinary.com/nigittriple/image/upload/v1776611603/claude/dry-cannelloni-beans-021188.jpg,400g,10,Italy,0.4,,,,,,,"Store in a cool, dry place in an airtight container.",100% dry cannelloni beans,,,,,,,,,,[]
Dry Green Lentils,dry-green-lentils,GXXX-DRYGRE-201897,8006280010823.00,description,"Dry Green Lentils by Select ? premium quality Italian grains, naturally gluten-free.",5900,,,31,5,69e5aa4b40cdaab22a0a1aff,69e5aaad40cdaab22a0a1b4f,ACTIVE,,,,grains|select|Italian|gluten free,https://res.cloudinary.com/nigittriple/image/upload/v1776611595/claude/dry-green-lentils-010823.jpg,400g,10,Italy,0.4,,,,,,,"Store in a cool, dry place in an airtight container.",100% dry green lentils,,,,,,,,,,[]
Balsamic Vinegar Lemon,balsamic-vinegar-lemon,SADX-BALVIN-835280,8023003933542.00,description,Premium Italian Vinegar ? Balsamic Vinegar Lemon.,19650,,,4,5,69e5aa4340cdaab22a0a1af8,,ACTIVE,,,,sauce|Italian|vinegar,https://res.cloudinary.com/nigittriple/image/upload/v1776611584/claude/balsamic-vinegar-lemon-933542.jpg,230g,12,Italy,0.23,,,,,,,"Store in a cool, dry place. Once opened, refrigerate and use within 3?4 days.",,,,,,,,,,,[]
Dry Red Lentils,dry-red-lentils-x13i,GXXX-DRYRED-280382,8006280010847.00,description,"Dry Red Lentils by Select ? premium quality Italian grains, naturally gluten-free.",4650,,,26,5,69e5aa4b40cdaab22a0a1aff,69e5aaad40cdaab22a0a1b4f,ACTIVE,,,,grains|select|Italian|gluten free,https://res.cloudinary.com/nigittriple/image/upload/v1776611576/claude/dry-red-lentils-010847.jpg,400g,10,Italy,0.4,,,,,,,"Store in a cool, dry place in an airtight container.",100% dry red lentils,,,,,,,,,,[]
Roasted Sesame Seed,roasted-sesame-seed,GXXX-ROASES-790707,5285001481651.00,description,"Roasted Sesame Seed by Al Bekai ? premium quality Italian grains, naturally gluten-free.",7875,,,14,5,69e5aa4b40cdaab22a0a1aff,69e5aaab40cdaab22a0a1b4e,ACTIVE,,,,grains|al bekai|Italian|gluten free,https://res.cloudinary.com/nigittriple/image/upload/v1776611562/claude/roasted-sesame-seed-481651.jpg,500g,10,Italy,0.5,,,,,,,"Store in a cool, dry place in an airtight container.",100% roasted sesame seed,,,,,,,,,,[]
Balsamic Vinegar Fig,balsamic-vinegar-fig,SADX-BALVIN-149585,8023003930558.00,description,Premium Italian Vinegar ? Balsamic Vinegar Fig.,19650,,,2,5,69e5aa4340cdaab22a0a1af8,69e5aaa740cdaab22a0a1b4a,ACTIVE,,,,sauce|trentinaceti|Italian|vinegar,https://res.cloudinary.com/nigittriple/image/upload/v1776611546/claude/balsamic-vinegar-fig-930558.jpg,230g,12,Italy,0.23,,,,,,,"Store in a cool, dry place. Once opened, refrigerate and use within 3?4 days.",,,,,,,,,,,[]
Dry Red Lentils,dry-red-lentils,GXXX-DRYRED-266612,8018683901516.00,description,"Dry Red Lentils by Tavi Genova ? premium quality Italian grains, naturally gluten-free.",4400,,,5,5,69e5aa4b40cdaab22a0a1aff,69e5aaaa40cdaab22a0a1b4d,ACTIVE,,,,grains|tavi genova|Italian|gluten free,https://res.cloudinary.com/nigittriple/image/upload/v1776611532/claude/dry-red-lentils-901516.jpg,500g,10,Italy,0.5,,,,,,,"Store in a cool, dry place in an airtight container.",100% dry red lentils,,,,,,,,,,[]
Salted Peeled Pistachio,salted-peeled-pistachio,SXXX-SALPEE-125710,6102581170,description,"Premium Nuts snack ? crispy, flavourful, and great for sharing.",17500,,,10,5,69e5aa3e40cdaab22a0a1af4,69e5aaa940cdaab22a0a1b4c,ACTIVE,,,,snacks|nuts|usa,https://res.cloudinary.com/nigittriple/image/upload/v1776611522/claude/salted-peeled-pistachio-581170.jpg,200g,,Italy,0.2,,,,,,,"Store in a cool, dry place away from direct sunlight",,,,,,,,,,,[]
Crab Pulp,crab-pulp,CFXX-CRAPUL-185647,8002195000300.00,description,Crab Pulp ? quality preserved food for your pantry.,11750,,,15,5,69e5aa4440cdaab22a0a1af9,69e5aaa840cdaab22a0a1b4b,ACTIVE,,,,canned food|paramount|canned seafood,https://res.cloudinary.com/nigittriple/image/upload/v1776611512/claude/crab-pulp-000300.jpg,170g,,Italy,0.17,,,,,,,"Store in a cool, dry place. Once opened, transfer to a non-metallic container and refrigerate. Use within 2 days.",,,,,,,,,,,[]
Balsamic Vinegar Orange,balsamic-vinegar-orange-82m0,SADX-BALVIN-928840,8023003930565.00,description,Premium Italian Vinegar ? Balsamic Vinegar Orange.,19650,,,4,5,69e5aa4340cdaab22a0a1af8,69e5aaa740cdaab22a0a1b4a,ACTIVE,,,,sauce|trentinaceti|Italian|vinegar,https://res.cloudinary.com/nigittriple/image/upload/v1776611503/claude/balsamic-vinegar-orange-930565.jpg,230g,12,Italy,0.23,,,,,,,"Store in a cool, dry place. Once opened, refrigerate and use within 3?4 days.",,,,,,,,,,,[]
Mashed Potato Powder,mashed-potato-powder,RMXX-MASPOT-142855,8001080030743.00,description,"Mashed Potato Powder ? a convenient, delicious ready meal for quick and satisfying eating.",4830,,,14,5,69e5aa4a40cdaab22a0a1afe,69e5aa9440cdaab22a0a1b39,ACTIVE,,,,ready meal|knorr,https://res.cloudinary.com/nigittriple/image/upload/v1776611494/claude/mashed-potato-powder-030743.jpg,225g,6,Italy,0.225,,,,,,,"Store in a cool, dry place. Heat before serving.",,Gluten,,,,,,,,,[]
Balsamic Vinegar Strawberry,balsamic-vinegar-strawberry,SSXX-BALVIN-327649,8023003930572.00,description,Balsamic Vinegar Strawberry ? premium quality spice/seasoning for authentic flavour in every dish.,19650,,,5,5,69e5aa4840cdaab22a0a1afc,69e5aaa740cdaab22a0a1b4a,ACTIVE,,,,spice|seasoning|trentinaceti|vinegar,https://res.cloudinary.com/nigittriple/image/upload/v1776611484/claude/balsamic-vinegar-strawberry-930572.jpg,230g,12,Italy,0.23,,,,,,,"Store in a cool, dry place away from direct light and heat. Keep sealed.",,,,,,,,,,,[]
Anchovies  In Salt,anchovies-in-salt,CFXX-ANCIN-924512,8005469120018.00,description,Anchovies  In Salt ? quality preserved food for your pantry.,36000,,,11,5,69e5aa4440cdaab22a0a1af9,69e5aaa640cdaab22a0a1b49,ACTIVE,,,,canned food|scalia|canned fish,https://res.cloudinary.com/nigittriple/image/upload/v1776611475/claude/anchovies-in-salt-120018.jpg,800g,,Italy,0.8,,,,,,,"Store in a cool, dry place. Once opened, transfer to a non-metallic container and refrigerate. Use within 2 days.",,,,,,,,,,,[]
Balsamic Vinegar Plain,balsamic-vinegar-plain,SSXX-BALVIN-978403,8023003933535.00,description,Balsamic Vinegar Plain ? premium quality spice/seasoning for authentic flavour in every dish.,19650,,,0,5,69e5aa4840cdaab22a0a1afc,69e5aaa540cdaab22a0a1b48,ACTIVE,,,,spice|seasoning|trentunaceti|vinegar,https://res.cloudinary.com/nigittriple/image/upload/v1776611466/claude/balsamic-vinegar-plain-933535.jpg,230g,12,Italy,0.23,,,,,,,"Store in a cool, dry place away from direct light and heat. Keep sealed.",,,,,,,,,,,[]
Clams in Sea Water,clams-in-sea-water-v54z,CFXX-CLAIN-214423,8000935670158.00,description,Clams in Sea Water ? quality preserved food for your pantry.,4800,,,23,5,69e5aa4440cdaab22a0a1af9,69e5aaa340cdaab22a0a1b47,ACTIVE,,,,canned food|ardea|canned seafood,https://res.cloudinary.com/nigittriple/image/upload/v1776611458/claude/clams-in-sea-water-670158.jpg,130g,,Italy,0.13,,,,,,,"Store in a cool, dry place. Once opened, transfer to a non-metallic container and refrigerate. Use within 2 days.",,,,,,,,,,,[]
Anchovies Fillets In Oil,anchovies-fillets-in-oil,CFXX-ANCFIL-179365,8033462274261.00,description,Anchovies Fillets In Oil ? quality preserved food for your pantry.,21600,,,0,5,69e5aa4440cdaab22a0a1af9,69e5aaa240cdaab22a0a1b46,ACTIVE,,,,canned food|don sasa|canned fish,https://res.cloudinary.com/nigittriple/image/upload/v1776611449/claude/anchovies-fillets-in-oil-274261.jpg,285g,,Italy,0.285,,,,,,,"Store in a cool, dry place. Once opened, transfer to a non-metallic container and refrigerate. Use within 2 days.",,,,,,,,,,,[]
Sunmer Truffle Carpaccio,sunmer-truffle-carpaccio,SSXX-SUNTRU-595213,8056515244196.00,description,Sunmer Truffle Carpaccio ? premium quality spice/seasoning for authentic flavour in every dish.,28350,,,3,5,69e5aa4840cdaab22a0a1afc,69e5aa7f40cdaab22a0a1b27,ACTIVE,,,,spice|seasoning|ristoris|spice,https://res.cloudinary.com/nigittriple/image/upload/v1776611439/claude/sunmer-truffle-carpaccio-244196.jpg,80g,12,Italy,0.08,,,,,,,"Store in a cool, dry place away from direct light and heat. Keep sealed.",,,,,,,,,,,[]
Clams In Sea Water,clams-in-sea-water,CFXX-CLAIN-428287,8017384052107.00,description,Clams In Sea Water ? quality preserved food for your pantry.,7000,,,32,5,69e5aa4440cdaab22a0a1af9,69e5aaa140cdaab22a0a1b45,ACTIVE,,,,canned food|zarotti|canned seafood,https://res.cloudinary.com/nigittriple/image/upload/v1776611430/claude/clams-in-sea-water-052107.jpg,110g,,Italy,0.11,,,,,,,"Store in a cool, dry place. Once opened, transfer to a non-metallic container and refrigerate. Use within 2 days.",,,,,,,,,,,[]
TRUFFLE POWDER,plovere-al-tartufo,SSXX-PLOAL-246347,8056515248484.00,description,Plovere Al Tartufo ? premium quality spice/seasoning for authentic flavour in every dish.,31650,,,0,5,69e5aa4840cdaab22a0a1afc,69e5aa7f40cdaab22a0a1b27,ACTIVE,,,,spice|seasoning|ristoris|rice flour,https://res.cloudinary.com/nigittriple/image/upload/v1776611420/claude/plovere-al-tartufo-248484.jpg,50g,12,Italy,0.05,,,,,,,"Store in a cool, dry place away from direct light and heat. Keep sealed.",,,,,,,,,,,[]
Mussle In Sea Water,mussle-in-sea-water,CFXX-MUSIN-549954,8017384052114.00,description,Mussle In Sea Water ? quality preserved food for your pantry.,7000,,,21,5,69e5aa4440cdaab22a0a1af9,69e5aaa140cdaab22a0a1b45,ACTIVE,,,,canned food|zarotti|canned seafood,https://res.cloudinary.com/nigittriple/image/upload/v1776611411/claude/mussle-in-sea-water-052114.jpg,110g,,Italy,0.11,,,,,,,"Store in a cool, dry place. Once opened, transfer to a non-metallic container and refrigerate. Use within 2 days.",,,,,,,,,,,[]
Grilled Mackerel Fillets with Red Chilli Pepper,grilled-mackerel-fillets-with-red-chilli-pepper,CFXX-GRIMAC-602350,8004030622135.00,description,Grilled Mackerel Fillets with Red Chilli Pepper ? quality preserved food for your pantry.,9000,,,7,5,69e5aa4440cdaab22a0a1af9,69e5aa9d40cdaab22a0a1b41,ACTIVE,,,,canned food|rio mare|canned fish,https://res.cloudinary.com/nigittriple/image/upload/v1776611402/claude/grilled-mackerel-fillets-with-red-chilli-pepper-622135.jpg,120g,,Italy,0.12,,,,,,,"Store in a cool, dry place. Once opened, transfer to a non-metallic container and refrigerate. Use within 2 days.",,,,,,,,,,,[]
Grilled Mackerel with Olives,grilled-mackerel-with-olives,CFXX-GRIMAC-478398,8004030622043.00,description,Grilled Mackerel with Olives ? quality preserved food for your pantry.,9000,,,3,5,69e5aa4440cdaab22a0a1af9,69e5aa9d40cdaab22a0a1b41,ACTIVE,,,,canned food|rio mare|canned fish,https://res.cloudinary.com/nigittriple/image/upload/v1776611392/claude/grilled-mackerel-with-olives-622043.jpg,120g,,Italy,0.12,,,,,,,"Store in a cool, dry place. Once opened, transfer to a non-metallic container and refrigerate. Use within 2 days.",,,,,,,,,,,[]
Grilled Mackerel with Extra Virgin Olive Oil,grilled-mackerel-with-extra-virgin-olive-oil,CFXX-GRIMAC-173292,8004030622012.00,description,Grilled Mackerel with Extra Virgin Olive Oil ? quality preserved food for your pantry.,9000,,,5,5,69e5aa4440cdaab22a0a1af9,69e5aa9d40cdaab22a0a1b41,ACTIVE,,,,canned food|rio mare|canned fish,https://res.cloudinary.com/nigittriple/image/upload/v1776611380/claude/grilled-mackerel-with-extra-virgin-olive-oil-622012.jpg,120g,,Italy,0.12,,,,,,,"Store in a cool, dry place. Once opened, transfer to a non-metallic container and refrigerate. Use within 2 days.",,,,,,,,,,,[]
SUMMER TRUFFLE SLICES ,fettine-di-tartufo-estivo,SSXX-FETDI-776889,8055271500317.00,description,Fettine Di Tartufo Estivo ? premium quality spice/seasoning for authentic flavour in every dish.,31150,,,19,5,69e5aa4840cdaab22a0a1afc,69e5aa8f40cdaab22a0a1b35,ACTIVE,,,,spice|seasoning|martelli fabian|spice,https://res.cloudinary.com/nigittriple/image/upload/v1776611370/claude/fettine-di-tartufo-estivo-500317.jpg,35g,12,Italy,0.035,,,,,,,"Store in a cool, dry place away from direct light and heat. Keep sealed.",,,,,,,,,,,[]
Grilled Mackerel Fillets,grilled-mackerel-fillets,CFXX-GRIMAC-942550,800,description,Grilled Mackerel Fillets ? quality preserved food for your pantry.,7290,,,11,5,69e5aa4440cdaab22a0a1af9,69e5aa9d40cdaab22a0a1b41,ACTIVE,,,,canned food|rio mare|canned fish,https://res.cloudinary.com/nigittriple/image/upload/v1776611362/claude/grilled-mackerel-fillets-0446.jpg,120g,,Italy,0.12,,,,,,,"Store in a cool, dry place. Once opened, transfer to a non-metallic container and refrigerate. Use within 2 days.",,,,,,,,,,,[]
WHOLE SUMMER TRUFFLE ,tartufo-estivo-intero,SSXX-TAREST-870198,8055271500362.00,description,Tartufo Estivo Intero ? premium quality spice/seasoning for authentic flavour in every dish.,23350,,,24,5,69e5aa4840cdaab22a0a1afc,69e5aa8f40cdaab22a0a1b35,ACTIVE,,,,spice|seasoning|martelli fabian|spice,https://res.cloudinary.com/nigittriple/image/upload/v1776611352/claude/tartufo-estivo-intero-500362.jpg,18g,12,Italy,0.018,,,,,,,"Store in a cool, dry place away from direct light and heat. Keep sealed.",,,,,,,,,,,[]
Tuna Salad Red beans Corn and  Pepper,tuna-salad-red-beans-corn-and-pepper,CFXX-TUNSAL-725540,8004030770331.00,description,Tuna Salad Red beans Corn and  Pepper ? quality preserved food for your pantry.,10000,,,16,5,69e5aa4440cdaab22a0a1af9,69e5aa9d40cdaab22a0a1b41,ACTIVE,,,,canned food|rio mare|canned fish,https://res.cloudinary.com/nigittriple/image/upload/v1776611342/claude/tuna-salad-red-beans-corn-and-pepper-770331.jpg,160g,,Italy,0.16,,,,,,,"Store in a cool, dry place. Once opened, transfer to a non-metallic container and refrigerate. Use within 2 days.",,,,,,,,,,,[]
Cooked Ham Spread Cream x2,cooked-ham-spread-cream-x2,CFXX-COOHAM-918979,8001070420141.00,description,Cooked Ham Spread Cream x2 ? quality preserved food for your pantry.,9500,,,15,5,69e5aa4440cdaab22a0a1af9,69e5aaa040cdaab22a0a1b44,ACTIVE,,,,canned food|spunti|canned meat,https://res.cloudinary.com/nigittriple/image/upload/v1776611331/claude/cooked-ham-spread-cream-x2-420141.jpg,168g,,Italy,0.168,,,,,,,"Store in a cool, dry place. Once opened, transfer to a non-metallic container and refrigerate. Use within 2 days.",,,,,,,,,,,[]
Tuna Spread Cream x2,tuna-spread-cream-x2,CFXX-TUNSPR-273333,8001070420097.00,description,Tuna Spread Cream x2 ? quality preserved food for your pantry.,9500,,,1,5,69e5aa4440cdaab22a0a1af9,69e5aaa040cdaab22a0a1b44,ACTIVE,,,,canned food|spunti|canned fish,https://res.cloudinary.com/nigittriple/image/upload/v1776611321/claude/tuna-spread-cream-x2-420097.jpg,168g,,Italy,0.168,,,,,,,"Store in a cool, dry place. Once opened, transfer to a non-metallic container and refrigerate. Use within 2 days.",,,,,,,,,,,[]
Mackerel Salad Whole Grains with Lenils,mackerel-salad-whole-grains-with-lenils,CFXX-MACSAL-197225,8004030830295.00,description,Mackerel Salad Whole Grains with Lenils ? quality preserved food for your pantry.,14500,,,7,5,69e5aa4440cdaab22a0a1af9,69e5aa9d40cdaab22a0a1b41,ACTIVE,,,,canned food|rio mare|canned fish,https://res.cloudinary.com/nigittriple/image/upload/v1776611310/claude/mackerel-salad-whole-grains-with-lenils-830295.jpg,220g,,Italy,0.22,,,,,,,"Store in a cool, dry place. Once opened, transfer to a non-metallic container and refrigerate. Use within 2 days.",,,,,,,,,,,[]
Tuna Salad Sweetcorn and peas,tuna-salad-sweetcorn-and-peas,CFXX-TUNSAL-525535,8004030750357.00,description,Tuna Salad Sweetcorn and peas ? quality preserved food for your pantry.,10000,,,17,5,69e5aa4440cdaab22a0a1af9,69e5aa9d40cdaab22a0a1b41,ACTIVE,,,,canned food|rio mare|canned fish,https://res.cloudinary.com/nigittriple/image/upload/v1776611292/claude/tuna-salad-sweetcorn-and-peas-750357.jpg,160g,,Italy,0.16,,,,,,,"Store in a cool, dry place. Once opened, transfer to a non-metallic container and refrigerate. Use within 2 days.",,,,,,,,,,,[]
Tuna in Olive Oil x6,tuna-in-olive-oil-x6,CFXX-TUNIN-814041,8004030100442.00,description,Tuna in Olive Oil x6 ? quality preserved food for your pantry.,28000,,,0,5,69e5aa4440cdaab22a0a1af9,69e5aa9d40cdaab22a0a1b41,ACTIVE,,,,canned food|rio mare|canned fish,https://res.cloudinary.com/nigittriple/image/upload/v1776611279/claude/tuna-in-olive-oil-x6-100442.jpg,480g,,Italy,0.48,,,,,,,"Store in a cool, dry place. Once opened, transfer to a non-metallic container and refrigerate. Use within 2 days.",,,,,,,,,,,[]
Tuna in Olive Oil x2,tuna-in-olive-oil-x2,CFXX-TUNIN-633082,8004030381681.00,description,Tuna in Olive Oil x2 ? quality preserved food for your pantry.,25000,,,1,5,69e5aa4440cdaab22a0a1af9,69e5aa9d40cdaab22a0a1b41,ACTIVE,,,,canned food|rio mare|canned fish,https://res.cloudinary.com/nigittriple/image/upload/v1776611268/claude/tuna-in-olive-oil-x2-381681.jpg,320g,,Italy,0.32,,,,,,,"Store in a cool, dry place. Once opened, transfer to a non-metallic container and refrigerate. Use within 2 days.",,,,,,,,,,,[]
Salmon Fillets in Olive Oil,salmon-fillets-in-olive-oil,CFXX-SALFIL-760732,8005850186500.00,description,Salmon Fillets in Olive Oil ? quality preserved food for your pantry.,12300,,,1,5,69e5aa4440cdaab22a0a1af9,69e5aa9a40cdaab22a0a1b3f,ACTIVE,,,,canned food|nostromo|canned fish,https://res.cloudinary.com/nigittriple/image/upload/v1776611257/claude/salmon-fillets-in-olive-oil-186500.jpg,110g,,Italy,0.11,,,,,,,"Store in a cool, dry place. Once opened, transfer to a non-metallic container and refrigerate. Use within 2 days.",,,,,,,,,,,[]
Sea Urchin Pulp,sea-urchin-pulp,CFXX-SEAURC-296280,8022813006613.00,description,Sea Urchin Pulp ? quality preserved food for your pantry.,24000,,,14,5,69e5aa4440cdaab22a0a1af9,69e5aa9f40cdaab22a0a1b43,ACTIVE,,,,canned food|riunione|canned seafood,https://res.cloudinary.com/nigittriple/image/upload/v1776611244/claude/sea-urchin-pulp-006613.jpg,90g,,Italy,0.09,,,,,,,"Store in a cool, dry place. Once opened, transfer to a non-metallic container and refrigerate. Use within 2 days.",,,,,,,,,,,[]
Lumpfish Egg Caviar Substitute,lumpfish-egg-caviar-substitute-nyd2,CFXX-LUMEGG-582785,8022813005159.00,description,Lumpfish Egg Caviar Substitute ? quality preserved food for your pantry.,9400,,,3,5,69e5aa4440cdaab22a0a1af9,69e5aa9f40cdaab22a0a1b43,ACTIVE,,,,canned food|riunione|canned seafood,https://res.cloudinary.com/nigittriple/image/upload/v1776611233/claude/lumpfish-egg-caviar-substitute-005159.jpg,50g,,Italy,0.05,,,,,,,"Store in a cool, dry place. Once opened, transfer to a non-metallic container and refrigerate. Use within 2 days.",,,,,,,,,,,[]
DRIED SUMMER TRUFFLE POWDER,tartufo-estivo-essiccato-in-polvere,SSXX-TAREST-506739,8055271502700.00,description,Tartufo Estivo Essiccato In Polvere ? premium quality spice/seasoning for authentic flavour in every dish.,38900,,,17,5,69e5aa4840cdaab22a0a1afc,69e5aa8f40cdaab22a0a1b35,ACTIVE,,,,spice|seasoning|martelli fabian|natural spice,https://res.cloudinary.com/nigittriple/image/upload/v1776611221/claude/tartufo-estivo-essiccato-in-polvere-502700.jpg,20g,12,Italy,0.02,,,,,,,"Store in a cool, dry place away from direct light and heat. Keep sealed.",,,,,,,,,,,[]
SLICES DRIED SUMMER TRUFFLE,fettine-di-tartufo-estivo-essiccato,SSXX-FETDI-744379,8055271502694.00,description,Fettine Di Tartufo Estivo Essiccato ? premium quality spice/seasoning for authentic flavour in every dish.,25900,,,8,5,69e5aa4840cdaab22a0a1afc,69e5aa8f40cdaab22a0a1b35,ACTIVE,,,,spice|seasoning|martelli fabian|natural spice,https://res.cloudinary.com/nigittriple/image/upload/v1776611211/claude/fettine-di-tartufo-estivo-essiccato-502694.jpg,5g,12,Italy,0.005,,,,,,,"Store in a cool, dry place away from direct light and heat. Keep sealed.",,,,,,,,,,,[]
MUSHROOMS SAUCE WITH TRUFFLES,tartufunghi,SADX-TAR-737519,8055271500133.00,description,Premium Italian Mushrooms sauce ? Tartufunghi.,22000,,,2,5,69e5aa4340cdaab22a0a1af8,69e5aa8f40cdaab22a0a1b35,ACTIVE,,,,sauce|martelli fabian|Italian|mushrooms sauce,https://res.cloudinary.com/nigittriple/image/upload/v1776611202/claude/tartufunghi-500133.jpg,180g,12,Italy,0.18,,,,,,,"Store in a cool, dry place. Once opened, refrigerate and use within 3?4 days.",,,,,,,,,,,[]
MUSHROOMS AND OLIVES SAUCE WITH TRUFFLES ,rustica-al-tartufo,SADX-RUSAL-747366,8055271502465.00,description,Premium Italian Mushrooms and Olives ? Rustica Al Tartufo.,22000,,,6,5,69e5aa4340cdaab22a0a1af8,69e5aa8f40cdaab22a0a1b35,ACTIVE,,,,sauce|martelli fabian|Italian|mushrooms and olives,https://res.cloudinary.com/nigittriple/image/upload/v1776611193/claude/rustica-al-tartufo-502465.jpg,180g,12,Italy,0.18,,,,,,,"Store in a cool, dry place. Once opened, refrigerate and use within 3?4 days.",,,,,,,,,,,[]
CHEESE AND TRUFFLE SAUCE ,cremosa-al-tartufo,SADX-CREAL-776139,8055271500072.00,description,Premium Italian Cheese and Truffle Cream ? Cremosa Al Tartufo.,24450,,,9,5,69e5aa4340cdaab22a0a1af8,69e5aa8f40cdaab22a0a1b35,ACTIVE,,,,sauce|martelli fabian|Italian|cheese and truffle cream,https://res.cloudinary.com/nigittriple/image/upload/v1776611183/claude/cremosa-al-tartufo-500072.jpg,180g,12,Italy,0.18,,,,,,,"Store in a cool, dry place. Once opened, refrigerate and use within 3?4 days.",,,,,,,,,,,[]
Lumpfish Egg Caviar Substitute,lumpfish-egg-caviar-substitute,CFXX-LUMEGG-708452,8022813005166.00,description,Lumpfish Egg Caviar Substitute ? quality preserved food for your pantry.,8100,,,2,5,69e5aa4440cdaab22a0a1af9,69e5aa9f40cdaab22a0a1b43,ACTIVE,,,,canned food|riunione|canned seafood,https://res.cloudinary.com/nigittriple/image/upload/v1776611172/claude/lumpfish-egg-caviar-substitute-005166.jpg,50g,,Italy,0.05,,,,,,,"Store in a cool, dry place. Once opened, transfer to a non-metallic container and refrigerate. Use within 2 days.",,,,,,,,,,,[]
PORCINI MUSHROOMS AND SUMMER TRUFFLE CREAM,crema-di-porcini-e-tartufo-estivo,SADX-CREDI-305794,8055271500072.00,description,Premium Italian Porcini Mushrooms ? Crema Di Porcini E Tartufo Estivo.,24450,,,11,5,69e5aa4340cdaab22a0a1af8,69e5aa8f40cdaab22a0a1b35,ACTIVE,,,,sauce|martelli fabian|Italian|porcini mushrooms,https://res.cloudinary.com/nigittriple/image/upload/v1776611162/claude/crema-di-porcini-e-tartufo-estivo-500072.jpg,180g,12,Italy,0.18,,,,,,,"Store in a cool, dry place. Once opened, refrigerate and use within 3?4 days.",,,,,,,,,,,[]
TRUFFLE SAUCE WITH EGGPLANT ,salsa-di-melanzane-e-tartufo-estivo,SADX-SALDI-915564,8055271500096.00,description,Premium Italian Eggplants Sauce ? Salsa Di Melanzane E Tartufo Estivo.,22000,,,11,5,69e5aa4340cdaab22a0a1af8,69e5aa8f40cdaab22a0a1b35,ACTIVE,,,,sauce|martelli fabian|Italian|eggplants sauce,https://res.cloudinary.com/nigittriple/image/upload/v1776611148/claude/salsa-di-melanzane-e-tartufo-estivo-500096.jpg,180g,12,Italy,0.18,,,,,,,"Store in a cool, dry place. Once opened, refrigerate and use within 3?4 days.",,,,,,,,,,,[]
ARTICHOKES AND SUMMER TRUFFLE SAUCE ,crema-di-carciofi-e-tartufo-estivo,SADX-CREDI-401939,805527150034.00,description,Premium Italian Artichoke with Truffles ? Crema Di Carciofi E Tartufo Estivo.,22000,,,11,5,69e5aa4340cdaab22a0a1af8,69e5aa8f40cdaab22a0a1b35,ACTIVE,,,,sauce|martelli fabian|Italian|artichoke with truffles,https://res.cloudinary.com/nigittriple/image/upload/v1776611129/claude/crema-di-carciofi-e-tartufo-estivo-150034.jpg,180g,12,Italy,0.18,,,,,,,"Store in a cool, dry place. Once opened, refrigerate and use within 3?4 days.",,,,,,,,,,,[]
Mackerel Fish Fillets in Spicy Olive Oil,mackerel-fish-fillets-in-spicy-olive-oil,CFXX-MACFIS-111317,8054729870361.00,description,Mackerel Fish Fillets in Spicy Olive Oil ? quality preserved food for your pantry.,5700,,,9,5,69e5aa4440cdaab22a0a1af9,69e5aa9e40cdaab22a0a1b42,ACTIVE,,,,canned food|mareblu|canned fish,https://res.cloudinary.com/nigittriple/image/upload/v1776611117/claude/mackerel-fish-fillets-in-spicy-olive-oil-870361.jpg,90g,,Italy,0.09,,,,,,,"Store in a cool, dry place. Once opened, transfer to a non-metallic container and refrigerate. Use within 2 days.",,,,,,,,,,,[]
Salmon Fillets With Lemon,salmon-fillets-with-lemon,CFXX-SALFIL-996511,8004030525023.00,description,Salmon Fillets With Lemon ? quality preserved food for your pantry.,19000,,,2,5,69e5aa4440cdaab22a0a1af9,69e5aa9d40cdaab22a0a1b41,ACTIVE,,,,canned food|rio mare|canned fish,https://res.cloudinary.com/nigittriple/image/upload/v1776611100/claude/salmon-fillets-with-lemon-525023.jpg,125g,,Italy,0.125,,,,,,,"Store in a cool, dry place. Once opened, transfer to a non-metallic container and refrigerate. Use within 2 days.",,,,,,,,,,,[]
COURGETTES AND SUMMER TRUFFLE SAUCE ,salsa-di-zucchine-e-tartufo-estivo,SADX-SALDI-827342,8055271500119.00,description,Premium Italian Sauce ? Salsa Di Zucchine E Tartufo Estivo.,22200,,,11,5,69e5aa4340cdaab22a0a1af8,69e5aa8f40cdaab22a0a1b35,ACTIVE,,,,sauce|martelli fabian|Italian|sauce,https://res.cloudinary.com/nigittriple/image/upload/v1776611087/claude/salsa-di-zucchine-e-tartufo-estivo-500119.jpg,180g,12,Italy,0.18,,,,,,,"Store in a cool, dry place. Once opened, refrigerate and use within 3?4 days.",,,,,,,,,,,[]
Sardines In Olive Oil,sardines-in-olive-oil,CFXX-SARIN-646075,8004030010000.00,description,Sardines In Olive Oil ? quality preserved food for your pantry.,5500,,,3,5,69e5aa4440cdaab22a0a1af9,69e5aa9d40cdaab22a0a1b41,ACTIVE,,,,canned food|rio mare|canned fish,https://res.cloudinary.com/nigittriple/image/upload/v1776611077/claude/sardines-in-olive-oil-010000.jpg,120g,,Italy,0.12,,,,,,,"Store in a cool, dry place. Once opened, transfer to a non-metallic container and refrigerate. Use within 2 days.",,,,,,,,,,,[]
Carciofi arrostiti,carciofi-arrostiti,VPAF-CARARR-385439,8003850289443.00,description,"Carciofi arrostiti ? premium Italian preserved vegetable, ideal as antipasto or cooking ingredient.",14400,,,13,5,69e5aa4740cdaab22a0a1afb,69e5aa9b40cdaab22a0a1b40,ACTIVE,,,,preserved vegetables|antipasto|Italian|Ristoris|roasted artichoke,https://res.cloudinary.com/nigittriple/image/upload/v1776611066/claude/carciofi-arrostiti-289443.jpg,530g,6,Italy,0.53,,,,,,,"Store in a cool, dry place. Refrigerate after opening and use within 3 days.",,,,,,,,,,,[]
Mackerel Fish Fillets in Olive Oil,mackerel-fish-fillets-in-olive-oil,CFXX-MACFIS-135223,8005850188191,description,Mackerel Fish Fillets in Olive Oil ? quality preserved food for your pantry.,7000,,,51,5,69e5aa4440cdaab22a0a1af9,69e5aa9a40cdaab22a0a1b3f,ACTIVE,,,,canned food|nostromo|canned fish,https://res.cloudinary.com/nigittriple/image/upload/v1776611056/claude/mackerel-fish-fillets-in-olive-oil-188191.jpg,90g,,Italy,0.09,,,,,,,"Store in a cool, dry place. Once opened, transfer to a non-metallic container and refrigerate. Use within 2 days.",,,,,,,,,,,[]
Tuna Fish in olive Oil x3,tuna-fish-in-olive-oil-x3,CFXX-TUNFIS-873853,8000614004496.00,description,Tuna Fish in olive Oil x3 ? quality preserved food for your pantry.,6850,,,0,5,69e5aa4440cdaab22a0a1af9,69e5aa9940cdaab22a0a1b3e,ACTIVE,,,,canned food|marevivo|canned fish,https://res.cloudinary.com/nigittriple/image/upload/v1776611044/claude/tuna-fish-in-olive-oil-x3-004496.jpg,240g,,Italy,0.24,,,,,,,"Store in a cool, dry place. Once opened, transfer to a non-metallic container and refrigerate. Use within 2 days.",,,,,,,,,,,[]
Bovine Meat x2,bovine-meat-x2,CFXX-BOVMEA-329104,8000250331253.00,description,Bovine Meat x2 ? quality preserved food for your pantry.,7720,,,3,5,69e5aa4440cdaab22a0a1af9,69e5aa9840cdaab22a0a1b3d,ACTIVE,,,,canned food|montana|canned meat,https://res.cloudinary.com/nigittriple/image/upload/v1776611033/claude/bovine-meat-x2-331253.jpg,180g,,Italy,0.18,,,,,,,"Store in a cool, dry place. Once opened, transfer to a non-metallic container and refrigerate. Use within 2 days.",,,,,,,,,,,[]
Eggplant Fillets In Olive Oil,melanzane-a-filetti-alla-contadina,VPAF-MELA-256467,8033162863628.00,description,"Melanzane a Filetti alla Contadina ? premium Italian preserved vegetable, ideal as antipasto or cooking ingredient.",6700,,,9,5,69e5aa4740cdaab22a0a1afb,69e5aa9640cdaab22a0a1b3b,ACTIVE,,,,preserved vegetables|antipasto|Italian|Ristoris|egg plants,https://res.cloudinary.com/nigittriple/image/upload/v1776611019/claude/melanzane-a-filetti-alla-contadina-863628.jpg,290g,6,Italy,0.29,,,,,,,"Store in a cool, dry place. Refrigerate after opening and use within 3 days.",,,,,,,,,,,[]
Ready Beef In Vegetables Jelly x3,ready-beef-in-vegetables-jelly-x3,CFXX-REABEE-934138,8001070000015.00,description,Ready Beef In Vegetables Jelly x3 ? quality preserved food for your pantry.,10500,,,46,5,69e5aa4440cdaab22a0a1af9,69e5aa9740cdaab22a0a1b3c,ACTIVE,,,,canned food|simmenthal|canned meat,https://res.cloudinary.com/nigittriple/image/upload/v1776611004/claude/ready-beef-in-vegetables-jelly-x3-000015.jpg,210g,,Italy,0.21,,,,,,,"Store in a cool, dry place. Once opened, transfer to a non-metallic container and refrigerate. Use within 2 days.",,,,,,,,,,,[]
Tris Di Funghi Alla Contadina,tris-di-funghi-alla-contadina,VPAF-TRIDI-919406,8033162863345.00,description,"Tris Di Funghi Alla Contadina ? premium Italian preserved vegetable, ideal as antipasto or cooking ingredient.",14800,,,7,5,69e5aa4740cdaab22a0a1afb,69e5aa9640cdaab22a0a1b3b,ACTIVE,,,,preserved vegetables|antipasto|Italian|Ristoris|canned funghi,https://res.cloudinary.com/nigittriple/image/upload/v1776610988/claude/tris-di-funghi-alla-contadina-863345.jpg,530g,6,Italy,0.53,,,,,,,"Store in a cool, dry place. Refrigerate after opening and use within 3 days.",,,,,,,,,,,[]
Peperoni A Filetti,peperoni-a-filetti,VPAF-PEPA-650273,8033162863383.00,description,"Peperoni A Filetti ? premium Italian preserved vegetable, ideal as antipasto or cooking ingredient.",10000,,,7,5,69e5aa4740cdaab22a0a1afb,69e5aa9640cdaab22a0a1b3b,ACTIVE,,,,preserved vegetables|antipasto|Italian|Ristoris|canned tomatoes,https://res.cloudinary.com/nigittriple/image/upload/v1776610978/claude/peperoni-a-filetti-863383.jpg,530g,6,Italy,0.53,,,,,,,"Store in a cool, dry place. Refrigerate after opening and use within 3 days.",,,,,,,,,,,[]
Risotto Rice with Shrimps,risotto-rice-with-shrimps,RXXX-RISRIC-498456,8000050834008.00,description,"Risotto Rice with Shrimps by Star ? premium quality Italian rice, naturally gluten-free.",5100,,,4,5,69e5aa4940cdaab22a0a1afd,69e5aa9540cdaab22a0a1b3a,ACTIVE,,,,rice|star|Italian|gluten free,https://res.cloudinary.com/nigittriple/image/upload/v1776610967/claude/risotto-rice-with-shrimps-834008.jpg,175g,10,Italy,0.175,,,,,,,"Store in a cool, dry place in an airtight container.",100% Italian rice,,,,,,,,,,[]
Carciofi Grigliati Interi,carciofi-grigliati-interi,VPAF-CARGRI-492029,8033162863307.00,description,"Carciofi Grigliati Interi ? premium Italian preserved vegetable, ideal as antipasto or cooking ingredient.",15800,,,14,5,69e5aa4740cdaab22a0a1afb,69e5aa9640cdaab22a0a1b3b,ACTIVE,,,,preserved vegetables|antipasto|Italian|Ristoris|artigianale,https://res.cloudinary.com/nigittriple/image/upload/v1776610956/claude/carciofi-grigliati-interi-863307.jpg,530g,6,Italy,0.53,,,,,,,"Store in a cool, dry place. Refrigerate after opening and use within 3 days.",,,,,,,,,,,[]
Risotto Rice With Saffron,risotto-rice-with-saffron,RXXX-RISRIC-941337,8000050834206.00,description,"Risotto Rice With Saffron by Star ? premium quality Italian rice, naturally gluten-free.",5100,,,19,5,69e5aa4940cdaab22a0a1afd,69e5aa9540cdaab22a0a1b3a,ACTIVE,,,,rice|star|Italian|gluten free,https://res.cloudinary.com/nigittriple/image/upload/v1776610945/claude/risotto-rice-with-saffron-834206.jpg,175g,10,Italy,0.175,,,,,,,"Store in a cool, dry place in an airtight container.",100% Italian rice,,,,,,,,,,[]
Risotto Rice With Porcini Mushroom,risotto-rice-with-porcini-mushroom,RXXX-RISRIC-987197,8000050833407.00,description,"Risotto Rice With Porcini Mushroom by Star ? premium quality Italian rice, naturally gluten-free.",5100,,,18,5,69e5aa4940cdaab22a0a1afd,69e5aa9540cdaab22a0a1b3a,ACTIVE,,,,rice|star|Italian|gluten free,https://res.cloudinary.com/nigittriple/image/upload/v1776610926/claude/risotto-rice-with-porcini-mushroom-833407.jpg,175g,10,Italy,0.175,,,,,,,"Store in a cool, dry place in an airtight container.",100% Italian rice,,,,,,,,,,[]
"Fagioli ""Cannelloni""",fagioli-cannelloni,"CFXX-FAG""CA-402308",800144012386.00,description,"Fagioli ""Cannelloni"" – quality preserved food for your pantry.",3500,,,20,5,69e5aa4440cdaab22a0a1af9,69e5aa8e40cdaab22a0a1b34,ACTIVE,,,,canned food|blu italia|bottled food,https://res.cloudinary.com/nigittriple/image/upload/v1776610913/claude/fagioli-cannelloni-012386.jpg,360g,,Italy,0.36,,,,,,,"Store in a cool, dry place. Once opened, transfer to a non-metallic container and refrigerate. Use within 2 days.",,,,,,,,,,,[]
Risotto Rice With Artichoke,risotto-rice-with-artichoke,RXXX-RISRIC-202157,8710522983980.00,description,"Risotto Rice With Artichoke by Knorr ? premium quality Italian rice, naturally gluten-free.",6550,,,0,5,69e5aa4940cdaab22a0a1afd,69e5aa9440cdaab22a0a1b39,ACTIVE,,,,rice|knorr|Italian|gluten free,https://res.cloudinary.com/nigittriple/image/upload/v1776610901/claude/risotto-rice-with-artichoke-983980.jpg,175g,10,Italy,0.175,,,,,,,"Store in a cool, dry place in an airtight container.",100% Italian rice,,,,,,,,,,[]
ACETELLI CUCUMBER PICKLES,acetelli-cetrioli,VPAF-ACECET-133902,8001060001497.00,description,"Acetelli Cetrioli ? premium Italian preserved vegetable, ideal as antipasto or cooking ingredient.",4850,,,6,5,69e5aa4740cdaab22a0a1afb,69e5aa9240cdaab22a0a1b38,ACTIVE,,,,preserved vegetables|antipasto|Italian|Ristoris|canned vegetables,https://res.cloudinary.com/nigittriple/image/upload/v1776610888/claude/acetelli-cetrioli-001497.jpg,150g,6,Italy,0.15,,,,,,,"Store in a cool, dry place. Refrigerate after opening and use within 3 days.",,,,,,,,,,,[]
Extra Fine Green Peas,piselli-extrafini,"VPAF-PIS""EX-660500",8001440123870.00,description,"Piselli ""Extrafini"" – premium Italian preserved vegetable, ideal as antipasto or cooking ingredient.",3500,,,30,5,69e5aa4740cdaab22a0a1afb,69e5aa8e40cdaab22a0a1b34,ACTIVE,,,,preserved vegetables|antipasto|Italian|Ristoris|canned vegetables,https://res.cloudinary.com/nigittriple/image/upload/v1776610878/claude/piselli-extrafini-123870.jpg,360g,6,Italy,0.36,,,,,,,"Store in a cool, dry place. Refrigerate after opening and use within 3 days.",,,,,,,,,,,[]
Extra Halva Plain,extra-halva-plain,SXXX-EXTHAL-536601,5285001484256,Extra Halva Plain is a delicious snack available at NigiTriple Supermarket Port Harcourt.,"Premium Sweets snack ? crispy, flavourful, and great for sharing.",6250,,,9,5,69e5aa3e40cdaab22a0a1af4,69e5aa9140cdaab22a0a1b37,ACTIVE,,,,snacks|sweets|chtoura,https://res.cloudinary.com/nigittriple/image/upload/v1776610865/claude/extra-halva-plain-484256.jpg,400g,,Italy,0.4,,,,,,,"Store in a cool, dry place away from direct sunlight",,,,,,,,,,,[]
SMALL ONIONS PICKLED,acetelli-cipolline,CFXX-ACECIP-925069,8001060001503,Acetelli Cipolline is available at NigiTriple Supermarket Port Harcourt.,Acetelli Cipolline ? quality preserved food for your pantry.,5800,,,16,5,69e5aa4440cdaab22a0a1af9,69e5aa9240cdaab22a0a1b38,ACTIVE,,,,canned food|sacla,https://res.cloudinary.com/nigittriple/image/upload/v1776610846/claude/acetelli-cipolline-001503.jpg,300g,,Italy,0.3,,,,,,,"Store in a cool, dry place. Once opened, transfer to a non-metallic container and refrigerate. Use within 2 days.",,,,,,,,,,,[]
Extra Halva With Pistachio,extra-halva-with-pistachio,SXXX-EXTHAL-955825,5285001484270,Extra Halva With Pistachio is a delicious snack available at NigiTriple Supermarket Port Harcourt.,"Premium Sweets snack ? crispy, flavourful, and great for sharing.",9500,,,9,5,69e5aa3e40cdaab22a0a1af4,69e5aa9140cdaab22a0a1b37,ACTIVE,,,,snacks|sweets|chtoura,https://res.cloudinary.com/nigittriple/image/upload/v1776610834/claude/extra-halva-with-pistachio-484270.jpg,400g,,Italy,0.4,,,,,,,"Store in a cool, dry place away from direct sunlight",,,,,,,,,,,[]
Extra Virgin Olive Oil,olio-extra-vergine-di-oliva,OXXX-OLIEXT-549674,8003250001447.00,description,"Premium extra virgin olive oil ? ideal for cooking, dressing salads, and dipping bread.",111500,,,0,5,69e5aa4540cdaab22a0a1afa,69e5aa9040cdaab22a0a1b36,ACTIVE,,,,olive oil|EVOO|panolio|Italian oil,https://res.cloudinary.com/nigittriple/image/upload/v1776610817/claude/olio-extra-vergine-di-oliva-001447.jpg,4650ml,6,Italy,4.65,,,,,,,"Store in a cool, dark place away from heat and direct sunlight. Keep sealed.",,,,,,,,,,,[]
Capers in Salt,capers-in-salt,CFXX-CAPIN-649194,8030567009828.00,description,Capers in Salt ? quality preserved food for your pantry.,3500,,,21,5,69e5aa4440cdaab22a0a1af9,69e5aa8c40cdaab22a0a1b32,ACTIVE,,,,canned food|granata|pickled vegetables,https://res.cloudinary.com/nigittriple/image/upload/v1776610807/claude/capers-in-salt-009828.jpg,100g,,Italy,0.1,,,,,,,"Store in a cool, dry place. Once opened, transfer to a non-metallic container and refrigerate. Use within 2 days.",,,,,,,,,,,[]
Dressing Perigord Truffle Flavour Extra Virgin Oil,condimento-aromatizzato,SADX-CONARO-857661,8055271500232.00,description,Premium Italian Extra Vergine Oil ? Condimento Aromatizzato.,30600,,,9,5,69e5aa4340cdaab22a0a1af8,69e5aa8f40cdaab22a0a1b35,ACTIVE,,,,sauce|martelli fabian|Italian|extra vergine oil,https://res.cloudinary.com/nigittriple/image/upload/v1776610795/claude/condimento-aromatizzato-500232.jpg,230g,12,Italy,0.23,,,,,,,"Store in a cool, dry place. Once opened, refrigerate and use within 3?4 days.",,,,,,,,,,,[]
Green Olive sicily,green-olive-sicily,CFXX-GREOLI-564187,8054301463653.00,description,Green Olive sicily ? quality preserved food for your pantry.,13600,,,2,5,69e5aa4440cdaab22a0a1af9,69e5aa8e40cdaab22a0a1b34,ACTIVE,,,,canned food|blu italia|pickled olives,"https://res.cloudinary.com/nigittriple/image/upload/v1776610775/claude/green-olive-sicily-463653.jpg, https://res.cloudinary.com/nigittriple/image/upload/v1776610786/claude/green-olive-sicily-463653-2.jpg",500g,,Italy,0.5,,,,,,,"Store in a cool, dry place. Once opened, transfer to a non-metallic container and refrigerate. Use within 2 days.",,,,,,,,,,,[]
"Fagioli ""Borlotti""",fagioli-borlotti,"CFXX-FAG""BO-377162",8001440123849.00,description,"Fagioli ""Borlotti"" – quality preserved food for your pantry.",3300,,,6,5,69e5aa4440cdaab22a0a1af9,69e5aa8e40cdaab22a0a1b34,ACTIVE,,,,canned food|blu italia|canned vegetables,https://res.cloudinary.com/nigittriple/image/upload/v1776610766/claude/fagioli-borlotti-123849.jpg,360g,,Italy,0.36,,,,,,,"Store in a cool, dry place. Once opened, transfer to a non-metallic container and refrigerate. Use within 2 days.",,,,,,,,,,,[]
Pickled Black Olives,pickled-black-olives,CFXX-PICBLA-637621,8054301460348.00,description,Pickled Black Olives ? quality preserved food for your pantry.,4170,,,5,5,69e5aa4440cdaab22a0a1af9,69e5aa8d40cdaab22a0a1b33,ACTIVE,,,,canned food|yma|pickled zolives,https://res.cloudinary.com/nigittriple/image/upload/v1776610758/claude/pickled-black-olives-460348.jpg,250g,,Italy,0.25,,,,,,,"Store in a cool, dry place. Once opened, transfer to a non-metallic container and refrigerate. Use within 2 days.",,,,,,,,,,,[]
Salted Lupins in Water,salted-lupins-in-water,CFXX-SALLUP-751027,8030567009514.00,description,Salted Lupins in Water ? quality preserved food for your pantry.,4550,,,14,5,69e5aa4440cdaab22a0a1af9,69e5aa8c40cdaab22a0a1b32,ACTIVE,,,,canned food|granata|pickled vegetables,https://res.cloudinary.com/nigittriple/image/upload/v1776610740/claude/salted-lupins-in-water-009514.jpg,500g,,Italy,0.5,,,,,,,"Store in a cool, dry place. Once opened, transfer to a non-metallic container and refrigerate. Use within 2 days.",,,,,,,,,,,[]
RED WINE VINEGAR 1L,aceto-di-vino-rosso,SADX-ACEDI-679343,8001010031215.00,description,Premium Italian Vinegar ? Aceto Di Vino Rosso.,3900,,,14,5,69e5aa4340cdaab22a0a1af8,69e5aa8540cdaab22a0a1b2c,ACTIVE,,,,sauce|ponti|Italian|vinegar,https://res.cloudinary.com/nigittriple/image/upload/v1776610732/claude/aceto-di-vino-rosso-031215.jpg,1000g,12,Italy,1,,,,,,,"Store in a cool, dry place. Once opened, refrigerate and use within 3?4 days.",,,,,,,,,,,[]
WHITE WINE VINEGAR 1L,aceto-di-vino-bianco,SADX-ACEDI-771261,8001010031017.00,description,Premium Italian Vinegar ? Aceto Di Vino Bianco.,3900,,,15,5,69e5aa4340cdaab22a0a1af8,69e5aa8540cdaab22a0a1b2c,ACTIVE,,,,sauce|ponti|Italian|vinegar,https://res.cloudinary.com/nigittriple/image/upload/v1776610720/claude/aceto-di-vino-bianco-031017.jpg,1000g,12,Italy,1,,,,,,,"Store in a cool, dry place. Once opened, refrigerate and use within 3?4 days.",,,,,,,,,,,[]
Boiled Chickpeas,boiled-chickpeas,CFXX-BOICHI-433916,8001737114055.00,description,Boiled Chickpeas ? quality preserved food for your pantry.,2290,,,24,5,69e5aa4440cdaab22a0a1af9,69e5aa8b40cdaab22a0a1b31,ACTIVE,,,,canned food|fiammante,https://res.cloudinary.com/nigittriple/image/upload/v1776610712/claude/boiled-chickpeas-114055.jpg,400g,,Italy,0.4,,,,,,,"Store in a cool, dry place. Once opened, transfer to a non-metallic container and refrigerate. Use within 2 days.",,,,,,,,,,,[]
Peperoni & Eggplant,peperoni-melanzane,SADX-PEP&-475793,15092621020,description,Premium Italian Sauce ? Peperoni & Melanzane.,20000,,,2,5,69e5aa4340cdaab22a0a1af8,69e5aa8240cdaab22a0a1b2a,ACTIVE,,,,sauce|agricola samperi|Italian|sauce,https://res.cloudinary.com/nigittriple/image/upload/v1776610704/claude/peperoni-melanzane-621020.jpg,190g,12,Italy,0.19,,,,,,,"Store in a cool, dry place. Once opened, refrigerate and use within 3?4 days.",,,,,,,,,,,[]
Champignon Mushrooms,champignon-mushrooms,CFXX-CHAMUS-389275,8004460000084.00,description,Champignon Mushrooms ? quality preserved food for your pantry.,5700,,,24,5,69e5aa4440cdaab22a0a1af9,69e5aa8740cdaab22a0a1b2e,ACTIVE,,,,canned food|damico|canned vegetable,https://res.cloudinary.com/nigittriple/image/upload/v1776610698/claude/champignon-mushrooms-000084.jpg,180g,,Italy,0.18,,,,,,,"Store in a cool, dry place. Once opened, transfer to a non-metallic container and refrigerate. Use within 2 days.",,,,,,,,,,,[]
Pomodori Secchi,pomodori-secchi,SADX-POMSEC-336571,15092621030,description,Premium Italian Sauce ? Pomodori Secchi.,20000,,,2,5,69e5aa4340cdaab22a0a1af8,69e5aa8240cdaab22a0a1b2a,ACTIVE,,,,sauce|agricola samperi|Italian|sauce,https://res.cloudinary.com/nigittriple/image/upload/v1776610689/claude/pomodori-secchi-621030.jpg,190g,12,Italy,0.19,,,,,,,"Store in a cool, dry place. Once opened, refrigerate and use within 3?4 days.",,,,,,,,,,,[]
Olive Verdi,olive-verdi,SADX-OLIVER-263345,15092621000,description,Premium Italian Sauce ? Olive Verdi.,20000,,,5,5,69e5aa4340cdaab22a0a1af8,69e5aa8240cdaab22a0a1b2a,ACTIVE,,,,sauce|agricola samperi|Italian|sauce,https://res.cloudinary.com/nigittriple/image/upload/v1776610682/claude/olive-verdi-621000.jpg,190g,12,Italy,0.19,,,,,,,"Store in a cool, dry place. Once opened, refrigerate and use within 3?4 days.",,,,,,,,,,,[]
Solid Yellowfin Tuna in Olive Oil,solid-yellowfin-tuna-in-olive-oil,CFXX-SOLYEL-761246,8004320000148.00,description,Solid Yellowfin Tuna in Olive Oil ? quality preserved food for your pantry.,7200,,,7,5,69e5aa4440cdaab22a0a1af9,69e5aa8a40cdaab22a0a1b30,ACTIVE,,,,canned food|amati|canned seafood,https://res.cloudinary.com/nigittriple/image/upload/v1776610674/claude/solid-yellowfin-tuna-in-olive-oil-000148.jpg,160g,,Italy,0.16,,,,,,,"Store in a cool, dry place. Once opened, transfer to a non-metallic container and refrigerate. Use within 2 days.",,,,,,,,,,,[]
Finocchetto Selvatico,finocchetto-selvatico,SADX-FINSEL-313738,15092621040,description,Premium Italian Sauce ? Finocchetto Selvatico.,20000,,,1,5,69e5aa4340cdaab22a0a1af8,69e5aa8240cdaab22a0a1b2a,ACTIVE,,,,sauce|agricola samperi|Italian|sauce,https://drive.google.com/open?id=10sJnhuzCQUw6q9EkbPWwKiDfx4ypnn44,190g,12,Italy,0.19,,,,,,,"Store in a cool, dry place. Once opened, refrigerate and use within 3?4 days.",,,,,,,,,,,[]
Pickled Wild Cucumber,pickled-wild-cucumber,VPAF-PICWIL-631794,9666557740595.00,description,"Pickled Wild Cucumber ? premium Italian preserved vegetable, ideal as antipasto or cooking ingredient.",4250,,,7,5,69e5aa4740cdaab22a0a1afb,69e5aa8840cdaab22a0a1b2f,ACTIVE,,,,preserved vegetables|antipasto|Italian|Ristoris|pickled vegetables,https://drive.google.com/open?id=1gyRUCb4kyCjAUzqwj9oBGUbqtGco1-sI,600g,6,Italy,0.6,,,,,,,"Store in a cool, dry place. Refrigerate after opening and use within 3 days.",,,,,,,,,,,[]
Finocchetto & Sarde,finocchetto-sarde,SADX-FIN&-479880,15092621010,description,Premium Italian Sauce ? Finocchetto & Sarde.,20000,,,0,5,69e5aa4340cdaab22a0a1af8,69e5aa8240cdaab22a0a1b2a,ACTIVE,,,,sauce|agricola samperi|Italian|sauce,https://res.cloudinary.com/nigittriple/image/upload/v1776610384/claude/finocchetto-sarde-621010.jpg,190g,12,Italy,0.19,,,,,,,"Store in a cool, dry place. Once opened, refrigerate and use within 3?4 days.",,,,,,,,,,,[]
Pickled Cucumber,pickled-cucumber,VPAF-PICCUC-677837,9785465897860.00,description,"Pickled Cucumber ? premium Italian preserved vegetable, ideal as antipasto or cooking ingredient.",4500,,,1,5,69e5aa4740cdaab22a0a1afb,69e5aa8840cdaab22a0a1b2f,ACTIVE,,,,preserved vegetables|antipasto|Italian|Ristoris|pickled vegetables,https://res.cloudinary.com/nigittriple/image/upload/v1776610371/claude/pickled-cucumber-897860.jpg,600g,6,Italy,0.6,,,,,,,"Store in a cool, dry place. Refrigerate after opening and use within 3 days.",,,,,,,,,,,[]
Fantasy Mushroom Mix,fantasy-mushroom-mix,CFXX-FANMUS-951688,8005695001648.00,description,Fantasy Mushroom Mix ? quality preserved food for your pantry.,13000,,,12,5,69e5aa4440cdaab22a0a1af9,69e5aa8740cdaab22a0a1b2e,ACTIVE,,,,canned food|damico|canned vegetables,https://res.cloudinary.com/nigittriple/image/upload/v1776610361/claude/fantasy-mushroom-mix-001648.jpg,470g,,Italy,0.47,,,,,,,"Store in a cool, dry place. Once opened, transfer to a non-metallic container and refrigerate. Use within 2 days.",,,,,,,,,,,[]
Garden Vegetables mix in wine Vinegar,garden-vegetables-mix-in-wine-vinegar,VPAF-GARVEG-900522,8005695006018.00,description,"Garden Vegetables mix in wine Vinegar ? premium Italian preserved vegetable, ideal as antipasto or cooking ingredient.",4400,,,8,5,69e5aa4740cdaab22a0a1afb,69e5aa8740cdaab22a0a1b2e,ACTIVE,,,,preserved vegetables|antipasto|Italian|Ristoris|pickled vegetables,https://res.cloudinary.com/nigittriple/image/upload/v1776610349/claude/garden-vegetables-mix-in-wine-vinegar-006018.jpg,300g,6,Italy,0.3,,,,,,,"Store in a cool, dry place. Refrigerate after opening and use within 3 days.",,,,,,,,,,,[]
Zucchini In Oil With Capers,zucchini-in-oil-with-capers,CFXX-ZUCIN-273313,80646471,description,Zucchini In Oil With Capers ? quality preserved food for your pantry.,10450,,,4,5,69e5aa4440cdaab22a0a1af9,69e5aa8740cdaab22a0a1b2e,ACTIVE,,,,canned food|damico|canned vegetable,https://res.cloudinary.com/nigittriple/image/upload/v1776610339/claude/zucchini-in-oil-with-capers-646471.jpg,280g,,Italy,0.28,,,,,,,"Store in a cool, dry place. Once opened, transfer to a non-metallic container and refrigerate. Use within 2 days.",,,,,,,,,,,[]
Boiled Poplar Mushrooms,boiled-poplar-mushrooms,CFXX-BOIPOP-501212,8005695001815.00,description,Boiled Poplar Mushrooms ? quality preserved food for your pantry.,11500,,,4,5,69e5aa4440cdaab22a0a1af9,69e5aa8740cdaab22a0a1b2e,ACTIVE,,,,canned food|damico|canned vegetables,https://res.cloudinary.com/nigittriple/image/upload/v1776610325/claude/boiled-poplar-mushrooms-001815.jpg,470g,,Italy,0.47,,,,,,,"Store in a cool, dry place. Once opened, transfer to a non-metallic container and refrigerate. Use within 2 days.",,,,,,,,,,,[]
Vegetables for Appitezier in Oil,vegetables-for-appitezier-in-oil,CFXX-VEGFOR-958105,8015721044242.00,description,Vegetables for Appitezier in Oil ? quality preserved food for your pantry.,6500,,,4,5,69e5aa4440cdaab22a0a1af9,69e5aa8640cdaab22a0a1b2d,ACTIVE,,,,canned food|artigiana|canned vegetables,https://res.cloudinary.com/nigittriple/image/upload/v1776610310/claude/vegetables-for-appitezier-in-oil-044242.jpg,280g,,Italy,0.28,,,,,,,"Store in a cool, dry place. Once opened, transfer to a non-metallic container and refrigerate. Use within 2 days.",,,,,,,,,,,[]
Dried Tomatoes In Oil,dried-tomatoes-in-oil,CFXX-DRITOM-681091,8015721000910.00,description,Dried Tomatoes In Oil ? quality preserved food for your pantry.,7500,,,13,5,69e5aa4440cdaab22a0a1af9,69e5aa8640cdaab22a0a1b2d,ACTIVE,,,,canned food|artigiana|canned vegetables,https://res.cloudinary.com/nigittriple/image/upload/v1776610293/claude/dried-tomatoes-in-oil-000910.jpg,280g,,Italy,0.28,,,,,,,"Store in a cool, dry place. Once opened, transfer to a non-metallic container and refrigerate. Use within 2 days.",,,,,,,,,,,[]
Red Chilli Stuffed Tuna in Oil,red-chilli-stuffed-tuna-in-oil,VPAF-REDCHI-202591,8015721003003.00,description,"Red Chilli Stuffed Tuna in Oil ? premium Italian preserved vegetable, ideal as antipasto or cooking ingredient.",19000,,,8,5,69e5aa4740cdaab22a0a1afb,69e5aa8640cdaab22a0a1b2d,ACTIVE,,,,preserved vegetables|antipasto|Italian|Ristoris,https://res.cloudinary.com/nigittriple/image/upload/v1776610281/claude/red-chilli-stuffed-tuna-in-oil-003003.jpg,520g,6,Italy,0.52,,,,,,,"Store in a cool, dry place. Refrigerate after opening and use within 3 days.",,,,,,,,,,,[]
Eggplant in Sunflower Oil,eggplant-in-sunflower-oil,VPAF-EGGIN-442360,8015721003317.00,description,"Eggplant in Sunflower Oil ? premium Italian preserved vegetable, ideal as antipasto or cooking ingredient.",15000,,,6,5,69e5aa4740cdaab22a0a1afb,69e5aa8640cdaab22a0a1b2d,ACTIVE,,,,preserved vegetables|antipasto|Italian|Ristoris|pickled vegetables,https://res.cloudinary.com/nigittriple/image/upload/v1776610267/claude/eggplant-in-sunflower-oil-003317.jpg,540g,6,Italy,0.54,,,,,,,"Store in a cool, dry place. Refrigerate after opening and use within 3 days.",,,,,,,,,,,[]
Vegetables Appetiser in Sunflower Oil,vegetables-appetiser-in-sunflower-oil,VPAF-VEGAPP-606866,8007830104030.00,description,"Vegetables Appetiser in Sunflower Oil ? premium Italian preserved vegetable, ideal as antipasto or cooking ingredient.",5500,,,4,5,69e5aa4740cdaab22a0a1afb,69e5aa8440cdaab22a0a1b2b,ACTIVE,,,,preserved vegetables|antipasto|Italian|Ristoris|pickled vegetable,https://res.cloudinary.com/nigittriple/image/upload/v1776610244/claude/vegetables-appetiser-in-sunflower-oil-104030.jpg,285g,6,Italy,0.285,,,,,,,"Store in a cool, dry place. Refrigerate after opening and use within 3 days.",,,,,,,,,,,[]
Taggiache Pitted Olives in extra Virgin Oil,taggiache-pitted-olives-in-extra-virgin-oil,CFXX-TAGPIT-778349,8056515241683.00,description,"Ristoris Taggiache Pitted Olives in extra Virgin Oil ? premium Italian canned food product, ready to serve.",31500,,,3,5,69e5aa4440cdaab22a0a1af9,69e5aa7f40cdaab22a0a1b27,ACTIVE,,,,canned food|Ristoris|Italian|pickled olives,https://res.cloudinary.com/nigittriple/image/upload/v1776610233/claude/taggiache-pitted-olives-in-extra-virgin-oil-241683.jpg,900g,6,Italy,0.9,,,,,,,"Store in a cool, dry place. Once opened, transfer to a non-metallic container and refrigerate. Use within 2 days.",,,,,,,,,,,[]
Saffron Powder,saffron-powder,SSXX-SAFPOW-791928,8056515247241,"Saffron Powder by Ristoris is a high-quality seasoning or spice product available at NigiTriple Supermarket. Perfect for enhancing soups, stews, grilled meats, and everyday cooking.",Saffron Powder ? premium quality spice/seasoning for authentic flavour in every dish.,1600,,,75,5,69e5aa4840cdaab22a0a1afc,69e5aa7f40cdaab22a0a1b27,ACTIVE,,,,spice|seasoning|ristoris,https://res.cloudinary.com/nigittriple/image/upload/v1776610223/claude/saffron-powder-247241.jpg,0.125g,12,Italy,0.000125,,,,,,,"Store in a cool, dry place away from direct light and heat. Keep sealed.",,,,,,,,,,,[]
Semi Dried Red Cherry Tomatoes in Oil,semi-dried-red-cherry-tomatoes-in-oil,VPAF-SEMDRI-210279,8056515240310,Semi Dried Red Cherry Tomatoes in Oil is a premium quality Italian preserved product by Ristoris. Made from carefully selected ingredients and preserved in quality oil or brine to lock in flavour and freshness.,"Semi Dried Red Cherry Tomatoes in Oil ? premium Italian preserved vegetable, ideal as antipasto or cooking ingredient.",22600,,,4,5,69e5aa4740cdaab22a0a1afb,69e5aa7f40cdaab22a0a1b27,ACTIVE,,,,preserved vegetables|antipasto|Italian|Ristoris|canned vegetables,https://res.cloudinary.com/nigittriple/image/upload/v1776610213/claude/semi-dried-red-cherry-tomatoes-in-oil-240310.jpg,750g,6,Italy,0.75,,,,,,,"Store in a cool, dry place. Refrigerate after opening and use within 3 days.",,,,,,,,,,,[]
Sweet And Sour Yellow Pepper Drops,sweet-and-sour-yellow-pepper-drops,VPAF-SWEAND-874921,8056515243991,Sweet And Sour Yellow Pepper Drops is a premium quality Italian preserved product by Ristoris. Made from carefully selected ingredients and preserved in quality oil or brine to lock in flavour and freshness.,"Sweet And Sour Yellow Pepper Drops ? premium Italian preserved vegetable, ideal as antipasto or cooking ingredient.",23000,,,3,5,69e5aa4740cdaab22a0a1afb,69e5aa7f40cdaab22a0a1b27,ACTIVE,,,,preserved vegetables|antipasto|Italian|Ristoris|canned vegetables,https://res.cloudinary.com/nigittriple/image/upload/v1776610202/claude/sweet-and-sour-yellow-pepper-drops-243991.jpg,793g,6,Italy,0.793,,,,,,,"Store in a cool, dry place. Refrigerate after opening and use within 3 days.",,,,,,,,,,,[]
Sauteed Pleurotus Mushrooms in oil,sauteed-pleurotus-mushrooms-in-oil,CFXX-SAUPLE-300500,8056515245988,"Ristoris Whole Boletus Mushrooms (Porcini) are carefully selected Italian wild mushrooms preserved at peak freshness. Rich, earthy, and deeply flavoured. Ideal for pasta, risotto, soups, and meat dishes.","Ristoris Whole Boletus Mushrooms ? premium Italian wild mushrooms canned in brine, perfect for pasta and risotto.",18550,,,6,5,69e5aa4440cdaab22a0a1af9,69e5aa7f40cdaab22a0a1b27,ACTIVE,,,,canned mushrooms|porcini|boletus|Ristoris|Italian|wild mushrooms,https://res.cloudinary.com/nigittriple/image/upload/v1776610189/claude/sauteed-pleurotus-mushrooms-in-oil-245988.jpg,800g,6,Italy,0.8,,,,,,,"Store in a cool, dry place. Once opened, transfer to a non-metallic container and refrigerate. Use within 2 days.",,,,,,,,,,,[]
Semi Dried Yellow Cherry Tomatoes in Oil,semi-dried-yellow-cherry-tomatoes-in-oil,VPAF-SEMDRI-904954,8056515240303,Semi Dried Yellow Cherry Tomatoes in Oil is a premium quality Italian preserved product by Ristoris. Made from carefully selected ingredients and preserved in quality oil or brine to lock in flavour and freshness.,"Semi Dried Yellow Cherry Tomatoes in Oil ? premium Italian preserved vegetable, ideal as antipasto or cooking ingredient.",22600,,,5,5,69e5aa4740cdaab22a0a1afb,69e5aa7f40cdaab22a0a1b27,ACTIVE,,,,preserved vegetables|antipasto|Italian|Ristoris|canned vegetable,https://res.cloudinary.com/nigittriple/image/upload/v1776610179/claude/semi-dried-yellow-cherry-tomatoes-in-oil-240303.jpg,750g,6,Italy,0.75,,,,,,,"Store in a cool, dry place. Refrigerate after opening and use within 3 days.",,,,,,,,,,,[]
Semi-Dried Long Tomatoes in Oil,semi-dried-long-tomatoes-in-oil,CFXX-SEMLON-616884,8056515240365,Ristoris Semi-Dried Long Tomatoes in Oil is a high-quality Italian preserved food product made with natural ingredients and no artificial additives.,"Ristoris Semi-Dried Long Tomatoes in Oil ? premium Italian canned food product, ready to serve.",22600,,,6,5,69e5aa4440cdaab22a0a1af9,69e5aa7f40cdaab22a0a1b27,ACTIVE,,,,canned food|Ristoris|Italian|canned vegetables,https://res.cloudinary.com/nigittriple/image/upload/v1776610168/claude/semi-dried-long-tomatoes-in-oil-240365.jpg,750g,6,Italy,0.75,,,,,,,"Store in a cool, dry place. Once opened, transfer to a non-metallic container and refrigerate. Use within 2 days.",,,,,,,,,,,[]
Grilled Eggplant Slices,grilled-eggplant-slices,CFXX-GRIEGG-242113,8056515241539,Ristoris Grilled Eggplant Slices is a high-quality Italian preserved food product made with natural ingredients and no artificial additives.,"Ristoris Grilled Eggplant Slices ? premium Italian canned food product, ready to serve.",14600,,,4,5,69e5aa4440cdaab22a0a1af9,69e5aa7f40cdaab22a0a1b27,ACTIVE,,,,canned food|Ristoris|Italian|canned vegetables,https://res.cloudinary.com/nigittriple/image/upload/v1776610157/claude/grilled-eggplant-slices-241539.jpg,750g,6,Italy,0.75,,,,,,,"Store in a cool, dry place. Once opened, transfer to a non-metallic container and refrigerate. Use within 2 days.",,,,,,,,,,,[]
Pesto Genoese Style Sauce,pesto-genoese-style-sauce,SADX-PESGEN-546003,8056515242482,"Ristoris Pistachio Sauce is made from premium Sicilian pistachios ground into a rich, velvety cream. Exceptional with short pasta such as rigatoni or as a topping on bruschetta and croutons.","Ristoris Pistachio Sauce ? luxurious Sicilian pistachio cream sauce, perfect over pasta or bruschetta.",15500,,,8,5,69e5aa4340cdaab22a0a1af8,69e5aa7f40cdaab22a0a1b27,ACTIVE,,,,pesto|pistachio sauce|Ristoris|Italian|nut sauce,https://res.cloudinary.com/nigittriple/image/upload/v1776610147/claude/pesto-genoese-style-sauce-242482.jpg,800g,6,Italy,0.8,,,,,,,"Store in a cool, dry place. Once opened, refrigerate and use within 3–4 days.",,Tree Nuts,,,,,,,,,[]
Sweet and Sour Red Pepper Drops,sweet-and-sour-red-pepper-drops,CFXX-SWEAND-384370,8056515243984,"Ristoris Sweet and Sour Red Pepper Drops are carefully grilled and preserved Italian vegetables in quality olive oil. Ready to serve as antipasto, sandwich filling, pizza topping, or pasta addition.",Ristoris Sweet and Sour Red Pepper Drops ? premium Italian grilled vegetables preserved in oil.,23000,,,0,5,69e5aa4440cdaab22a0a1af9,69e5aa7f40cdaab22a0a1b27,ACTIVE,,,,grilled vegetables|antipasto|canned vegetables|Ristoris|Italian,https://res.cloudinary.com/nigittriple/image/upload/v1776610136/claude/sweet-and-sour-red-pepper-drops-243984.jpg,793g,6,Italy,0.793,,,,,,,"Store in a cool, dry place. Once opened, transfer to a non-metallic container and refrigerate. Use within 2 days.",,,,,,,,,,,[]
Aceto Balsamico Di Modena,aceto-balsamico-di-modena,SADX-ACEBAL-231373,80228486,Aceto Balsamico Di Modena is a premium quality sauce available at NigiTriple Supermarket.,Premium Italian Vinegar ? Aceto Balsamico Di Modena.,9300,,,2,5,69e5aa4340cdaab22a0a1af8,69e5aa8540cdaab22a0a1b2c,ACTIVE,,,,sauce|ponti|Italian|vinegar,https://res.cloudinary.com/nigittriple/image/upload/v1776610125/claude/aceto-balsamico-di-modena-228486.jpg,486g,12,Italy,0.486,,,,,,,"Store in a cool, dry place. Once opened, refrigerate and use within 3–4 days.",,,,,,,,,,,[]
Capers in Sunflower oil,capers-in-sunflower-oil,VPAF-CAPIN-449287,8007830204044,Capers in Sunflower oil is a premium quality Italian preserved product by Ristoris. Made from carefully selected ingredients and preserved in quality oil or brine to lock in flavour and freshness.,"Capers in Sunflower oil ? premium Italian preserved vegetable, ideal as antipasto or cooking ingredient.",5000,,,3,5,69e5aa4740cdaab22a0a1afb,69e5aa8440cdaab22a0a1b2b,ACTIVE,,,,preserved vegetables|antipasto|Italian|Ristoris|pickled vegetable,https://res.cloudinary.com/nigittriple/image/upload/v1776610116/claude/capers-in-sunflower-oil-204044.jpg,180g,6,Italy,0.18,,,,,,,"Store in a cool, dry place. Refrigerate after opening and use within 3 days.",,,,,,,,,,,[]
Kalmon Greek olives In brine,kalmon-greek-olives-in-brine,CFXX-KALGRE-446123,8007830305031,Kalmon Greek olives In brine is available at NigiTriple Supermarket Port Harcourt.,Kalmon Greek olives In brine ? quality preserved food for your pantry.,3740,,,1,5,69e5aa4440cdaab22a0a1af9,69e5aa8440cdaab22a0a1b2b,ACTIVE,,,,canned food|neri|pickled olives,https://res.cloudinary.com/nigittriple/image/upload/v1776610103/claude/kalmon-greek-olives-in-brine-305031.jpg,300g,,Italy,0.3,,,,,,,"Store in a cool, dry place. Once opened, transfer to a non-metallic container and refrigerate. Use within 2 days.",,,,,,,,,,,[]
Mix Beans Marinated with Mushrooms,mix-beans-marinated-with-mushrooms,VPAF-MIXBEA-569275,8007830129033,Mix Beans Marinated with Mushrooms is a premium quality Italian preserved product by Ristoris. Made from carefully selected ingredients and preserved in quality oil or brine to lock in flavour and freshness.,"Mix Beans Marinated with Mushrooms ? premium Italian preserved vegetable, ideal as antipasto or cooking ingredient.",4200,,,4,5,69e5aa4740cdaab22a0a1afb,69e5aa8440cdaab22a0a1b2b,ACTIVE,,,,preserved vegetables|antipasto|Italian|Ristoris|pickled vegetables,https://res.cloudinary.com/nigittriple/image/upload/v1776610092/claude/mix-beans-marinated-with-mushrooms-129033.jpg,300g,6,Italy,0.3,,,,,,,"Store in a cool, dry place. Refrigerate after opening and use within 3 days.",,,,,,,,,,,[]
Cunzari Peperoncino,cunzari-peperoncino,OXXX-CUNPEP-757913,23092500211,"Agricola Samperi Cunzari is a single-origin Sicilian extra virgin olive oil, cold-pressed from hand-picked olives. Fruity, slightly bitter with a peppery finish ? a hallmark of quality Sicilian EVOO.","Agricola Samperi Cunzari ? premium cold-pressed Sicilian extra virgin olive oil with a rich, fruity character.",10600,,,6,5,69e5aa4540cdaab22a0a1afa,69e5aa8240cdaab22a0a1b2a,ACTIVE,,,,olive oil|EVOO|Agricola Samperi|Sicilian|cold pressed,https://res.cloudinary.com/nigittriple/image/upload/v1776610082/claude/cunzari-peperoncino-500211.jpg,100ml,6,Italy,0.1,,,,,,,"Store in a cool, dark place away from heat and direct sunlight. Keep sealed.",100% Sicilian extra virgin olive oil,,,,,,,,,,[]
Pepper Filled Tuna in Oil,pepper-filled-tuna-in-oil,VPAF-PEPFIL-455344,8007830166014,Pepper Filled Tuna in Oil is a premium quality Italian preserved product by Ristoris. Made from carefully selected ingredients and preserved in quality oil or brine to lock in flavour and freshness.,"Pepper Filled Tuna in Oil ? premium Italian preserved vegetable, ideal as antipasto or cooking ingredient.",7780,,,1,5,69e5aa4740cdaab22a0a1afb,69e5aa8440cdaab22a0a1b2b,ACTIVE,,,,preserved vegetables|antipasto|Italian|Ristoris|pickled vegetables,"https://res.cloudinary.com/nigittriple/image/upload/v1776610063/claude/pepper-filled-tuna-in-oil-166014.jpg, https://res.cloudinary.com/nigittriple/image/upload/v1776610073/claude/pepper-filled-tuna-in-oil-166014-2.jpg",190g,6,Italy,0.19,,,,,,,"Store in a cool, dry place. Refrigerate after opening and use within 3 days.",,,,,,,,,,,[]
Cunzari Rosmarino,cunzari-rosmarino-1wx6,OXXX-CUNROS-689493,23092500219,"Agricola Samperi Cunzari Rosmarino is a hand-crafted Sicilian extra virgin olive oil gently infused with fresh rosemary. Ideal for grilling, roasting meats and vegetables, or as a fragrant bread dip.",Agricola Samperi Cunzari Rosemary ? premium Sicilian extra virgin olive oil infused with fresh rosemary.,10600,,,2,5,69e5aa4540cdaab22a0a1afa,69e5aa8240cdaab22a0a1b2a,ACTIVE,,,,olive oil|EVOO|rosemary oil|Agricola Samperi|Sicilian|infused oil,https://res.cloudinary.com/nigittriple/image/upload/v1776610054/claude/cunzari-rosmarino-500219.jpg,100ml,6,Italy,0.1,,,,,,,"Store in a cool, dark place away from heat and direct sunlight. Keep sealed.","Extra virgin olive oil, rosemary (Rosmarinus officinalis)",,,,,,,,,,[]
Capers for Appitezier,capers-for-appitezier,VPAF-CAPFOR-223158,8007830200046,Capers for Appitezier is a premium quality Italian preserved product by Ristoris. Made from carefully selected ingredients and preserved in quality oil or brine to lock in flavour and freshness.,"Capers for Appitezier ? premium Italian preserved vegetable, ideal as antipasto or cooking ingredient.",5000,,,9,5,69e5aa4740cdaab22a0a1afb,69e5aa8440cdaab22a0a1b2b,ACTIVE,,,,preserved vegetables|antipasto|Italian|Ristoris|pickled vegetables,"https://res.cloudinary.com/nigittriple/image/upload/v1776610033/claude/capers-for-appitezier-200046.jpg, https://res.cloudinary.com/nigittriple/image/upload/v1776610046/claude/capers-for-appitezier-200046-2.jpg",200g,6,Italy,0.2,,,,,,,"Store in a cool, dry place. Refrigerate after opening and use within 3 days.",,,,,,,,,,,[]
Cunzari Arancia,cunzari-arancia-zowz,OXXX-CUNARA-829899,23092500222,description,Agricola Samperi Cunzari Orange ? Sicilian extra virgin olive oil delicately infused with orange zest.,10600,,,4,5,69e5aa4540cdaab22a0a1afa,69e5aa8240cdaab22a0a1b2a,ACTIVE,,,,olive oil|EVOO|orange oil|Agricola Samperi|Sicilian,https://res.cloudinary.com/nigittriple/image/upload/v1776610022/claude/cunzari-arancia-500222.jpg,100ml,6,Italy,0.1,,,,,,,"Store in a cool, dark place away from heat and direct sunlight. Keep sealed.","Extra virgin olive oil, orange zest",,,,,,,,,,[]
Cunzari Aglio & Peperoncino,cunzari-aglio-peperoncino,OXXX-CUNAGL-488459,23092500220,description,"Agricola Samperi Cunzari ? premium cold-pressed Sicilian extra virgin olive oil with a rich, fruity character.",10600,,,3,5,69e5aa4540cdaab22a0a1afa,69e5aa8240cdaab22a0a1b2a,ACTIVE,,,,olive oil|EVOO|Agricola Samperi|Sicilian|cold pressed,https://res.cloudinary.com/nigittriple/image/upload/v1776610014/claude/cunzari-aglio-peperoncino-500220.jpg,100ml,6,Italy,0.1,,,,,,,"Store in a cool, dark place away from heat and direct sunlight. Keep sealed.",100% Sicilian extra virgin olive oil,,,,,,,,,,[]
Marinated Garlic in Sunflower Oil,marinated-garlic-in-sunflower-oil,VPAF-MARGAR-406148,8007830128043,Marinated Garlic in Sunflower Oil is a premium quality Italian preserved product by Ristoris. Made from carefully selected ingredients and preserved in quality oil or brine to lock in flavour and freshness.,"Marinated Garlic in Sunflower Oil ? premium Italian preserved vegetable, ideal as antipasto or cooking ingredient.",4000,,,4,5,69e5aa4740cdaab22a0a1afb,69e5aa8440cdaab22a0a1b2b,ACTIVE,,,,preserved vegetables|antipasto|Italian|Ristoris|pickled vegetables,https://res.cloudinary.com/nigittriple/image/upload/v1776610005/claude/marinated-garlic-in-sunflower-oil-128043.jpg,190g,6,Italy,0.19,,,,,,,"Store in a cool, dry place. Refrigerate after opening and use within 3 days.",,,,,,,,,,,[]
Vegetables Julienne in sweet and sour,vegetables-julienne-in-sweet-and-sour,VPAF-VEGJUL-901547,8007830303037,Vegetables Julienne in sweet and sour is a premium quality Italian preserved product by Ristoris. Made from carefully selected ingredients and preserved in quality oil or brine to lock in flavour and freshness.,"Vegetables Julienne in sweet and sour ? premium Italian preserved vegetable, ideal as antipasto or cooking ingredient.",3000,,,3,5,69e5aa4740cdaab22a0a1afb,69e5aa8440cdaab22a0a1b2b,ACTIVE,,,,preserved vegetables|antipasto|Italian|Ristoris|pickled vegetables,https://res.cloudinary.com/nigittriple/image/upload/v1776609995/claude/vegetables-julienne-in-sweet-and-sour-303037.jpg,300g,6,Italy,0.3,,,,,,,"Store in a cool, dry place. Refrigerate after opening and use within 3 days.",,,,,,,,,,,[]
Cunzari Limone,cunzari-limone-5bwu,OXXX-CUNLIM-658931,23092500224,description,Agricola Samperi Cunzari Lemon ? Sicilian extra virgin olive oil with natural lemon zest.,10600,,,6,5,69e5aa4540cdaab22a0a1afa,69e5aa8240cdaab22a0a1b2a,ACTIVE,,,,olive oil|EVOO|lemon oil|Agricola Samperi|Sicilian,https://res.cloudinary.com/nigittriple/image/upload/v1776609985/claude/cunzari-limone-500224.jpg,100ml,6,Italy,0.1,,,,,,,"Store in a cool, dark place away from heat and direct sunlight. Keep sealed.","Extra virgin olive oil, lemon zest",,,,,,,,,,[]
Cunzari Basilico,cunzari-basilico-mdmx,OXXX-CUNBAS-191880,23092500215,description,"Agricola Samperi Cunzari ? premium cold-pressed Sicilian extra virgin olive oil with a rich, fruity character.",10600,,,4,5,69e5aa4540cdaab22a0a1afa,69e5aa8240cdaab22a0a1b2a,ACTIVE,,,,olive oil|EVOO|Agricola Samperi|Sicilian|cold pressed,https://res.cloudinary.com/nigittriple/image/upload/v1776609976/claude/cunzari-basilico-500215.jpg,100ml,6,Italy,0.1,,,,,,,"Store in a cool, dark place away from heat and direct sunlight. Keep sealed.",100% Sicilian extra virgin olive oil,,,,,,,,,,[]
Cunzari Basilico,cunzari-basilico,OXXX-CUNBAS-657834,23092500213,description,"Agricola Samperi Cunzari ? premium cold-pressed Sicilian extra virgin olive oil with a rich, fruity character.",23700,,,4,5,69e5aa4540cdaab22a0a1afa,69e5aa8240cdaab22a0a1b2a,ACTIVE,,,,olive oil|EVOO|Agricola Samperi|Sicilian|cold pressed,https://res.cloudinary.com/nigittriple/image/upload/v1776609967/claude/cunzari-basilico-500213.jpg,250ml,6,Italy,0.25,,,,,,,"Store in a cool, dark place away from heat and direct sunlight. Keep sealed.",100% Sicilian extra virgin olive oil,,,,,,,,,,[]
Giant Green Olive,giant-green-olive,CFXX-GIAGRE-437513,8007830339036.00,description,Giant Green Olive ? quality preserved food for your pantry.,4000,,,3,5,69e5aa4440cdaab22a0a1af9,69e5aa8440cdaab22a0a1b2b,ACTIVE,,,,canned food|neri|pickled olives,https://res.cloudinary.com/nigittriple/image/upload/v1776609957/claude/giant-green-olive-339036.jpg,310g,,Italy,0.31,,,,,,,"Store in a cool, dry place. Once opened, transfer to a non-metallic container and refrigerate. Use within 2 days.",,,,,,,,,,,[]
Cunzari Arancia,cunzari-arancia,OXXX-CUNARA-364517,23092500223,description,Agricola Samperi Cunzari Orange ? Sicilian extra virgin olive oil delicately infused with orange zest.,23700,,,3,5,69e5aa4540cdaab22a0a1afa,69e5aa8240cdaab22a0a1b2a,ACTIVE,,,,olive oil|EVOO|orange oil|Agricola Samperi|Sicilian,https://res.cloudinary.com/nigittriple/image/upload/v1776609947/claude/cunzari-arancia-500223.jpg,250ml,6,Italy,0.25,,,,,,,"Store in a cool, dark place away from heat and direct sunlight. Keep sealed.","Extra virgin olive oil, orange zest",,,,,,,,,,[]
Cunzari Limone,cunzari-limone,OXXX-CUNLIM-109125,23092500218,description,Agricola Samperi Cunzari Lemon ? Sicilian extra virgin olive oil with natural lemon zest.,23700,,,2,5,69e5aa4540cdaab22a0a1afa,69e5aa8240cdaab22a0a1b2a,ACTIVE,,,,olive oil|EVOO|lemon oil|Agricola Samperi|Sicilian,https://res.cloudinary.com/nigittriple/image/upload/v1776609939/claude/cunzari-limone-500218.jpg,250ml,6,Italy,0.25,,,,,,,"Store in a cool, dark place away from heat and direct sunlight. Keep sealed.","Extra virgin olive oil, lemon zest",,,,,,,,,,[]
Polenta Precooked Corn Flour,polenta-precooked-corn-flour,FXXX-POLPRE-268189,8056515240570,"Ristoris Precooked Polenta Flour (Farina di Mais) is pre-cooked for quick preparation. Simply add to boiling salted water for a creamy, hearty polenta in minutes. Serve as a side with meat stews, cheese, or mushrooms.","Ristoris Precooked Polenta Corn Flour ? instant polenta ready in minutes, traditional Italian comfort food.",4200,,,32,5,69e5aa4240cdaab22a0a1af7,69e5aa7f40cdaab22a0a1b27,ACTIVE,,,,polenta|corn flour|gluten free|Italian|Ristoris,https://res.cloudinary.com/nigittriple/image/upload/v1776609930/claude/polenta-precooked-corn-flour-240570.jpg,1kg,10,Italy,0.5,,,,,,,"Store in a cool, dry place. Keep sealed to avoid moisture and pests.",Precooked yellow corn flour (polenta),,,,,,,,,,[]
Cunzari Rosmarino,cunzari-rosmarino,OXXX-CUNROS-874268,23092500221,description,Agricola Samperi Cunzari Rosemary ? premium Sicilian extra virgin olive oil infused with fresh rosemary.,23700,,,5,5,69e5aa4540cdaab22a0a1afa,69e5aa8240cdaab22a0a1b2a,ACTIVE,,,,olive oil|EVOO|rosemary oil|Agricola Samperi|Sicilian|infused oil,https://res.cloudinary.com/nigittriple/image/upload/v1776609918/claude/cunzari-rosmarino-500221.jpg,250ml,6,Italy,0.25,,,,,,,"Store in a cool, dark place away from heat and direct sunlight. Keep sealed.","Extra virgin olive oil, rosemary (Rosmarinus officinalis)",,,,,,,,,,[]
Cunzari,cunzari,OXXX-CUN-745488,23092500987,description,"Agricola Samperi Cunzari ? premium cold-pressed Sicilian extra virgin olive oil with a rich, fruity character.",23700,,,5,5,69e5aa4540cdaab22a0a1afa,69e5aa8240cdaab22a0a1b2a,ACTIVE,,,,olive oil|EVOO|Agricola Samperi|Sicilian|cold pressed,https://res.cloudinary.com/nigittriple/image/upload/v1776609910/claude/cunzari-500987.jpg,250ml,6,Italy,0.25,,,,,,,"Store in a cool, dark place away from heat and direct sunlight. Keep sealed.",100% Sicilian extra virgin olive oil,,,,,,,,,,[]
Porcini Sauce With Truffle,porcini-sauce-with-truffle,SADX-PORSAU-291744,8056515242574,"Ristoris Porcini Sauce With Truffle features hand-selected Italian wild mushrooms slow-cooked in olive oil with herbs and garlic. An exquisite sauce for pasta, risotto, bruschetta, or grilled meats.","Ristoris Porcini Sauce With Truffle ? premium Italian wild mushroom sauce, deeply earthy and aromatic.",33100,,,10,5,69e5aa4340cdaab22a0a1af8,69e5aa7f40cdaab22a0a1b27,ACTIVE,,,,mushroom sauce|Ristoris|Italian|truffle|wild mushroom,https://res.cloudinary.com/nigittriple/image/upload/v1776609901/claude/porcini-sauce-with-truffle-242574.jpg,400g,6,Italy,0.4,,,,,,,"Store in a cool, dry place. Once opened, refrigerate and use within 3–4 days.",,,,,,,,,,,[]
4 Cheese Sauce,4-cheese-sauce,SADX-4CHE-562439,8056515242529,"Ristoris 4 Cheese Sauce combines four premium Italian cheeses in a velvety cream base. Perfect for penne, gnocchi, or as a decadent pizza topping. Ready in minutes.","Ristoris 4 Cheese Sauce ? a rich, creamy blend of four Italian cheeses for an indulgent pasta sauce.",22600,,,15,5,69e5aa4340cdaab22a0a1af8,69e5aa7f40cdaab22a0a1b27,ACTIVE,,,,cheese sauce|4 cheese|pasta sauce|Ristoris|Italian,https://res.cloudinary.com/nigittriple/image/upload/v1776609892/claude/4-cheese-sauce-242529.jpg,400g,6,Italy,0.4,,,,,,,"Store in a cool, dry place. Once opened, refrigerate and use within 3–4 days.",,Dairy,,,,,,,,,[]
Sauteed Finferli Mushrooms,sauteed-finferli-mushrooms,CFXX-SAUFIN-304430,8056515245636,"Ristoris Whole Boletus Mushrooms (Porcini) are carefully selected Italian wild mushrooms preserved at peak freshness. Rich, earthy, and deeply flavoured. Ideal for pasta, risotto, soups, and meat dishes.","Ristoris Whole Boletus Mushrooms ? premium Italian wild mushrooms canned in brine, perfect for pasta and risotto.",47580,,,4,5,69e5aa4440cdaab22a0a1af9,69e5aa7f40cdaab22a0a1b27,ACTIVE,,,,canned mushrooms|porcini|boletus|Ristoris|Italian|wild mushrooms,https://res.cloudinary.com/nigittriple/image/upload/v1776609884/claude/sauteed-finferli-mushrooms-245636.jpg,780g,6,Italy,0.78,,,,,,,"Store in a cool, dry place. Once opened, transfer to a non-metallic container and refrigerate. Use within 2 days.",,,,,,,,,,,[]
Caramelized Red Onions Sauce,caramelized-red-onions-sauce,SADX-CARRED-790317,8056515245896,"Ristoris Caramelized Red Onions Sauce is crafted using natural ingredients in the Tuscan tradition. This flavourful sauce is excellent as a dip, spread, pasta topping, or condiment for grilled meats and fish.","Ristoris Caramelized Red Onions Sauce ? a versatile, premium Italian artisanal sauce, great as a dip or condiment.",14100,,,5,5,69e5aa4340cdaab22a0a1af8,69e5aa7f40cdaab22a0a1b27,ACTIVE,,,,sauce|dip|condiment|Ristoris|Italian|sauce,https://res.cloudinary.com/nigittriple/image/upload/v1776609874/claude/caramelized-red-onions-sauce-245896.jpg,570g,6,Italy,0.57,,,,,,,"Store in a cool, dry place. Once opened, refrigerate and use within 3–4 days.",,,,,,,,,,,[]
Beetroot and Ginger Sauce,beetroot-and-ginger-sauce,SADX-BEEAND-561951,8056515247432,"Ristoris Beetroot and Ginger Sauce is crafted using natural ingredients in the Tuscan tradition. This flavourful sauce is excellent as a dip, spread, pasta topping, or condiment for grilled meats and fish.","Ristoris Beetroot and Ginger Sauce ? a versatile, premium Italian artisanal sauce, great as a dip or condiment.",15200,,,6,5,69e5aa4340cdaab22a0a1af8,69e5aa7f40cdaab22a0a1b27,ACTIVE,,,,sauce|dip|condiment|Ristoris|Italian|sauce,https://res.cloudinary.com/nigittriple/image/upload/v1776609863/claude/beetroot-and-ginger-sauce-247432.jpg,520g,6,Italy,0.52,,,,,,,"Store in a cool, dry place. Once opened, refrigerate and use within 3–4 days.",,,,,,,,,,,[]
Smoked Peppers Sauce,smoked-peppers-sauce,SADX-SMOPEP-500811,8056515245902,"Ristoris Smoked Peppers Sauce is crafted using natural ingredients in the Tuscan tradition. This flavourful sauce is excellent as a dip, spread, pasta topping, or condiment for grilled meats and fish.","Ristoris Smoked Peppers Sauce ? a versatile, premium Italian artisanal sauce, great as a dip or condiment.",15200,,,2,5,69e5aa4340cdaab22a0a1af8,69e5aa7f40cdaab22a0a1b27,ACTIVE,,,,sauce|dip|condiment|Ristoris|Italian|sauce,https://res.cloudinary.com/nigittriple/image/upload/v1776609851/claude/smoked-peppers-sauce-245902.jpg,510g,6,Italy,0.51,,,,,,,"Store in a cool, dry place. Once opened, refrigerate and use within 3–4 days.",,,,,,,,,,,[]
Caramelized Onions Sauce,caramelized-onions-sauce,SADX-CARONI-569063,8056515245919,"Ristoris Caramelized Onions Sauce is crafted using natural ingredients in the Tuscan tradition. This flavourful sauce is excellent as a dip, spread, pasta topping, or condiment for grilled meats and fish.","Ristoris Caramelized Onions Sauce ? a versatile, premium Italian artisanal sauce, great as a dip or condiment.",14100,,,7,5,69e5aa4340cdaab22a0a1af8,69e5aa7f40cdaab22a0a1b27,ACTIVE,,,,sauce|dip|condiment|Ristoris|Italian|sauce,https://res.cloudinary.com/nigittriple/image/upload/v1776609841/claude/caramelized-onions-sauce-245919.jpg,570g,6,Italy,0.57,,,,,,,"Store in a cool, dry place. Once opened, refrigerate and use within 3–4 days.",,,,,,,,,,,[]
Beer Sauce,beer-sauce,SADX-BEESAU-540132,8056515247425,"Ristoris Beer Sauce is crafted using natural ingredients in the Tuscan tradition. This flavourful sauce is excellent as a dip, spread, pasta topping, or condiment for grilled meats and fish.","Ristoris Beer Sauce ? a versatile, premium Italian artisanal sauce, great as a dip or condiment.",19000,,,8,5,69e5aa4340cdaab22a0a1af8,69e5aa7f40cdaab22a0a1b27,ACTIVE,,,,sauce|dip|condiment|Ristoris|Italian|sauce,https://res.cloudinary.com/nigittriple/image/upload/v1776609831/claude/beer-sauce-247425.jpg,520g,6,Italy,0.52,,,,,,,"Store in a cool, dry place. Once opened, refrigerate and use within 3–4 days.",,,,,,,,,,,[]
Guacamole Style Sauce,guacamole-style-sauce,SADX-GUASTY-561635,8056515244806,"Ristoris Guacamole Style Sauce is crafted using natural ingredients in the Tuscan tradition. This flavourful sauce is excellent as a dip, spread, pasta topping, or condiment for grilled meats and fish.","Ristoris Guacamole Style Sauce ? a versatile, premium Italian artisanal sauce, great as a dip or condiment.",16250,,,2,5,69e5aa4340cdaab22a0a1af8,69e5aa7f40cdaab22a0a1b27,ACTIVE,,,,sauce|dip|condiment|Ristoris|Italian|sauce,https://res.cloudinary.com/nigittriple/image/upload/v1776609821/claude/guacamole-style-sauce-244806.jpg,1000g,6,Italy,1,,,,,,,"Store in a cool, dry place. Once opened, refrigerate and use within 3–4 days.",,,,,,,,,,,[]
Cheese Dip Sauce,cheese-dip-sauce,SADX-CHEDIP-531168,8056515246343,"Ristoris 4 Cheese Sauce combines four premium Italian cheeses in a velvety cream base. Perfect for penne, gnocchi, or as a decadent pizza topping. Ready in minutes.","Ristoris 4 Cheese Sauce ? a rich, creamy blend of four Italian cheeses for an indulgent pasta sauce.",16250,,,5,5,69e5aa4340cdaab22a0a1af8,69e5aa7f40cdaab22a0a1b27,ACTIVE,,,,cheese sauce|4 cheese|pasta sauce|Ristoris|Italian,https://res.cloudinary.com/nigittriple/image/upload/v1776609811/claude/cheese-dip-sauce-246343.jpg,1000g,6,Italy,1,,,,,,,"Store in a cool, dry place. Once opened, refrigerate and use within 3–4 days.",,Dairy,,,,,,,,,[]
Spicy Sauce,spicy-sauce,SADX-SPISAU-890937,8056515242208,"Ristoris Spicy Sauce is crafted using natural ingredients in the Tuscan tradition. This flavourful sauce is excellent as a dip, spread, pasta topping, or condiment for grilled meats and fish.","Ristoris Spicy Sauce ? a versatile, premium Italian artisanal sauce, great as a dip or condiment.",19500,,,5,5,69e5aa4340cdaab22a0a1af8,69e5aa7f40cdaab22a0a1b27,ACTIVE,,,,sauce|dip|condiment|Ristoris|Italian|sauce,https://res.cloudinary.com/nigittriple/image/upload/v1776609801/claude/spicy-sauce-242208.jpg,980g,6,Italy,0.98,,,,,,,"Store in a cool, dry place. Once opened, refrigerate and use within 3–4 days.",,,,,,,,,,,[]
Mexican Dip Sauce,mexican-dip-sauce,SADX-MEXDIP-710323,8056515244813,"Ristoris Mexican Dip Sauce is crafted using natural ingredients in the Tuscan tradition. This flavourful sauce is excellent as a dip, spread, pasta topping, or condiment for grilled meats and fish.","Ristoris Mexican Dip Sauce ? a versatile, premium Italian artisanal sauce, great as a dip or condiment.",15000,,,8,5,69e5aa4340cdaab22a0a1af8,69e5aa7f40cdaab22a0a1b27,ACTIVE,,,,sauce|dip|condiment|Ristoris|Italian|dip sauce,https://res.cloudinary.com/nigittriple/image/upload/v1776609790/claude/mexican-dip-sauce-244813.jpg,1050g,6,Italy,1.05,,,,,,,"Store in a cool, dry place. Once opened, refrigerate and use within 3–4 days.",,,,,,,,,,,[]
Grilled Zucchini Sliced  in oil,grilled-zucchini-sliced-in-oil,VPAF-GRIZUC-108217,8056515244745,Grilled Zucchini Sliced  in oil is a premium quality Italian preserved product by Ristoris. Made from carefully selected ingredients and preserved in quality oil or brine to lock in flavour and freshness.,"Grilled Zucchini Sliced  in oil ? premium Italian preserved vegetable, ideal as antipasto or cooking ingredient.",23000,,,1,5,69e5aa4740cdaab22a0a1afb,69e5aa7f40cdaab22a0a1b27,ACTIVE,,,,preserved vegetables|antipasto|Italian|Ristoris,https://res.cloudinary.com/nigittriple/image/upload/v1776609781/claude/grilled-zucchini-sliced-in-oil-244745.jpg,1500g,6,Italy,1.5,,,,,,,"Store in a cool, dry place. Refrigerate after opening and use within 3 days.",,,,,,,,,,,[]
Hare Ragout,hare-ragout,SADX-HARRAG-863762,8056515240464,"Ristoris Hare Ragout is a rich, slow-cooked Italian rag?ade with high-quality hare. Crafted in Tuscany using traditional recipes, this sauce pairs beautifully with fresh pasta, polenta, or bruschetta.","Ristoris Hare Rag? premium artisanal Italian hare meat sauce, slow-cooked in the Tuscan tradition.",50000,,,6,5,69e5aa4340cdaab22a0a1af8,69e5aa7f40cdaab22a0a1b27,ACTIVE,,,,pasta sauce|rag?meat sauce|Ristoris|Italian|hare,https://res.cloudinary.com/nigittriple/image/upload/v1776609772/claude/hare-ragout-240464.jpg,800g,6,Italy,0.8,,,,,,,"Store in a cool, dry place. Once opened, refrigerate and use within 3–4 days.","Tomatoes, hare (min 30%), olive oil, onion, carrot, celery, red wine, salt, herbs",,,,,,,,,,[]
Small Artichoke In Oil,small-artichoke-in-oil,CFXX-SMAART-621289,8056515241249,"Ristoris Small Artichokes in Oil are tender young artichoke hearts preserved in high-quality Italian olive oil with herbs. Perfect as antipasto, on pizza, or mixed into pasta and salads.",Ristoris Small Artichokes in Oil ? tender Italian baby artichokes preserved in extra virgin olive oil.,10000,,,4,5,69e5aa4440cdaab22a0a1af9,69e5aa7f40cdaab22a0a1b27,ACTIVE,,,,artichokes|canned vegetables|antipasto|Ristoris|Italian,https://res.cloudinary.com/nigittriple/image/upload/v1776609763/claude/small-artichoke-in-oil-241249.jpg,760g,6,Italy,0.76,,,,,,,"Store in a cool, dry place. Once opened, transfer to a non-metallic container and refrigerate. Use within 2 days.",,,,,,,,,,,[]
Sauteed Mushrooms Mix,sauteed-mushrooms-mix,CFXX-SAUMUS-817129,8056515240983,"Ristoris Whole Boletus Mushrooms (Porcini) are carefully selected Italian wild mushrooms preserved at peak freshness. Rich, earthy, and deeply flavoured. Ideal for pasta, risotto, soups, and meat dishes.","Ristoris Whole Boletus Mushrooms ? premium Italian wild mushrooms canned in brine, perfect for pasta and risotto.",19750,,,7,5,69e5aa4440cdaab22a0a1af9,69e5aa7f40cdaab22a0a1b27,ACTIVE,,,,canned mushrooms|porcini|boletus|Ristoris|Italian|wild mushrooms,https://res.cloudinary.com/nigittriple/image/upload/v1776609754/claude/sauteed-mushrooms-mix-240983.jpg,800g,6,Italy,0.8,,,,,,,"Store in a cool, dry place. Once opened, transfer to a non-metallic container and refrigerate. Use within 2 days.",,,,,,,,,,,[]
Grilled Peppers,grilled-peppers,CFXX-GRIPEP-287112,8056515247012,"Ristoris Grilled Peppers are carefully grilled and preserved Italian vegetables in quality olive oil. Ready to serve as antipasto, sandwich filling, pizza topping, or pasta addition.",Ristoris Grilled Peppers ? premium Italian grilled vegetables preserved in oil.,12000,,,3,5,69e5aa4440cdaab22a0a1af9,69e5aa7f40cdaab22a0a1b27,ACTIVE,,,,grilled vegetables|antipasto|canned vegetables|Ristoris|Italian,https://res.cloudinary.com/nigittriple/image/upload/v1776609745/claude/grilled-peppers-247012.jpg,800g,6,Italy,0.8,,,,,,,"Store in a cool, dry place. Once opened, transfer to a non-metallic container and refrigerate. Use within 2 days.",,,,,,,,,,,[]
Citrus Pesto Sauce,citrus-pesto-sauce,SADX-CITPES-463778,8056515245971,"Ristoris citrus pesto Sauce is made from premium Sicilian pistachios ground into a rich, velvety cream. Exceptional with short pasta such as rigatoni or as a topping on bruschetta and croutons.","Ristoris Pistachio Sauce ? luxurious Sicilian pistachio cream sauce, perfect over pasta or bruschetta.",16000,,,2,5,69e5aa4340cdaab22a0a1af8,69e5aa7f40cdaab22a0a1b27,ACTIVE,,,,pesto|pistachio sauce|Ristoris|Italian|nut sauce,https://res.cloudinary.com/nigittriple/image/upload/v1776609737/claude/citrus-pesto-sauce-245971.jpg,500g,6,Italy,0.5,,,,,,,"Store in a cool, dry place. Once opened, refrigerate and use within 3–4 days.",,Tree Nuts,,,,,,,,,[]
Pistachio Sauce,pistachio-sauce,SADX-PISSAU-518076,8056515242420,"Ristoris Pistachio Sauce is made from premium Sicilian pistachios ground into a rich, velvety cream. Exceptional with short pasta such as rigatoni or as a topping on bruschetta and croutons.","Ristoris Pistachio Sauce ? luxurious Sicilian pistachio cream sauce, perfect over pasta or bruschetta.",47800,,,4,5,69e5aa4340cdaab22a0a1af8,69e5aa7f40cdaab22a0a1b27,ACTIVE,,,,pesto|pistachio sauce|Ristoris|Italian|nut sauce,https://res.cloudinary.com/nigittriple/image/upload/v1776609728/claude/pistachio-sauce-242420.jpg,520g,6,Italy,0.52,,,,,,,"Store in a cool, dry place. Once opened, refrigerate and use within 3–4 days.",,Tree Nuts,,,,,,,,,[]
Tartar Sauce,tartar-sauce,SADX-TARSAU-663735,8056515247340,"Ristoris Tartar Sauce is crafted using natural ingredients in the Tuscan tradition. This flavourful sauce is excellent as a dip, spread, pasta topping, or condiment for grilled meats and fish.","Ristoris Tartar Sauce ? a versatile, premium Italian artisanal sauce, great as a dip or condiment.",15680,,,0,5,69e5aa4340cdaab22a0a1af8,69e5aa7f40cdaab22a0a1b27,ACTIVE,,,,sauce|dip|condiment|Ristoris|Italian|sauce,https://res.cloudinary.com/nigittriple/image/upload/v1776609717/claude/tartar-sauce-247340.jpg,960g,6,Italy,0.96,,,,,,,"Store in a cool, dry place. Once opened, refrigerate and use within 3–4 days.",,,,,,,,,,,[]
Capricciosa Sauce,capricciosa-sauce,SADX-CAPSAU-150530,8056515247357,"Ristoris Capricciosa Sauce is crafted using natural ingredients in the Tuscan tradition. This flavourful sauce is excellent as a dip, spread, pasta topping, or condiment for grilled meats and fish.","Ristoris Capricciosa Sauce ? a versatile, premium Italian artisanal sauce, great as a dip or condiment.",15960,,,4,5,69e5aa4340cdaab22a0a1af8,69e5aa7f40cdaab22a0a1b27,ACTIVE,,,,sauce|dip|condiment|Ristoris|Italian|sauce,https://res.cloudinary.com/nigittriple/image/upload/v1776609706/claude/capricciosa-sauce-247357.jpg,960g,6,Italy,0.96,,,,,,,"Store in a cool, dry place. Once opened, refrigerate and use within 3–4 days.",,,,,,,,,,,[]
Grilled Red Chicory,grilled-red-chicory,CFXX-GRIRED-234326,8056515241546,"Ristoris Grilled Red Chicory are carefully grilled and preserved Italian vegetables in quality olive oil. Ready to serve as antipasto, sandwich filling, pizza topping, or pasta addition.",Ristoris Grilled Red Chicory ? premium Italian grilled vegetables preserved in oil.,26200,,,6,5,69e5aa4440cdaab22a0a1af9,69e5aa7f40cdaab22a0a1b27,ACTIVE,,,,grilled vegetables|antipasto|canned vegetables|Ristoris|Italian,https://res.cloudinary.com/nigittriple/image/upload/v1776609697/claude/grilled-red-chicory-241546.jpg,700g,6,Italy,0.7,,,,,,,"Store in a cool, dry place. Once opened, transfer to a non-metallic container and refrigerate. Use within 2 days.",,,,,,,,,,,[]
Amatriciana Sauce,amatriciana-sauce,SADX-AMASAU-776353,8056515240402,Ristoris Amatriciana Sauce is made in Tuscany using traditional Italian recipes and the finest natural ingredients.,Ristoris Amatriciana Sauce ? premium artisanal Italian sauce from Tuscany.,27100,,,0,5,69e5aa4340cdaab22a0a1af8,69e5aa7f40cdaab22a0a1b27,ACTIVE,,,,sauce|Italian|Ristoris|sauce,https://res.cloudinary.com/nigittriple/image/upload/v1776609687/claude/amatriciana-sauce-240402.jpg,800g,6,Italy,0.8,,,,,,,"Store in a cool, dry place. Once opened, refrigerate and use within 3–4 days.",,,,,,,,,,,[]
Wild Boar Ragout,wild-boar-ragout,SADX-WILBOA-350712,8056515240471,"Ristoris Wild Boar Ragout is a rich, slow-cooked Italian rag?ade with high-quality wild boar. Crafted in Tuscany using traditional recipes, this sauce pairs beautifully with fresh pasta, polenta, or bruschetta.","Ristoris Wild Boar Rag? premium artisanal Italian wild boar meat sauce, slow-cooked in the Tuscan tradition.",46000,,,6,5,69e5aa4340cdaab22a0a1af8,69e5aa7f40cdaab22a0a1b27,ACTIVE,,,,pasta sauce|rag?meat sauce|Ristoris|Italian|wild boar,https://res.cloudinary.com/nigittriple/image/upload/v1776609678/claude/wild-boar-ragout-240471.jpg,800g,6,Italy,0.8,,,,,,,"Store in a cool, dry place. Once opened, refrigerate and use within 3–4 days.","Tomatoes, wild boar (min 30%), olive oil, onion, carrot, celery, red wine, salt, herbs",,,,,,,,,,[]
Roe Deer ragout,roe-deer-ragout,SADX-ROEDEE-856123,8056515240488,"Ristoris Roe Deer ragout is a rich, slow-cooked Italian rag?ade with high-quality roe deer. Crafted in Tuscany using traditional recipes, this sauce pairs beautifully with fresh pasta, polenta, or bruschetta.","Ristoris Roe Deer Rag? premium artisanal Italian roe deer meat sauce, slow-cooked in the Tuscan tradition.",47200,,,5,5,69e5aa4340cdaab22a0a1af8,69e5aa7f40cdaab22a0a1b27,ACTIVE,,,,pasta sauce|rag?meat sauce|Ristoris|Italian|roe deer,https://res.cloudinary.com/nigittriple/image/upload/v1776609668/claude/roe-deer-ragout-240488.jpg,800g,6,Italy,0.8,,,,,,,"Store in a cool, dry place. Once opened, refrigerate and use within 3–4 days.","Tomatoes, roe deer (min 30%), olive oil, onion, carrot, celery, red wine, salt, herbs",,,,,,,,,,[]
Duck Ragout,duck-ragout,SADX-DUCRAG-125992,8056515244301,"Ristoris Duck Ragout is a rich, slow-cooked Italian rag?ade with high-quality duck. Crafted in Tuscany using traditional recipes, this sauce pairs beautifully with fresh pasta, polenta, or bruschetta.","Ristoris Duck Rag? premium artisanal Italian duck meat sauce, slow-cooked in the Tuscan tradition.",43600,,,5,5,69e5aa4340cdaab22a0a1af8,69e5aa7f40cdaab22a0a1b27,ACTIVE,,,,pasta sauce|rag?meat sauce|Ristoris|Italian|duck,https://res.cloudinary.com/nigittriple/image/upload/v1776609660/claude/duck-ragout-244301.jpg,800g,6,Italy,0.8,,,,,,,"Store in a cool, dry place. Once opened, refrigerate and use within 3–4 days.","Tomatoes, duck (min 30%), olive oil, onion, carrot, celery, red wine, salt, herbs",,,,,,,,,,[]
Meat Ragout,meat-ragout,SADX-MEARAG-895030,8056515240457,"Ristoris Meat Ragout is a rich, slow-cooked Italian rag?ade with high-quality beef. Crafted in Tuscany using traditional recipes, this sauce pairs beautifully with fresh pasta, polenta, or bruschetta.","Ristoris Beef Rag? premium artisanal Italian beef meat sauce, slow-cooked in the Tuscan tradition.",43600,,,0,5,69e5aa4340cdaab22a0a1af8,69e5aa7f40cdaab22a0a1b27,ACTIVE,,,,pasta sauce|rag?meat sauce|Ristoris|Italian|beef,https://res.cloudinary.com/nigittriple/image/upload/v1776609650/claude/meat-ragout-240457.jpg,800g,6,Italy,0.8,,,,,,,"Store in a cool, dry place. Once opened, refrigerate and use within 3–4 days.","Tomatoes, beef (min 30%), olive oil, onion, carrot, celery, red wine, salt, herbs",,,,,,,,,,[]
Arrabbiata Sauce,arrabbiata-sauce,SADX-ARRSAU-860782,8056515240433,"Ristoris Arrabbiata is a bold, spicy Italian tomato sauce made with San Marzano-style tomatoes and plenty of chilli. 'Arrabbiata' means 'angry' in Italian ? this sauce has a satisfying kick!","Ristoris Arrabbiata Sauce ? a fiery, spicy Italian tomato sauce with chilli and garlic.",15800,,,4,5,69e5aa4340cdaab22a0a1af8,69e5aa7f40cdaab22a0a1b27,ACTIVE,,,,arrabbiata|spicy sauce|pasta sauce|Ristoris|tomato sauce|Italian,https://res.cloudinary.com/nigittriple/image/upload/v1776609642/claude/arrabbiata-sauce-240433.jpg,800g,6,Italy,0.8,,,,,,,"Store in a cool, dry place. Once opened, refrigerate and use within 3–4 days.","Tomatoes, olive oil, chilli, garlic, salt, herbs",,,,,,,,,,[]
Anchovies in Fillets Elite,anchovies-in-fillets-elite,CFXX-ANCIN-382453,8056515243533,"Ristoris Anchovies in Fillets Elite are hand-packed premium Italian anchovies preserved in olive oil. Intensely savoury and rich in Omega-3. Ideal as a pizza topping, in pasta sauces, Caesar salads, or on bruschetta.","Ristoris Elite Anchovy Fillets ? premium Italian anchovy fillets in olive oil, intensely flavoured.",67400,,,2,5,69e5aa4440cdaab22a0a1af9,69e5aa7f40cdaab22a0a1b27,ACTIVE,,,,anchovies|canned fish|Ristoris|Italian|seafood,https://res.cloudinary.com/nigittriple/image/upload/v1776609633/claude/anchovies-in-fillets-elite-243533.jpg,680g,6,Italy,0.68,,,,,,,"Store in a cool, dry place. Once opened, transfer to a non-metallic container and refrigerate. Use within 2 days.",,Fish,,,,,,,,,[]
Whole Boletus mushrooms,whole-boletus-mushrooms,CFXX-WHOBOL-564313,8056515241089,"Ristoris Whole Boletus Mushrooms (Porcini) are carefully selected Italian wild mushrooms preserved at peak freshness. Rich, earthy, and deeply flavoured. Ideal for pasta, risotto, soups, and meat dishes.","Ristoris Whole Boletus Mushrooms ? premium Italian wild mushrooms canned in brine, perfect for pasta and risotto.",18550,,,3,5,69e5aa4440cdaab22a0a1af9,69e5aa7f40cdaab22a0a1b27,ACTIVE,,,,canned mushrooms|porcini|boletus|Ristoris|Italian|wild mushrooms,https://res.cloudinary.com/nigittriple/image/upload/v1776609624/claude/whole-boletus-mushrooms-241089.jpg,800g,6,Italy,0.8,,,,,,,"Store in a cool, dry place. Once opened, transfer to a non-metallic container and refrigerate. Use within 2 days.",,,,,,,,,,,[]
Fish Stock Powder,fish-stock-powder,SADX-FISSTO-991139,8412164000239,"Calnort Fish Stock Powder delivers a deep, rich seafood flavour to soups, bisques, paella, and sauces. A professional-grade kitchen staple used by chefs worldwide. Dissolve in boiling water for an instant, flavourful fish broth.","Calnort Fish Stock Powder ? professional-grade fish bouillon powder for soups, sauces, and seafood dishes.",21900,,,10,5,69e5aa4340cdaab22a0a1af8,69e5aa8140cdaab22a0a1b29,ACTIVE,,,,fish stock|bouillon|seafood|Calnort|spice|soup base,https://res.cloudinary.com/nigittriple/image/upload/v1776609616/claude/fish-stock-powder-000239.jpg,1kg,6,Spain,1,,,,,,,"Store in a cool, dry place. Keep sealed after opening.",,Fish,,,,,,,,,[]
Pasta Spaghetti Organic,pasta-spaghetti-organic-8ll9,IPXX-PASSPA-404822,8008912526030,"Pasta Spaghetti Organic by Liguori is a premium Italian pasta made by Pastificio Liguori, one of Campania's oldest pasta makers since 1795. Crafted from 100% organic durum wheat. Cook in boiling salted water for 7-9 minutes.",Liguori Pasta Spaghetti Organic ? premium Italian organic pasta of exceptional quality.,4500,,,9,5,69e5aa4140cdaab22a0a1af6,69e5aa6940cdaab22a0a1b16,ACTIVE,,,,pasta|Italian pasta|liguori|pasta|organic,https://res.cloudinary.com/nigittriple/image/upload/v1776609606/claude/pasta-spaghetti-organic-526030.jpg,500g,12,Italy,0.5,,,,,,,"Store in a cool, dry place. Keep away from moisture.","Organic durum wheat semolina, water",Gluten,,,,,,,,,[]
Pasta Penne Rigate Organic,pasta-penne-rigate-organic-z7dz,IPXX-PASPEN-286888,8008912526429,"Pasta Penne Rigate Organic by Liguori is a premium Italian pasta made by Pastificio Liguori, one of Campania's oldest pasta makers since 1795. Crafted from 100% organic durum wheat. Cook in boiling salted water for 7-9 minutes.",Liguori Pasta Penne Rigate Organic ? premium Italian organic pasta of exceptional quality.,4200,,,4,5,69e5aa4140cdaab22a0a1af6,69e5aa6940cdaab22a0a1b16,ACTIVE,,,,pasta|Italian pasta|liguori|pasta|organic,https://res.cloudinary.com/nigittriple/image/upload/v1776609595/claude/pasta-penne-rigate-organic-526429.jpg,500g,12,Italy,0.5,,,,,,,"Store in a cool, dry place. Keep away from moisture.","Organic durum wheat semolina, water",Gluten,,,,,,,,,[]
Pasta Fusilli Organic,pasta-fusilli-organic-vifu,IPXX-PASFUS-626708,8008912526313,"Pasta Fusilli Organic by Liguori is a premium Italian pasta made by Pastificio Liguori, one of Campania's oldest pasta makers since 1795. Crafted from 100% organic durum wheat. Cook in boiling salted water for 7-9 minutes.",Liguori Pasta Fusilli Organic ? premium Italian organic pasta of exceptional quality.,4500,,,9,5,69e5aa4140cdaab22a0a1af6,69e5aa6940cdaab22a0a1b16,ACTIVE,,,,pasta|Italian pasta|liguori|pasta|organic,https://res.cloudinary.com/nigittriple/image/upload/v1776609586/claude/pasta-fusilli-organic-526313.jpg,500g,12,Italy,0.5,,,,,,,"Store in a cool, dry place. Keep away from moisture.","Organic durum wheat semolina, water",Gluten,,,,,,,,,[]
Pasta Farfalle Organic,pasta-farfalle-organic-emps,IPXX-PASFAR-501952,8008912526306,"Pasta Farfalle Organic by Liguori is a premium Italian pasta made by Pastificio Liguori, one of Campania's oldest pasta makers since 1795. Crafted from 100% organic durum wheat. Cook in boiling salted water for 7-9 minutes.",Liguori Pasta Farfalle Organic ? premium Italian organic pasta of exceptional quality.,4500,,,6,5,69e5aa4140cdaab22a0a1af6,69e5aa6940cdaab22a0a1b16,ACTIVE,,,,pasta|Italian pasta|liguori|pasta|organic,https://res.cloudinary.com/nigittriple/image/upload/v1776609577/claude/pasta-farfalle-organic-526306.jpg,500g,12,Italy,0.5,,,,,,,"Store in a cool, dry place. Keep away from moisture.","Organic durum wheat semolina, water",Gluten,,,,,,,,,[]
Pasta Mezzi Rigatoni,pasta-mezzi-rigatoni,IPXX-PASMEZ-365422,8008912528386,"Pasta Mezzi Rigatoni by Liguori is a premium Italian pasta made by Pastificio Liguori, one of Campania's oldest pasta makers since 1795. Made from 100% durum wheat semolina and pure water, slowly dried at low temperature to preserve its natural texture and flavour. Cook in boiling salted water for 10-14 minutes.",Liguori Pasta Mezzi Rigatoni ? premium Italian pasta of exceptional quality.,5000,,,6,5,69e5aa4140cdaab22a0a1af6,69e5aa6940cdaab22a0a1b16,ACTIVE,,,,pasta|Italian pasta|liguori|pasta,https://res.cloudinary.com/nigittriple/image/upload/v1776609567/claude/pasta-mezzi-rigatoni-528386.jpg,400g,12,Italy,0.4,,,,,,,"Store in a cool, dry place. Keep away from moisture.","Durum wheat semolina (100%), water",Gluten,,,,,,,,,[]
Pasta Penne Rigate Demeter,pasta-penne-rigate-demeter,IPXX-PASPEN-754304,8008912528423,"Pasta Penne Rigate Demeter by Liguori is a premium Italian pasta made by Pastificio Liguori, one of Campania's oldest pasta makers since 1795. Crafted from 100% organic durum wheat. Cook in boiling salted water for 7-9 minutes.",Liguori Pasta Penne Rigate Demeter ? premium Italian organic pasta of exceptional quality.,5000,,,9,5,69e5aa4140cdaab22a0a1af6,69e5aa6940cdaab22a0a1b16,ACTIVE,,,,pasta|Italian pasta|liguori|pasta|organic,https://res.cloudinary.com/nigittriple/image/upload/v1776609558/claude/pasta-penne-rigate-demeter-528423.jpg,400g,12,Italy,0.4,,,,,,,"Store in a cool, dry place. Keep away from moisture.","Organic durum wheat semolina, water",Gluten,,,,,,,,,[]
Pasta Fusilli Demeter,pasta-fusilli-demeter,IPXX-PASFUS-999335,8008912528317,"Pasta Fusilli Demeter by Liguori is a premium Italian pasta made by Pastificio Liguori, one of Campania's oldest pasta makers since 1795. Crafted from 100% organic durum wheat. Cook in boiling salted water for 7-9 minutes.",Liguori Pasta Fusilli Demeter ? premium Italian organic pasta of exceptional quality.,5000,,,7,5,69e5aa4140cdaab22a0a1af6,69e5aa6940cdaab22a0a1b16,ACTIVE,,,,pasta|Italian pasta|liguori|pasta|organic,https://res.cloudinary.com/nigittriple/image/upload/v1776609548/claude/pasta-fusilli-demeter-528317.jpg,400g,12,Italy,0.4,,,,,,,"Store in a cool, dry place. Keep away from moisture.","Organic durum wheat semolina, water",Gluten,,,,,,,,,[]
Sunflower Oil Girasole,sunflower-oil-girasole,OXXX-SUNOIL-834071,8003250001201.00,description,"Goccia d'Oro Sunflower Oil 4.6L ? premium refined Italian sunflower oil, ideal for frying and everyday cooking.",36750,,,6,5,69e5aa4540cdaab22a0a1afa,69e5aa8040cdaab22a0a1b28,ACTIVE,,,,sunflower oil|cooking oil|Goccia d'Oro|vegetable oil|frying oil,https://res.cloudinary.com/nigittriple/image/upload/v1776609539/claude/sunflower-oil-girasole-001201.jpg,4600ml,4,Italy,4.6,,,,,,,"Store in a cool, dark place away from heat and direct sunlight. Keep sealed.",Refined sunflower oil,,,,,,,,,,[]
Pasta Linguine Demeter,pasta-linguine-demeter,IPXX-PASLIN-358243,8008912528072,"Pasta Linguine Demeter by Liguori is a premium Italian pasta made by Pastificio Liguori, one of Campania's oldest pasta makers since 1795. Crafted from 100% organic durum wheat. Cook in boiling salted water for 7-9 minutes.",Liguori Pasta Linguine Demeter ? premium Italian organic pasta of exceptional quality.,5000,,,12,5,69e5aa4140cdaab22a0a1af6,69e5aa6940cdaab22a0a1b16,ACTIVE,,,,pasta|Italian pasta|liguori|pasta|organic,https://res.cloudinary.com/nigittriple/image/upload/v1776609529/claude/pasta-linguine-demeter-528072.jpg,400g,12,Italy,0.4,,,,,,,"Store in a cool, dry place. Keep away from moisture.","Organic durum wheat semolina, water",Gluten,,,,,,,,,[]
Pasta Spaghetti Demeter,pasta-spaghetti-demeter,IPXX-PASSPA-487850,8008912528034,"Pasta Spaghetti Demeter by Liguori is a premium Italian pasta made by Pastificio Liguori, one of Campania's oldest pasta makers since 1795. Crafted from 100% organic durum wheat. Cook in boiling salted water for 7-9 minutes.",Liguori Pasta Spaghetti Demeter ? premium Italian organic pasta of exceptional quality.,5000,,,12,5,69e5aa4140cdaab22a0a1af6,69e5aa6940cdaab22a0a1b16,ACTIVE,,,,pasta|Italian pasta|liguori|pasta|organic,https://res.cloudinary.com/nigittriple/image/upload/v1776609519/claude/pasta-spaghetti-demeter-528034.jpg,400g,12,Italy,0.4,,,,,,,"Store in a cool, dry place. Keep away from moisture.","Organic durum wheat semolina, water",Gluten,,,,,,,,,[]
Pasta Spaghetti Wholewheat Bio,pasta-spaghetti-wholewheat-bio,IPXX-PASSPA-847289,8008912525033,"Pasta Spaghetti Wholewheat Bio by Liguori is a premium Italian pasta made by Pastificio Liguori, one of Campania's oldest pasta makers since 1795. Made from 100% wholegrain durum wheat for a nuttier taste and higher fibre. Cook in boiling salted water for 8-10 minutes.",Liguori Pasta Spaghetti Wholewheat Bio ? premium Italian wholegrain pasta of exceptional quality.,4500,,,10,5,69e5aa4140cdaab22a0a1af6,69e5aa6940cdaab22a0a1b16,ACTIVE,,,,pasta|Italian pasta|liguori|pasta|wholegrain|wholewheat,https://res.cloudinary.com/nigittriple/image/upload/v1776609510/claude/pasta-spaghetti-wholewheat-bio-525033.jpg,500g,12,Italy,0.5,,,,,,,"Store in a cool, dry place. Keep away from moisture.","Wholegrain durum wheat semolina, water",Gluten,,,,,,,,,[]
Pasta Farfalle Wholewheat Bio,pasta-farfalle-wholewheat-bio,IPXX-PASFAR-809623,8008912525309,"Pasta Farfalle Wholewheat Bio by Liguori is a premium Italian pasta made by Pastificio Liguori, one of Campania's oldest pasta makers since 1795. Made from 100% wholegrain durum wheat for a nuttier taste and higher fibre. Cook in boiling salted water for 8-10 minutes.",Liguori Pasta Farfalle Wholewheat Bio ? premium Italian wholegrain pasta of exceptional quality.,4200,,,8,5,69e5aa4140cdaab22a0a1af6,69e5aa6940cdaab22a0a1b16,ACTIVE,,,,pasta|Italian pasta|liguori|pasta|wholegrain|wholewheat,https://res.cloudinary.com/nigittriple/image/upload/v1776609501/claude/pasta-farfalle-wholewheat-bio-525309.jpg,500g,12,Italy,0.5,,,,,,,"Store in a cool, dry place. Keep away from moisture.","Wholegrain durum wheat semolina, water",Gluten,,,,,,,,,[]
Grezzo Naturale,grezzo-naturale,OXXX-GRENAT-741149,8003250003083.00,description,Premium Italian Extra virgin oil ? Grezzo Naturale.,34100,,,0,5,69e5aa4540cdaab22a0a1afa,69e5aa8040cdaab22a0a1b28,ACTIVE,,,,oil|goccia doro|Italian,https://res.cloudinary.com/nigittriple/image/upload/v1776609492/claude/grezzo-naturale-003083.jpg,930ml,6,Italy,0.93,,,,,,,"Store in a cool, dark place away from heat and direct sunlight. Keep sealed.",,,,,,,,,,,[]
Pasta Penne Rigate Wholewheat Bio,pasta-penne-rigate-wholewheat-bio,IPXX-PASPEN-648881,8008912525422,"Pasta Penne Rigate Wholewheat Bio by Liguori is a premium Italian pasta made by Pastificio Liguori, one of Campania's oldest pasta makers since 1795. Made from 100% wholegrain durum wheat for a nuttier taste and higher fibre. Cook in boiling salted water for 8-10 minutes.",Liguori Pasta Penne Rigate Wholewheat Bio ? premium Italian wholegrain pasta of exceptional quality.,4200,,,8,5,69e5aa4140cdaab22a0a1af6,69e5aa6940cdaab22a0a1b16,ACTIVE,,,,pasta|Italian pasta|liguori|pasta|wholegrain|wholewheat,https://res.cloudinary.com/nigittriple/image/upload/v1776609484/claude/pasta-penne-rigate-wholewheat-bio-525422.jpg,500g,12,Italy,0.5,,,,,,,"Store in a cool, dry place. Keep away from moisture.","Wholegrain durum wheat semolina, water",Gluten,,,,,,,,,[]
Pasta Fusilli Wholewheat Bio,pasta-fusilli-wholewheat-bio,IPXX-PASFUS-426403,8008912525316,"Pasta Fusilli Wholewheat Bio by Liguori is a premium Italian pasta made by Pastificio Liguori, one of Campania's oldest pasta makers since 1795. Made from 100% wholegrain durum wheat for a nuttier taste and higher fibre. Cook in boiling salted water for 8-10 minutes.",Liguori Pasta Fusilli Wholewheat Bio ? premium Italian wholegrain pasta of exceptional quality.,4500,,,6,5,69e5aa4140cdaab22a0a1af6,69e5aa6940cdaab22a0a1b16,ACTIVE,,,,pasta|Italian pasta|liguori|pasta|wholegrain|wholewheat,https://res.cloudinary.com/nigittriple/image/upload/v1776609474/claude/pasta-fusilli-wholewheat-bio-525316.jpg,500g,12,Italy,0.5,,,,,,,"Store in a cool, dry place. Keep away from moisture.","Wholegrain durum wheat semolina, water",Gluten,,,,,,,,,[]
Tenuta del Roero,tenuta-del-roero,OXXX-TENDEL-415662,800325002628,Tenuta del Roero is a premium quality Italian oil available at NigiTriple Supermarket.,Premium Italian Oil ? Tenuta del Roero.,34650,,,6,5,69e5aa4540cdaab22a0a1afa,69e5aa8040cdaab22a0a1b28,ACTIVE,,,,oil|goccia doro|Italian,https://res.cloudinary.com/nigittriple/image/upload/v1776609465/claude/tenuta-del-roero-002628.jpg,675ml,6,Italy,0.675,,,,,,,"Store in a cool, dark place away from heat and direct sunlight. Keep sealed.",,,,,,,,,,,[]
Pasta Mafalde Corte Wholewheat Bio,pasta-mafalde-corte-wholewheat-bio,IPXX-PASMAF-292758,8008912525514,"Pasta Mafalde Corte Wholewheat Bio by Liguori is a premium Italian pasta made by Pastificio Liguori, one of Campania's oldest pasta makers since 1795. Made from 100% wholegrain durum wheat for a nuttier taste and higher fibre. Cook in boiling salted water for 8-10 minutes.",Liguori Pasta Mafalde Corte Wholewheat Bio ? premium Italian wholegrain pasta of exceptional quality.,4200,,,7,5,69e5aa4140cdaab22a0a1af6,69e5aa6940cdaab22a0a1b16,ACTIVE,,,,pasta|Italian pasta|liguori|pasta|wholegrain|wholewheat,https://res.cloudinary.com/nigittriple/image/upload/v1776609456/claude/pasta-mafalde-corte-wholewheat-bio-525514.jpg,500g,12,Italy,0.5,,,,,,,"Store in a cool, dry place. Keep away from moisture.","Wholegrain durum wheat semolina, water",Gluten,,,,,,,,,[]
Basilico,basilico,OXXX-BAS-839885,8003250006022.00,description,Premium Italian Oil ? Basilico.,16100,,,0,5,69e5aa4540cdaab22a0a1afa,69e5aa8040cdaab22a0a1b28,ACTIVE,,,,oil|goccia doro|Italian,https://res.cloudinary.com/nigittriple/image/upload/v1776609447/claude/basilico-006022.jpg,230ml,6,Italy,0.23,,,,,,,"Store in a cool, dark place away from heat and direct sunlight. Keep sealed.",,,,,,,,,,,[]
Pasta Spaghetti Gluten Free,pasta-spaghetti-gluten-free-t2x5,IPXX-PASSPA-988688,8076809545440,"Pasta Spaghetti Gluten Free by Barilla is a premium Italian pasta made by Barilla, Italy's most beloved pasta brand since 1877. Made from 100% durum wheat semolina and pure water, slowly dried at low temperature to preserve its natural texture and flavour. Cook in boiling salted water for 10-14 minutes.",Barilla Pasta Spaghetti Gluten Free ? premium Italian pasta of exceptional quality.,6900,,,1,5,69e5aa4140cdaab22a0a1af6,69e5aa7740cdaab22a0a1b21,ACTIVE,,,,pasta|Italian pasta|barilla|pasta,https://res.cloudinary.com/nigittriple/image/upload/v1776609438/claude/pasta-spaghetti-gluten-free-545440.jpg,400g,12,Italy,0.4,,,,,,,"Store in a cool, dry place. Keep away from moisture.","Durum wheat semolina (100%), water",Gluten,,,,,,,,,[]
Pasta Mezzi Rigatoni Wholewheat Bio,pasta-mezzi-rigatoni-wholewheat-bio,IPXX-PASMEZ-474089,8008912525385,"Pasta Mezzi Rigatoni Wholewheat Bio by Liguori is a premium Italian pasta made by Pastificio Liguori, one of Campania's oldest pasta makers since 1795. Made from 100% wholegrain durum wheat for a nuttier taste and higher fibre. Cook in boiling salted water for 8-10 minutes.",Liguori Pasta Mezzi Rigatoni Wholewheat Bio ? premium Italian wholegrain pasta of exceptional quality.,4200,,,8,5,69e5aa4140cdaab22a0a1af6,69e5aa6940cdaab22a0a1b16,ACTIVE,,,,pasta|Italian pasta|liguori|pasta|wholegrain|wholewheat,https://res.cloudinary.com/nigittriple/image/upload/v1776609427/claude/pasta-mezzi-rigatoni-wholewheat-bio-525385.jpg,500g,12,Italy,0.5,,,,,,,"Store in a cool, dry place. Keep away from moisture.","Wholegrain durum wheat semolina, water",Gluten,,,,,,,,,[]
Origano,origano,OXXX-ORI-798212,8003250006077.00,description,Premium Italian Oil ? Origano.,16100,,,0,5,69e5aa4540cdaab22a0a1afa,69e5aa8040cdaab22a0a1b28,ACTIVE,,,,oil|goccia doro|Italian,https://res.cloudinary.com/nigittriple/image/upload/v1776609419/claude/origano-006077.jpg,230ml,6,Italy,0.23,,,,,,,"Store in a cool, dark place away from heat and direct sunlight. Keep sealed.",,,,,,,,,,,[]
Rosmarino Extra Vergine Di Oliva,rosmarino-extra-vergine-di-oliva,OXXX-ROSEXT-629385,8003250006053.00,description,Agricola Samperi Cunzari Rosemary ? premium Sicilian extra virgin olive oil infused with fresh rosemary.,16100,,,5,5,69e5aa4540cdaab22a0a1afa,69e5aa8040cdaab22a0a1b28,ACTIVE,,,,olive oil|EVOO|rosemary oil|Agricola Samperi|Sicilian|infused oil,https://res.cloudinary.com/nigittriple/image/upload/v1776609411/claude/rosmarino-extra-vergine-di-oliva-006053.jpg,230ml,6,Italy,0.23,,,,,,,"Store in a cool, dark place away from heat and direct sunlight. Keep sealed.","Extra virgin olive oil, rosemary (Rosmarinus officinalis)",,,,,,,,,,[]
Peperoncino Extra Vergine Di Oliva,peperoncino-extra-vergine-di-oliva,OXXX-PEPEXT-976489,8003250005988.00,description,"Premium extra virgin olive oil ? ideal for cooking, dressing salads, and dipping bread.",16100,,,0,5,69e5aa4540cdaab22a0a1afa,69e5aa8040cdaab22a0a1b28,ACTIVE,,,,olive oil|EVOO|goccia doro|Italian oil,https://res.cloudinary.com/nigittriple/image/upload/v1776609402/claude/peperoncino-extra-vergine-di-oliva-005988.jpg,230ml,6,Italy,0.23,,,,,,,"Store in a cool, dark place away from heat and direct sunlight. Keep sealed.",,,,,,,,,,,[]
Aglio Extra Vergine Di Oliva,aglio-extra-vergine-di-oliva,OXXX-AGLEXT-500171,8003250006008.00,description,"Premium extra virgin olive oil ? ideal for cooking, dressing salads, and dipping bread.",16100,,,3,5,69e5aa4540cdaab22a0a1afa,69e5aa8040cdaab22a0a1b28,ACTIVE,,,,olive oil|EVOO|goccia doro|Italian oil,https://res.cloudinary.com/nigittriple/image/upload/v1776609393/claude/aglio-extra-vergine-di-oliva-006008.jpg,230ml,6,Italy,0.23,,,,,,,"Store in a cool, dark place away from heat and direct sunlight. Keep sealed.",,,,,,,,,,,[]
Extra Virgin Olive oil White Truffle Dressing,extra-virgin-olive-oil-white-truffle-dressing,OXXX-EXTVIR-296454,8056515244103.00,description,"Premium extra virgin olive oil ? ideal for cooking, dressing salads, and dipping bread.",26300,,,5,5,69e5aa4540cdaab22a0a1afa,69e5aa7f40cdaab22a0a1b27,ACTIVE,,,,olive oil|EVOO|ristoris|Italian oil,https://res.cloudinary.com/nigittriple/image/upload/v1776609385/claude/extra-virgin-olive-oil-white-truffle-dressing-244103.jpg,230ml,6,Italy,0.23,,,,,,,"Store in a cool, dark place away from heat and direct sunlight. Keep sealed.",,,,,,,,,,,[]
Pasta Ravioli Parmaham,pasta-ravioli-parmaham,IPXX-PASRAV-645127,8005180010544,"Pasta Ravioli Parmaham by Pagani is a premium Italian pasta made by Pagani. Made from 100% durum wheat semolina and pure water, slowly dried at low temperature to preserve its natural texture and flavour. Cook in boiling salted water for 10-14 minutes.",Pagani Pasta Ravioli Parmaham ? premium Italian pasta of exceptional quality.,9950,,,7,5,69e5aa4140cdaab22a0a1af6,69e5aa7e40cdaab22a0a1b26,ACTIVE,,,,pasta|Italian pasta|pagani|pasta,https://res.cloudinary.com/nigittriple/image/upload/v1776609376/claude/pasta-ravioli-parmaham-010544.jpg,500g,12,Italy,0.5,,,,,,,"Store in a cool, dry place. Keep away from moisture.","Durum wheat semolina (100%), water",Gluten,,,,,,,,,[]
Pasta Tortellini Parma Ham 3 colours,pasta-tortellini-parma-ham-3-colours,IPXX-PASTOR-458866,8005180150288,"Pasta Tortellini Parma Ham 3 colours by Pagani is a premium Italian pasta made by Pagani. Made from 100% durum wheat semolina and pure water, slowly dried at low temperature to preserve its natural texture and flavour. Cook in boiling salted water for 10-14 minutes.",Pagani Pasta Tortellini Parma Ham 3 colours ? premium Italian pasta of exceptional quality.,4900,,,13,5,69e5aa4140cdaab22a0a1af6,69e5aa7e40cdaab22a0a1b26,ACTIVE,,,,pasta|Italian pasta|pagani|pasta,https://res.cloudinary.com/nigittriple/image/upload/v1776609367/claude/pasta-tortellini-parma-ham-3-colours-150288.jpg,250g,12,Italy,0.25,,,,,,,"Store in a cool, dry place. Keep away from moisture.","Durum wheat semolina (100%), water",Gluten,,,,,,,,,[]
Pasta Tortellini Parmaham,pasta-tortellini-parmaham,IPXX-PASTOR-921514,8005180011008,"Pasta Tortellini Parmaham by Pagani is a premium Italian pasta made by Pagani. Made from 100% durum wheat semolina and pure water, slowly dried at low temperature to preserve its natural texture and flavour. Cook in boiling salted water for 10-14 minutes.",Pagani Pasta Tortellini Parmaham ? premium Italian pasta of exceptional quality.,19900,,,8,5,69e5aa4140cdaab22a0a1af6,69e5aa7e40cdaab22a0a1b26,ACTIVE,,,,pasta|Italian pasta|pagani|pasta,https://res.cloudinary.com/nigittriple/image/upload/v1776609357/claude/pasta-tortellini-parmaham-011008.jpg,1000g,12,Italy,1,,,,,,,"Store in a cool, dry place. Keep away from moisture.","Durum wheat semolina (100%), water",Gluten,,,,,,,,,[]
PEELED PLUM TOMATOES ,pomodori,CFXX-POM-302248,8007290431448.00,description,Pomodori ? quality preserved food for your pantry.,2500,,,0,5,69e5aa4440cdaab22a0a1af9,69e5aa7240cdaab22a0a1b1d,ACTIVE,,,,canned food|granoro|sauce,https://res.cloudinary.com/nigittriple/image/upload/v1776609348/claude/pomodori-431448.jpg,400g,,Italy,0.4,,,,,,,"Store in a cool, dry place. Once opened, transfer to a non-metallic container and refrigerate. Use within 2 days.",,,,,,,,,,,[]
GRANORO CHOPPED TOMATOES 400G,polpa-in-pezzi,CFXX-POLIN-303970,8007290431455.00,description,Polpa In Pezzi ? quality preserved food for your pantry.,2500,,,0,5,69e5aa4440cdaab22a0a1af9,69e5aa7240cdaab22a0a1b1d,ACTIVE,,,,canned food|granoro|sauce,https://res.cloudinary.com/nigittriple/image/upload/v1776609339/claude/polpa-in-pezzi-431455.jpg,400g,,Italy,0.4,,,,,,,"Store in a cool, dry place. Once opened, transfer to a non-metallic container and refrigerate. Use within 2 days.",,,,,,,,,,,[]
Pasta Mezze Penne Rigate Wholewheat Organic,pasta-mezze-penne-rigate-wholewheat-organic,IPXX-PASMEZ-838514,8007290335050,"Pasta Mezze Penne Rigate Wholewheat Organic by Granoro is a premium Italian pasta made by Granoro, specialists in premium Pugliese durum wheat pasta. Crafted from 100% organic durum wheat. Cook in boiling salted water for 8-10 minutes.",Granoro Pasta Mezze Penne Rigate Wholewheat Organic ? premium Italian organic pasta of exceptional quality.,3600,,,15,5,69e5aa4140cdaab22a0a1af6,69e5aa7240cdaab22a0a1b1d,ACTIVE,,,,pasta|Italian pasta|granoro|pasta|organic|wholegrain|wholewheat,https://res.cloudinary.com/nigittriple/image/upload/v1776609331/claude/pasta-mezze-penne-rigate-wholewheat-organic-335050.jpg,500g,12,Italy,0.5,,,,,,,"Store in a cool, dry place. Keep away from moisture.","Organic durum wheat semolina, water",Gluten,,,,,,,,,[]
Pasta Farfalle Wholewheat Organic,pasta-farfalle-wholewheat-organic,IPXX-PASFAR-729127,8007290000170,"Pasta Farfalle Wholewheat Organic by Granoro is a premium Italian pasta made by Granoro, specialists in premium Pugliese durum wheat pasta. Crafted from 100% organic durum wheat. Cook in boiling salted water for 8-10 minutes.",Granoro Pasta Farfalle Wholewheat Organic ? premium Italian organic pasta of exceptional quality.,3600,,,16,5,69e5aa4140cdaab22a0a1af6,69e5aa7240cdaab22a0a1b1d,ACTIVE,,,,pasta|Italian pasta|granoro|pasta|organic|wholegrain|wholewheat,https://res.cloudinary.com/nigittriple/image/upload/v1776609317/claude/pasta-farfalle-wholewheat-organic-000170.jpg,500g,12,Italy,0.5,,,,,,,"Store in a cool, dry place. Keep away from moisture.","Organic durum wheat semolina, water",Gluten,,,,,,,,,[]
Pasta Gnocchetti Sardi Wholewheat Organic,pasta-gnocchetti-sardi-wholewheat-organic,IPXX-PASGNO-174062,8007290335098,"Pasta Gnocchetti Sardi Wholewheat Organic by Granoro is a premium Italian pasta made by Granoro, specialists in premium Pugliese durum wheat pasta. Crafted from 100% organic durum wheat. Cook in boiling salted water for 8-10 minutes.",Granoro Pasta Gnocchetti Sardi Wholewheat Organic ? premium Italian organic pasta of exceptional quality.,3600,,,12,5,69e5aa4140cdaab22a0a1af6,69e5aa7240cdaab22a0a1b1d,ACTIVE,,,,pasta|Italian pasta|granoro|pasta|organic|wholegrain|wholewheat,https://res.cloudinary.com/nigittriple/image/upload/v1776609307/claude/pasta-gnocchetti-sardi-wholewheat-organic-335098.jpg,500g,12,Italy,0.5,,,,,,,"Store in a cool, dry place. Keep away from moisture.","Organic durum wheat semolina, water",Gluten,,,,,,,,,[]
Pasta Elicoidali Wholewheat Organic,pasta-elicoidali-wholewheat-organic,IPXX-PASELI-682662,8007290335029,"Pasta Elicoidali Wholewheat Organic by Granoro is a premium Italian pasta made by Granoro, specialists in premium Pugliese durum wheat pasta. Crafted from 100% organic durum wheat. Cook in boiling salted water for 8-10 minutes.",Granoro Pasta Elicoidali Wholewheat Organic ? premium Italian organic pasta of exceptional quality.,3600,,,11,5,69e5aa4140cdaab22a0a1af6,69e5aa7240cdaab22a0a1b1d,ACTIVE,,,,pasta|Italian pasta|granoro|pasta|organic|wholegrain|wholewheat,https://res.cloudinary.com/nigittriple/image/upload/v1776609297/claude/pasta-elicoidali-wholewheat-organic-335029.jpg,500g,12,Italy,0.5,,,,,,,"Store in a cool, dry place. Keep away from moisture.","Organic durum wheat semolina, water",Gluten,,,,,,,,,[]
Pasta Fusilli Wholewheat Organic,pasta-fusilli-wholewheat-organic,IPXX-PASFUS-526953,8007290335043,"Pasta Fusilli Wholewheat Organic by Granoro is a premium Italian pasta made by Granoro, specialists in premium Pugliese durum wheat pasta. Crafted from 100% organic durum wheat. Cook in boiling salted water for 8-10 minutes.",Granoro Pasta Fusilli Wholewheat Organic ? premium Italian organic pasta of exceptional quality.,3600,,,5,5,69e5aa4140cdaab22a0a1af6,69e5aa7240cdaab22a0a1b1d,ACTIVE,,,,pasta|Italian pasta|granoro|pasta|organic|wholegrain|wholewheat,https://res.cloudinary.com/nigittriple/image/upload/v1776609249/claude/pasta-fusilli-wholewheat-organic-335043.jpg,500g,12,Italy,0.5,,,,,,,"Store in a cool, dry place. Keep away from moisture.","Organic durum wheat semolina, water",Gluten,,,,,,,,,[]
Pasta Orecchiette Wholewheat Organic,pasta-orecchiette-wholewheat-organic,IPXX-PASORE-203651,8007290335074,"Pasta Orecchiette Wholewheat Organic by Granoro is a premium Italian pasta made by Granoro, specialists in premium Pugliese durum wheat pasta. Crafted from 100% organic durum wheat. Cook in boiling salted water for 8-10 minutes.",Granoro Pasta Orecchiette Wholewheat Organic ? premium Italian organic pasta of exceptional quality.,3800,,,11,5,69e5aa4140cdaab22a0a1af6,69e5aa7240cdaab22a0a1b1d,ACTIVE,,,,pasta|Italian pasta|granoro|pasta|organic|wholegrain|wholewheat,https://res.cloudinary.com/nigittriple/image/upload/v1776609239/claude/pasta-orecchiette-wholewheat-organic-335074.jpg,500g,12,Italy,0.5,,,,,,,"Store in a cool, dry place. Keep away from moisture.","Organic durum wheat semolina, water",Gluten,,,,,,,,,[]
Pasta Linguine Wholewheat Organic,pasta-linguine-wholewheat-organic,IPXX-PASLIN-778630,8007290335067,"Pasta Linguine Wholewheat Organic by Granoro is a premium Italian pasta made by Granoro, specialists in premium Pugliese durum wheat pasta. Crafted from 100% organic durum wheat. Cook in boiling salted water for 8-10 minutes.",Granoro Pasta Linguine Wholewheat Organic ? premium Italian organic pasta of exceptional quality.,3600,,,19,5,69e5aa4140cdaab22a0a1af6,69e5aa7240cdaab22a0a1b1d,ACTIVE,,,,pasta|Italian pasta|granoro|pasta|organic|wholegrain|wholewheat,https://res.cloudinary.com/nigittriple/image/upload/v1776609227/claude/pasta-linguine-wholewheat-organic-335067.jpg,500g,12,Italy,0.5,,,,,,,"Store in a cool, dry place. Keep away from moisture.","Organic durum wheat semolina, water",Gluten,,,,,,,,,[]
Pasta Spaghetti Wholewheat Organic,pasta-spaghetti-wholewheat-organic,IPXX-PASSPA-328098,8007290335005,"Pasta Spaghetti Wholewheat Organic by Granoro is a premium Italian pasta made by Granoro, specialists in premium Pugliese durum wheat pasta. Crafted from 100% organic durum wheat. Cook in boiling salted water for 8-10 minutes.",Granoro Pasta Spaghetti Wholewheat Organic ? premium Italian organic pasta of exceptional quality.,3600,,,14,5,69e5aa4140cdaab22a0a1af6,69e5aa7240cdaab22a0a1b1d,ACTIVE,,,,pasta|Italian pasta|granoro|pasta|organic|wholegrain|wholewheat,https://res.cloudinary.com/nigittriple/image/upload/v1776609214/claude/pasta-spaghetti-wholewheat-organic-335005.jpg,500g,12,Italy,0.5,,,,,,,"Store in a cool, dry place. Keep away from moisture.","Organic durum wheat semolina, water",Gluten,,,,,,,,,[]
Pasta Rustiche Wholewheat Organic,pasta-rustiche-wholewheat-organic,IPXX-PASRUS-410329,8007290335111,"Pasta Rustiche Wholewheat Organic by Granoro is a premium Italian pasta made by Granoro, specialists in premium Pugliese durum wheat pasta. Crafted from 100% organic durum wheat. Cook in boiling salted water for 8-10 minutes.",Granoro Pasta Rustiche Wholewheat Organic ? premium Italian organic pasta of exceptional quality.,5000,,,15,5,69e5aa4140cdaab22a0a1af6,69e5aa7240cdaab22a0a1b1d,ACTIVE,,,,pasta|Italian pasta|granoro|pasta|organic|wholegrain|wholewheat,https://res.cloudinary.com/nigittriple/image/upload/v1776609202/claude/pasta-rustiche-wholewheat-organic-335111.jpg,500g,12,Italy,0.5,,,,,,,"Store in a cool, dry place. Keep away from moisture.","Organic durum wheat semolina, water",Gluten,,,,,,,,,[]
Pasta Penne rigate Wholewheat Organic,pasta-penne-rigate-wholewheat-organic,IPXX-PASPEN-136971,8007290335081,"Pasta Penne rigate Wholewheat Organic by Granoro is a premium Italian pasta made by Granoro, specialists in premium Pugliese durum wheat pasta. Crafted from 100% organic durum wheat. Cook in boiling salted water for 8-10 minutes.",Granoro Pasta Penne rigate Wholewheat Organic ? premium Italian organic pasta of exceptional quality.,3600,,,10,5,69e5aa4140cdaab22a0a1af6,69e5aa7240cdaab22a0a1b1d,ACTIVE,,,,pasta|Italian pasta|granoro|pasta|organic|wholegrain|wholewheat,https://res.cloudinary.com/nigittriple/image/upload/v1776609189/claude/pasta-penne-rigate-wholewheat-organic-335081.jpg,500g,12,Italy,0.5,,,,,,,"Store in a cool, dry place. Keep away from moisture.","Organic durum wheat semolina, water",Gluten,,,,,,,,,[]
Orecchiette no91,orecchiette-no91,IPXX-ORENO9-537723,8001250005984.00,description,DE CECCO Orecchiette no91 ? premium Italian pasta of exceptional quality.,6000,,,10,5,69e5aa4140cdaab22a0a1af6,69e5aa7a40cdaab22a0a1b24,ACTIVE,,,,pasta|Italian pasta|de cecco|orecchiette,https://res.cloudinary.com/nigittriple/image/upload/v1776609179/claude/orecchiette-no91-005984.jpg,500g,12,Italy,0.5,,,,,,,"Store in a cool, dry place. Keep away from moisture.","Durum wheat semolina (100%), water",Gluten,,,,,,,,,[]
Pasta Spaghetti Organic,pasta-spaghetti-organic,IPXX-PASSPA-253635,8007290133120,"Pasta Spaghetti Organic by Granoro is a premium Italian pasta made by Granoro, specialists in premium Pugliese durum wheat pasta. Crafted from 100% organic durum wheat. Cook in boiling salted water for 7-9 minutes.",Granoro Pasta Spaghetti Organic ? premium Italian organic pasta of exceptional quality.,3300,,,15,5,69e5aa4140cdaab22a0a1af6,69e5aa7240cdaab22a0a1b1d,ACTIVE,,,,pasta|Italian pasta|granoro|pasta|organic,https://res.cloudinary.com/nigittriple/image/upload/v1776609171/claude/pasta-spaghetti-organic-133120.jpg,500g,12,Italy,0.5,,,,,,,"Store in a cool, dry place. Keep away from moisture.","Organic durum wheat semolina, water",Gluten,,,,,,,,,[]
Pasta Rosmarino Organic,pasta-rosmarino-organic,IPXX-PASROS-925560,8007290133694,"Pasta Rosmarino Organic by Granoro is a premium Italian pasta made by Granoro, specialists in premium Pugliese durum wheat pasta. Crafted from 100% organic durum wheat. Cook in boiling salted water for 7-9 minutes.",Granoro Pasta Rosmarino Organic ? premium Italian organic pasta of exceptional quality.,3300,,,16,5,69e5aa4140cdaab22a0a1af6,69e5aa7240cdaab22a0a1b1d,ACTIVE,,,,pasta|Italian pasta|granoro|pasta|organic,https://res.cloudinary.com/nigittriple/image/upload/v1776609158/claude/pasta-rosmarino-organic-133694.jpg,500g,12,Italy,0.5,,,,,,,"Store in a cool, dry place. Keep away from moisture.","Organic durum wheat semolina, water",Gluten,,,,,,,,,[]
Fusilli no34,fusilli-no34,IPXX-FUSNO3-643784,8001250310347,"Fusilli no34 by DE CECCO is a premium Italian pasta made by DE CECCO. Made from 100% durum wheat semolina and pure water, slowly dried at low temperature to preserve its natural texture and flavour. Cook in boiling salted water for 10-14 minutes.",DE CECCO Fusilli no34 ? premium Italian pasta of exceptional quality.,6000,,,3,5,69e5aa4140cdaab22a0a1af6,69e5aa7a40cdaab22a0a1b24,ACTIVE,,,,pasta|Italian pasta|de cecco|fusilli,https://res.cloudinary.com/nigittriple/image/upload/v1776609133/claude/fusilli-no34-310347.jpg,500g,12,Italy,0.5,,,,,,,"Store in a cool, dry place. Keep away from moisture.","Durum wheat semolina (100%), water",Gluten,,,,,,,,,[]
Pasta Ditalini Rigati Organic,pasta-ditalini-rigati-organic,IPXX-PASDIT-970944,8007290133601,"Pasta Ditalini Rigati Organic by Granoro is a premium Italian pasta made by Granoro, specialists in premium Pugliese durum wheat pasta. Crafted from 100% organic durum wheat. Cook in boiling salted water for 7-9 minutes.",Granoro Pasta Ditalini Rigati Organic ? premium Italian organic pasta of exceptional quality.,3300,,,14,5,69e5aa4140cdaab22a0a1af6,69e5aa7240cdaab22a0a1b1d,ACTIVE,,,,pasta|Italian pasta|granoro|pasta|organic,https://res.cloudinary.com/nigittriple/image/upload/v1776609125/claude/pasta-ditalini-rigati-organic-133601.jpg,500g,12,Italy,0.5,,,,,,,"Store in a cool, dry place. Keep away from moisture.","Organic durum wheat semolina, water",Gluten,,,,,,,,,[]
Conchigliette Rigate no51,conchigliette-rigate-no51,IPXX-CONRIG-420241,8001250120519.00,description,DE CECCO Conchigliette Rigate no51 ? premium Italian pasta of exceptional quality.,5200,,,0,5,69e5aa4140cdaab22a0a1af6,69e5aa7a40cdaab22a0a1b24,ACTIVE,,,,pasta|Italian pasta|de cecco|conchigliette,https://res.cloudinary.com/nigittriple/image/upload/v1776609116/claude/conchigliette-rigate-no51-120519.jpg,500g,12,Italy,0.5,,,,,,,"Store in a cool, dry place. Keep away from moisture.","Durum wheat semolina (100%), water",Gluten,,,,,,,,,[]
Gnocchetti Sardi no83,gnocchetti-sardi-no83,IPXX-GNOSAR-254352,8001250120830.00,description,DE CECCO Gnocchetti Sardi no83 ? premium Italian pasta of exceptional quality.,5200,,,19,5,69e5aa4140cdaab22a0a1af6,69e5aa7a40cdaab22a0a1b24,ACTIVE,,,,pasta|Italian pasta|de cecco|gnocchetti,https://res.cloudinary.com/nigittriple/image/upload/v1776608051/claude/gnocchetti-sardi-no83-120830.jpg,500g,12,Italy,0.5,,,,,,,"Store in a cool, dry place. Keep away from moisture.","Durum wheat semolina (100%), water",Gluten,,,,,,,,,[]
Farfalle No-93,farfalle-no-93-t6ol,IPXX-FARNO--909183,8001250120939.00,description,DE CECCO Farfalle No-93 ? premium Italian pasta of exceptional quality.,5200,,,12,5,69e5aa4140cdaab22a0a1af6,69e5aa7a40cdaab22a0a1b24,ACTIVE,,,,pasta|Italian pasta|de cecco|farfalle,https://res.cloudinary.com/nigittriple/image/upload/v1776608037/claude/farfalle-no-93-120939.jpg,500g,12,Italy,0.5,,,,,,,"Store in a cool, dry place. Keep away from moisture.","Durum wheat semolina (100%), water",Gluten,,,,,,,,,[]
Pasta Mezze Penne rigate Organic,pasta-mezze-penne-rigate-organic,IPXX-PASMEZ-673499,8007290134066,"Pasta Mezze Penne rigate Organic by Granoro is a premium Italian pasta made by Granoro, specialists in premium Pugliese durum wheat pasta. Crafted from 100% organic durum wheat. Cook in boiling salted water for 7-9 minutes.",Granoro Pasta Mezze Penne rigate Organic ? premium Italian organic pasta of exceptional quality.,3300,,,6,5,69e5aa4140cdaab22a0a1af6,69e5aa7240cdaab22a0a1b1d,ACTIVE,,,,pasta|Italian pasta|granoro|pasta|organic,https://res.cloudinary.com/nigittriple/image/upload/v1776608027/claude/pasta-mezze-penne-rigate-organic-134066.jpg,500g,12,Italy,0.5,,,,,,,"Store in a cool, dry place. Keep away from moisture.","Organic durum wheat semolina, water",Gluten,,,,,,,,,[]
Casareccia No-88,casareccia-no-88,IPXX-CASNO--477987,8001250120885.00,description,DE CECCO Casareccia No-88 ? premium Italian pasta of exceptional quality.,5200,,,18,5,69e5aa4140cdaab22a0a1af6,69e5aa7a40cdaab22a0a1b24,ACTIVE,,,,pasta|Italian pasta|de cecco|casareccia,https://res.cloudinary.com/nigittriple/image/upload/v1776608013/claude/casareccia-no-88-120885.jpg,500g,12,Italy,0.5,,,,,,,"Store in a cool, dry place. Keep away from moisture.","Durum wheat semolina (100%), water",Gluten,,,,,,,,,[]
Pasta Elicoidali Organic,pasta-elicoidali-organic,IPXX-PASELI-932046,8007290133236,"Pasta Elicoidali Organic by Granoro is a premium Italian pasta made by Granoro, specialists in premium Pugliese durum wheat pasta. Crafted from 100% organic durum wheat. Cook in boiling salted water for 7-9 minutes.",Granoro Pasta Elicoidali Organic ? premium Italian organic pasta of exceptional quality.,3300,,,17,5,69e5aa4140cdaab22a0a1af6,69e5aa7240cdaab22a0a1b1d,ACTIVE,,,,pasta|Italian pasta|granoro|pasta|organic,https://res.cloudinary.com/nigittriple/image/upload/v1776608004/claude/pasta-elicoidali-organic-133236.jpg,500g,12,Italy,0.5,,,,,,,"Store in a cool, dry place. Keep away from moisture.","Organic durum wheat semolina, water",Gluten,,,,,,,,,[]
Pasta Penne rigate Organic,pasta-penne-rigate-organic,IPXX-PASPEN-945668,8007290133434,"Pasta Penne rigate Organic by Granoro is a premium Italian pasta made by Granoro, specialists in premium Pugliese durum wheat pasta. Crafted from 100% organic durum wheat. Cook in boiling salted water for 7-9 minutes.",Granoro Pasta Penne rigate Organic ? premium Italian organic pasta of exceptional quality.,3300,,,6,5,69e5aa4140cdaab22a0a1af6,69e5aa7240cdaab22a0a1b1d,ACTIVE,,,,pasta|Italian pasta|granoro|pasta|organic,https://res.cloudinary.com/nigittriple/image/upload/v1776607988/claude/pasta-penne-rigate-organic-133434.jpg,500g,12,Italy,0.5,,,,,,,"Store in a cool, dry place. Keep away from moisture.","Organic durum wheat semolina, water",Gluten,,,,,,,,,[]
Tortiglioni,tortiglioni-v624,IPXX-TOR-943620,8001250120236.00,description,DE CECCO Tortiglioni ? premium Italian pasta of exceptional quality.,5200,,,15,5,69e5aa4140cdaab22a0a1af6,69e5aa7a40cdaab22a0a1b24,ACTIVE,,,,pasta|Italian pasta|de cecco|tortiglioni,https://res.cloudinary.com/nigittriple/image/upload/v1776607975/claude/tortiglioni-120236.jpg,500g,12,Italy,0.5,,,,,,,"Store in a cool, dry place. Keep away from moisture.","Durum wheat semolina (100%), water",Gluten,,,,,,,,,[]
Pasta Farfalle Organic,pasta-farfalle-organic,IPXX-PASFAR-676381,8007290133793,"Pasta Farfalle Organic by Granoro is a premium Italian pasta made by Granoro, specialists in premium Pugliese durum wheat pasta. Crafted from 100% organic durum wheat. Cook in boiling salted water for 7-9 minutes.",Granoro Pasta Farfalle Organic ? premium Italian organic pasta of exceptional quality.,3300,,,22,5,69e5aa4140cdaab22a0a1af6,69e5aa7240cdaab22a0a1b1d,ACTIVE,,,,pasta|Italian pasta|granoro|pasta|organic,https://res.cloudinary.com/nigittriple/image/upload/v1776607966/claude/pasta-farfalle-organic-133793.jpg,500g,12,Italy,0.5,,,,,,,"Store in a cool, dry place. Keep away from moisture.","Organic durum wheat semolina, water",Gluten,,,,,,,,,[]
Pasta Capunti Wheat burnt,pasta-capunti-wheat-burnt,IPXX-PASCAP-245713,8007290634122,"Pasta Capunti Wheat burnt by Granoro is a premium Italian pasta made by Granoro, specialists in premium Pugliese durum wheat pasta. Made from 100% durum wheat semolina and pure water, slowly dried at low temperature to preserve its natural texture and flavour. Cook in boiling salted water for 10-14 minutes.",Granoro Pasta Capunti Wheat burnt ? premium Italian pasta of exceptional quality.,4300,,,7,5,69e5aa4140cdaab22a0a1af6,69e5aa7240cdaab22a0a1b1d,ACTIVE,,,,pasta|Italian pasta|granoro|pasta,https://res.cloudinary.com/nigittriple/image/upload/v1776607951/claude/pasta-capunti-wheat-burnt-634122.jpg,500g,12,Italy,0.5,,,,,,,"Store in a cool, dry place. Keep away from moisture.","Durum wheat semolina (100%), water",Gluten,,,,,,,,,[]
Gnocchetti Sardi No-63,gnocchetti-sardi-no-63,IPXX-GNOSAR-881273,8008343200639.00,description,Rummo Gnocchetti Sardi No-63 ? premium Italian pasta of exceptional quality.,5200,,,15,5,69e5aa4140cdaab22a0a1af6,69e5aa7d40cdaab22a0a1b25,ACTIVE,,,,pasta|Italian pasta|rummo|gnocchetti,https://res.cloudinary.com/nigittriple/image/upload/v1776607936/claude/gnocchetti-sardi-no-63-200639.jpg,500g,12,Italy,0.5,,,,,,,"Store in a cool, dry place. Keep away from moisture.","Durum wheat semolina (100%), water",Gluten,,,,,,,,,[]
Pasta Orecchiette Wheat Burnt,pasta-orecchiette-wheat-burnt,IPXX-PASORE-293996,8007290634115,"Pasta Orecchiette Wheat Burnt by Granoro is a premium Italian pasta made by Granoro, specialists in premium Pugliese durum wheat pasta. Made from 100% durum wheat semolina and pure water, slowly dried at low temperature to preserve its natural texture and flavour. Cook in boiling salted water for 10-14 minutes.",Granoro Pasta Orecchiette Wheat Burnt ? premium Italian pasta of exceptional quality.,4300,,,9,5,69e5aa4140cdaab22a0a1af6,69e5aa7240cdaab22a0a1b1d,ACTIVE,,,,pasta|Italian pasta|granoro|pasta,https://res.cloudinary.com/nigittriple/image/upload/v1776607924/claude/pasta-orecchiette-wheat-burnt-634115.jpg,500g,12,Italy,0.5,,,,,,,"Store in a cool, dry place. Keep away from moisture.","Durum wheat semolina (100%), water",Gluten,,,,,,,,,[]
Pasta Spaghetti Gluten Free,pasta-spaghetti-gluten-free,IPXX-PASSPA-144181,8008912530037,"Pasta Spaghetti Gluten Free by Liguori is a premium Italian pasta made by Pastificio Liguori, one of Campania's oldest pasta makers since 1795. Made from 100% durum wheat semolina and pure water, slowly dried at low temperature to preserve its natural texture and flavour. Cook in boiling salted water for 10-14 minutes.",Liguori Pasta Spaghetti Gluten Free ? premium Italian pasta of exceptional quality.,4500,,,20,5,69e5aa4140cdaab22a0a1af6,69e5aa6940cdaab22a0a1b16,ACTIVE,,,,pasta|Italian pasta|liguori|pasta,https://res.cloudinary.com/nigittriple/image/upload/v1776607903/claude/pasta-spaghetti-gluten-free-530037.jpg,400g,12,Italy,0.4,,,,,,,"Store in a cool, dry place. Keep away from moisture.","Durum wheat semolina (100%), water",Gluten,,,,,,,,,[]
Penne Rigate No-20,penne-rigate-no-20,IPXX-PENRIG-393531,8004690052044.00,description,la Molisana Penne Rigate No-20 ? premium Italian pasta of exceptional quality.,4000,,,28,5,69e5aa4140cdaab22a0a1af6,69e5aa7940cdaab22a0a1b23,ACTIVE,,,,pasta|Italian pasta|la molisana|penne,https://res.cloudinary.com/nigittriple/image/upload/v1776607883/claude/penne-rigate-no-20-052044.jpg,500g,12,Italy,0.5,,,,,,,"Store in a cool, dry place. Keep away from moisture.","Durum wheat semolina (100%), water",Gluten,,,,,,,,,[]
Pasta Fusilli Gluten Free,pasta-fusilli-gluten-free,IPXX-PASFUS-562367,8008912530310,"Pasta Fusilli Gluten Free by Liguori is a premium Italian pasta made by Pastificio Liguori, one of Campania's oldest pasta makers since 1795. Made from 100% durum wheat semolina and pure water, slowly dried at low temperature to preserve its natural texture and flavour. Cook in boiling salted water for 10-14 minutes.",Liguori Pasta Fusilli Gluten Free ? premium Italian pasta of exceptional quality.,4500,,,17,5,69e5aa4140cdaab22a0a1af6,69e5aa6940cdaab22a0a1b16,ACTIVE,,,,pasta|Italian pasta|liguori|pasta,https://res.cloudinary.com/nigittriple/image/upload/v1776607874/claude/pasta-fusilli-gluten-free-530310.jpg,400g,12,Italy,0.4,,,,,,,"Store in a cool, dry place. Keep away from moisture.","Durum wheat semolina (100%), water",Gluten,,,,,,,,,[]
Pasta Penne Rigate Gluten Free,pasta-penne-rigate-gluten-free,IPXX-PASPEN-104149,8008912530426,"Pasta Penne Rigate Gluten Free by Liguori is a premium Italian pasta made by Pastificio Liguori, one of Campania's oldest pasta makers since 1795. Made from 100% durum wheat semolina and pure water, slowly dried at low temperature to preserve its natural texture and flavour. Cook in boiling salted water for 10-14 minutes.",Liguori Pasta Penne Rigate Gluten Free ? premium Italian pasta of exceptional quality.,4500,,,11,5,69e5aa4140cdaab22a0a1af6,69e5aa6940cdaab22a0a1b16,ACTIVE,,,,pasta|Italian pasta|liguori|pasta,https://res.cloudinary.com/nigittriple/image/upload/v1776607864/claude/pasta-penne-rigate-gluten-free-530426.jpg,400g,12,Italy,0.4,,,,,,,"Store in a cool, dry place. Keep away from moisture.","Durum wheat semolina (100%), water",Gluten,,,,,,,,,[]
Sedani Rigati no-57,sedani-rigati-no-57,IPXX-SEDRIG-857115,8001250120571.00,description,DE CECCO Sedani Rigati no-57 ? premium Italian pasta of exceptional quality.,5200,,,4,5,69e5aa4140cdaab22a0a1af6,69e5aa7a40cdaab22a0a1b24,ACTIVE,,,,pasta|Italian pasta|de cecco|sedani,https://res.cloudinary.com/nigittriple/image/upload/v1776607851/claude/sedani-rigati-no-57-120571.jpg,500g,12,Italy,0.5,,,,,,,"Store in a cool, dry place. Keep away from moisture.","Durum wheat semolina (100%), water",Gluten,,,,,,,,,[]
Rigatoni no-24,rigatoni-no-24,IPXX-RIGNO--898321,8001250120243.00,description,DE CECCO Rigatoni no-24 ? premium Italian pasta of exceptional quality.,5200,,,3,5,69e5aa4140cdaab22a0a1af6,69e5aa7a40cdaab22a0a1b24,ACTIVE,,,,pasta|Italian pasta|de cecco|rigatoni,https://res.cloudinary.com/nigittriple/image/upload/v1776607838/claude/rigatoni-no-24-120243.jpg,500g,12,Italy,0.5,,,,,,,"Store in a cool, dry place. Keep away from moisture.","Durum wheat semolina (100%), water",Gluten,,,,,,,,,[]
Bucarini No9,bucarini-no9,IPXX-BUCNO9-299760,8076800315097.00,description,Barilla Bucarini No9 ? premium Italian pasta of exceptional quality.,4550,,,7,5,69e5aa4140cdaab22a0a1af6,69e5aa7740cdaab22a0a1b21,ACTIVE,,,,pasta|Italian pasta|barilla|bucarini,https://res.cloudinary.com/nigittriple/image/upload/v1776607828/claude/bucarini-no9-315097.jpg,500g,12,Italy,0.5,,,,,,,"Store in a cool, dry place. Keep away from moisture.","Durum wheat semolina (100%), water",Gluten,,,,,,,,,[]
BARILLA PASTA FUSILLI N.98 GR.500,fusilli-no-98,IPXX-FUSNO--943424,8076802085981.00,description,Barilla Fusilli No-98 ? premium Italian pasta of exceptional quality.,4550,,,2,5,69e5aa4140cdaab22a0a1af6,69e5aa7740cdaab22a0a1b21,ACTIVE,,,,pasta|Italian pasta|barilla|fusilli,https://res.cloudinary.com/nigittriple/image/upload/v1776607816/claude/fusilli-no-98-085981.jpg,500g,12,Italy,0.5,,,,,,,"Store in a cool, dry place. Keep away from moisture.","Durum wheat semolina (100%), water",Gluten,,,,,,,,,[]
Farfalle no-93,farfalle-no-93,IPXX-FARNO--600113,8001250006189.00,description,DE CECCO Farfalle no-93 ? premium Italian pasta of exceptional quality.,6000,,,8,5,69e5aa4140cdaab22a0a1af6,69e5aa7a40cdaab22a0a1b24,ACTIVE,,,,pasta|Italian pasta|de cecco|farfalle,https://res.cloudinary.com/nigittriple/image/upload/v1776607802/claude/farfalle-no-93-006189.jpg,500g,12,Italy,0.5,,,,,,,"Store in a cool, dry place. Keep away from moisture.","Durum wheat semolina (100%), water",Gluten,,,,,,,,,[]
BARILLA PAPPARDELLE EGGS GRV 500,pasta-pappardelle-ruvide,IPXX-PASPAP-149892,8076809523004.00,description,Barilla Pasta Pappardelle Ruvide ? premium Italian pasta of exceptional quality.,10735,,,0,5,69e5aa4140cdaab22a0a1af6,69e5aa7740cdaab22a0a1b21,ACTIVE,,,,pasta|Italian pasta|barilla|pasta,https://res.cloudinary.com/nigittriple/image/upload/v1776607792/claude/pasta-pappardelle-ruvide-523004.jpg,500g,12,Italy,0.5,,,,,,,"Store in a cool, dry place. Keep away from moisture.","Durum wheat semolina (100%), water",Gluten,,,,,,,,,[]
Pasta Tagliatelle Plain spinach,pasta-tagliatelle-plain-spinach,IPXX-PASTAG-739662,8076809514750.00,description,Barilla Pasta Tagliatelle Plain spinach ? premium Italian pasta of exceptional quality.,9150,,,2,5,69e5aa4140cdaab22a0a1af6,69e5aa7740cdaab22a0a1b21,ACTIVE,,,,pasta|Italian pasta|barilla|pasta,https://res.cloudinary.com/nigittriple/image/upload/v1776607781/claude/pasta-tagliatelle-plain-spinach-514750.jpg,250g,12,Italy,0.25,,,,,,,"Store in a cool, dry place. Keep away from moisture.","Durum wheat semolina, spinach powder, water",Gluten,,,,,,,,,[]
Tortiglioni No-83,tortiglioni-no-83,IPXX-TORNO--906502,8076802085837.00,description,Barilla Tortiglioni No-83 ? premium Italian pasta of exceptional quality.,4250,,,13,5,69e5aa4140cdaab22a0a1af6,69e5aa7740cdaab22a0a1b21,ACTIVE,,,,pasta|Italian pasta|barilla|tortiglioni,https://res.cloudinary.com/nigittriple/image/upload/v1776607768/claude/tortiglioni-no-83-085837.jpg,500g,12,Italy,0.5,,,,,,,"Store in a cool, dry place. Keep away from moisture.","Durum wheat semolina (100%), water",Gluten,,,,,,,,,[]
Pasta Paccheri n.136,pasta-paccheri-n-136,IPXX-PASPAC-632277,8007290631367.00,description,Granoro Pasta Paccheri n.136 ? premium Italian pasta of exceptional quality.,3200,,,12,5,69e5aa4140cdaab22a0a1af6,69e5aa7240cdaab22a0a1b1d,ACTIVE,,,,pasta|Italian pasta|granoro|pasta,https://res.cloudinary.com/nigittriple/image/upload/v1776607758/claude/pasta-paccheri-n-136-631367.jpg,500g,12,Italy,0.5,,,,,,,"Store in a cool, dry place. Keep away from moisture.","Durum wheat semolina (100%), water",Gluten,,,,,,,,,[]
Rigatoni No-89,rigatoni-no-89,IPXX-RIGNO--295692,8076802085899.00,description,Barilla Rigatoni No-89 ? premium Italian pasta of exceptional quality.,4550,,,13,5,69e5aa4140cdaab22a0a1af6,69e5aa7740cdaab22a0a1b21,ACTIVE,,,,pasta|Italian pasta|barilla|rigatoni,https://res.cloudinary.com/nigittriple/image/upload/v1776607745/claude/rigatoni-no-89-085899.jpg,500g,12,Italy,0.5,,,,,,,"Store in a cool, dry place. Keep away from moisture.","Durum wheat semolina (100%), water",Gluten,,,,,,,,,[]
Pasta Mafaldine n.05,pasta-mafaldine-n-05,IPXX-PASMAF-642021,8007290930057.00,description,Granoro Pasta Mafaldine n.05 ? premium Italian pasta of exceptional quality.,4950,,,14,5,69e5aa4140cdaab22a0a1af6,69e5aa7240cdaab22a0a1b1d,ACTIVE,,,,pasta|Italian pasta|granoro|pasta,https://res.cloudinary.com/nigittriple/image/upload/v1776607736/claude/pasta-mafaldine-n-05-930057.jpg,500g,12,Italy,0.5,,,,,,,"Store in a cool, dry place. Keep away from moisture.","Durum wheat semolina (100%), water",Gluten,,,,,,,,,[]
Penne Rigate No-73,penne-rigate-no-73,IPXX-PENRIG-145739,8076802085738.00,description,Barilla Penne Rigate No-73 ? premium Italian pasta of exceptional quality.,4550,,,21,5,69e5aa4140cdaab22a0a1af6,69e5aa7740cdaab22a0a1b21,ACTIVE,,,,pasta|Italian pasta|barilla|penne,https://res.cloudinary.com/nigittriple/image/upload/v1776607726/claude/penne-rigate-no-73-085738.jpg,500g,12,Italy,0.5,,,,,,,"Store in a cool, dry place. Keep away from moisture.","Durum wheat semolina (100%), water",Gluten,,,,,,,,,[]
Pasta Tagliolini n.83,pasta-tagliolini-n-83,IPXX-PASTAG-587599,8007290330833.00,description,Granoro Pasta Tagliolini n.83 ? premium Italian pasta of exceptional quality.,4500,,,7,5,69e5aa4140cdaab22a0a1af6,69e5aa7240cdaab22a0a1b1d,ACTIVE,,,,pasta|Italian pasta|granoro|pasta,https://res.cloudinary.com/nigittriple/image/upload/v1776607688/claude/pasta-tagliolini-n-83-330833.jpg,500g,12,Italy,0.5,,,,,,,"Store in a cool, dry place. Keep away from moisture.","Durum wheat semolina (100%), water",Gluten,,,,,,,,,[]
Pasta Ziti n.8,pasta-ziti-n-8,IPXX-PASZIT-835304,8007290330086.00,description,Granoro Pasta Ziti n.8 ? premium Italian pasta of exceptional quality.,2800,,,17,5,69e5aa4140cdaab22a0a1af6,69e5aa7240cdaab22a0a1b1d,ACTIVE,,,,pasta|Italian pasta|granoro|pasta,https://res.cloudinary.com/nigittriple/image/upload/v1776607672/claude/pasta-ziti-n-8-330086.jpg,500g,12,Italy,0.5,,,,,,,"Store in a cool, dry place. Keep away from moisture.","Durum wheat semolina (100%), water",Gluten,,,,,,,,,[]
Farfalle n.65,farfalle-n-65,IPXX-FARN.6-970262,8076809528016.00,description,Barilla Farfalle n.65 ? premium Italian pasta of exceptional quality.,4550,,,3,5,69e5aa4140cdaab22a0a1af6,69e5aa7740cdaab22a0a1b21,ACTIVE,,,,pasta|Italian pasta|barilla|farfalle,https://res.cloudinary.com/nigittriple/image/upload/v1776607652/claude/farfalle-n-65-528016.jpg,1000g,12,Italy,1,,,,,,,"Store in a cool, dry place. Keep away from moisture.","Durum wheat semolina (100%), water",Gluten,,,,,,,,,[]
La Mafalda,la-mafalda,IPXX-LAMAF-784119,8076810500902.00,description,Voiello La Mafalda ? premium Italian pasta of exceptional quality.,5500,,,0,5,69e5aa4140cdaab22a0a1af6,69e5aa7840cdaab22a0a1b22,ACTIVE,,,,pasta|Italian pasta|voiello|la,https://res.cloudinary.com/nigittriple/image/upload/v1776607641/claude/la-mafalda-500902.jpg,500g,12,Italy,0.5,,,,,,,"Store in a cool, dry place. Keep away from moisture.","Durum wheat semolina (100%), water",Gluten,,,,,,,,,[]
Pasta Mezzi Paccheri n.256,pasta-mezzi-paccheri-n-256,IPXX-PASMEZ-199619,8007290932563.00,description,Granoro Pasta Mezzi Paccheri n.256 ? premium Italian pasta of exceptional quality.,3200,,,15,5,69e5aa4140cdaab22a0a1af6,69e5aa7240cdaab22a0a1b1d,ACTIVE,,,,pasta|Italian pasta|granoro|pasta,https://res.cloudinary.com/nigittriple/image/upload/v1776607628/claude/pasta-mezzi-paccheri-n-256-932563.jpg,500g,12,Italy,0.5,,,,,,,"Store in a cool, dry place. Keep away from moisture.","Durum wheat semolina (100%), water",Gluten,,,,,,,,,[]
La Farfalla,la-farfalla,IPXX-LAFAR-517866,8076810500735.00,description,Voiello La Farfalla ? premium Italian pasta of exceptional quality.,5200,,,27,5,69e5aa4140cdaab22a0a1af6,69e5aa7840cdaab22a0a1b22,ACTIVE,,,,pasta|Italian pasta|voiello|la,https://res.cloudinary.com/nigittriple/image/upload/v1776607615/claude/la-farfalla-500735.jpg,500g,12,Italy,0.5,,,,,,,"Store in a cool, dry place. Keep away from moisture.","Durum wheat semolina (100%), water",Gluten,,,,,,,,,[]
Pasta Calamarata,pasta-calamarata,IPXX-PASCAL-539893,8000139002021.00,description,Garofalo Pasta Calamarata ? premium Italian pasta of exceptional quality.,5500,,,6,5,69e5aa4140cdaab22a0a1af6,69e5aa7440cdaab22a0a1b1e,ACTIVE,,,,pasta|Italian pasta|garofalo|pasta,https://res.cloudinary.com/nigittriple/image/upload/v1776607602/claude/pasta-calamarata-002021.jpg,500g,12,Italy,0.5,,,,,,,"Store in a cool, dry place. Keep away from moisture.","Durum wheat semolina (100%), water",Gluten,,,,,,,,,[]
IL Fusill,il-fusill,IPXX-ILFUS-952354,8076810500407.00,description,Voiello IL Fusill ? premium Italian pasta of exceptional quality.,6570,,,6,5,69e5aa4140cdaab22a0a1af6,69e5aa7840cdaab22a0a1b22,ACTIVE,,,,pasta|Italian pasta|voiello|il,https://res.cloudinary.com/nigittriple/image/upload/v1776607576/claude/il-fusill-500407.jpg,500g,12,Italy,0.5,,,,,,,"Store in a cool, dry place. Keep away from moisture.","Durum wheat semolina (100%), water",Gluten,,,,,,,,,[]
Pasta Pantacce n.125,pasta-pantacce-n-125,IPXX-PASPAN-219613,8007290331250.00,description,Granoro Pasta Pantacce n.125 ? premium Italian pasta of exceptional quality.,2800,,,19,5,69e5aa4140cdaab22a0a1af6,69e5aa7240cdaab22a0a1b1d,ACTIVE,,,,pasta|Italian pasta|granoro|pasta,https://res.cloudinary.com/nigittriple/image/upload/v1776607563/claude/pasta-pantacce-n-125-331250.jpg,500g,12,Italy,0.5,,,,,,,"Store in a cool, dry place. Keep away from moisture.","Durum wheat semolina (100%), water",Gluten,,,,,,,,,[]
Pasta Rustiche n.251,pasta-rustiche-n-251,IPXX-PASRUS-218644,8007290932518.00,description,Granoro Pasta Rustiche n.251 ? premium Italian pasta of exceptional quality.,4500,,,15,5,69e5aa4140cdaab22a0a1af6,69e5aa7240cdaab22a0a1b1d,ACTIVE,,,,pasta|Italian pasta|granoro|pasta,https://res.cloudinary.com/nigittriple/image/upload/v1776607547/claude/pasta-rustiche-n-251-932518.jpg,500g,12,Italy,0.5,,,,,,,"Store in a cool, dry place. Keep away from moisture.","Durum wheat semolina (100%), water",Gluten,,,,,,,,,[]
Pasta Zitoni n.189,pasta-zitoni-n-189,IPXX-PASZIT-599474,8007290931894.00,description,Granoro Pasta Zitoni n.189 ? premium Italian pasta of exceptional quality.,3300,,,24,5,69e5aa4140cdaab22a0a1af6,69e5aa7240cdaab22a0a1b1d,ACTIVE,,,,pasta|Italian pasta|granoro|pasta,https://res.cloudinary.com/nigittriple/image/upload/v1776607533/claude/pasta-zitoni-n-189-931894.jpg,500g,12,Italy,0.5,,,,,,,"Store in a cool, dry place. Keep away from moisture.","Durum wheat semolina (100%), water",Gluten,,,,,,,,,[]
Orecchiette Pugliesi No-30,orecchiette-pugliesi-no-30,IPXX-OREPUG-785690,8004690129166.00,description,La Molisana Orecchiette Pugliesi No-30 ? premium Italian pasta of exceptional quality.,5500,,,12,5,69e5aa4140cdaab22a0a1af6,69e5aa7940cdaab22a0a1b23,ACTIVE,,,,pasta|Italian pasta|la molisana|orecchiette,https://res.cloudinary.com/nigittriple/image/upload/v1776607521/claude/orecchiette-pugliesi-no-30-129166.jpg,500g,12,Italy,0.5,,,,,,,"Store in a cool, dry place. Keep away from moisture.","Durum wheat semolina (100%), water",Gluten,,,,,,,,,[]
Pasta Tripoline n.06,pasta-tripoline-n-06,IPXX-PASTRI-712251,8007290330062.00,description,Granoro Pasta Tripoline n.06 ? premium Italian pasta of exceptional quality.,3800,,,26,5,69e5aa4140cdaab22a0a1af6,69e5aa7240cdaab22a0a1b1d,ACTIVE,,,,pasta|Italian pasta|granoro|pasta,https://res.cloudinary.com/nigittriple/image/upload/v1776607511/claude/pasta-tripoline-n-06-330062.jpg,500g,12,Italy,0.5,,,,,,,"Store in a cool, dry place. Keep away from moisture.","Durum wheat semolina (100%), water",Gluten,,,,,,,,,[]
Pasta Regine n.10,pasta-regine-n-10,IPXX-PASREG-694770,8007290130105.00,description,Granoro Pasta Regine n.10 ? premium Italian pasta of exceptional quality.,2800,,,17,5,69e5aa4140cdaab22a0a1af6,69e5aa7240cdaab22a0a1b1d,ACTIVE,,,,pasta|Italian pasta|granoro|pasta,https://res.cloudinary.com/nigittriple/image/upload/v1776607494/claude/pasta-regine-n-10-130105.jpg,500g,12,Italy,0.5,,,,,,,"Store in a cool, dry place. Keep away from moisture.","Durum wheat semolina (100%), water",Gluten,,,,,,,,,[]
Pasta Mezzi Ziti,pasta-mezzi-ziti,IPXX-PASMEZ-205022,8007290330093.00,description,Granoro Pasta Mezzi Ziti ? premium Italian pasta of exceptional quality.,3100,,,33,5,69e5aa4140cdaab22a0a1af6,69e5aa7240cdaab22a0a1b1d,ACTIVE,,,,pasta|Italian pasta|granoro|pasta,https://res.cloudinary.com/nigittriple/image/upload/v1776607480/claude/pasta-mezzi-ziti-330093.jpg,500g,12,Italy,0.5,,,,,,,"Store in a cool, dry place. Keep away from moisture.","Durum wheat semolina (100%), water",Gluten,,,,,,,,,[]
La Penna Doppia Rigatura,la-penna-doppia-rigatura,IPXX-LAPEN-563710,8076810500391.00,description,Voiello La Penna Doppia Rigatura ? premium Italian pasta of exceptional quality.,6570,,,3,5,69e5aa4140cdaab22a0a1af6,69e5aa7840cdaab22a0a1b22,ACTIVE,,,,pasta|Italian pasta|voiello|la,https://res.cloudinary.com/nigittriple/image/upload/v1776607463/claude/la-penna-doppia-rigatura-500391.jpg,500g,12,Italy,0.5,,,,,,,"Store in a cool, dry place. Keep away from moisture.","Durum wheat semolina (100%), water",Gluten,,,,,,,,,[]
Pasta Conchiglioni,pasta-conchiglioni,IPXX-PASCON-634329,8007290631022.00,description,Granoro Pasta Conchiglioni ? premium Italian pasta of exceptional quality.,3300,,,6,5,69e5aa4140cdaab22a0a1af6,69e5aa7240cdaab22a0a1b1d,ACTIVE,,,,pasta|Italian pasta|granoro|pasta,https://res.cloudinary.com/nigittriple/image/upload/v1776607451/claude/pasta-conchiglioni-631022.jpg,500g,12,Italy,0.5,,,,,,,"Store in a cool, dry place. Keep away from moisture.","Durum wheat semolina (100%), water",Gluten,,,,,,,,,[]
La Mezza Penna Rigata,la-mezza-penna-rigata,IPXX-LAMEZ-115026,8076810500568.00,description,Voiello La Mezza Penna Rigata ? premium Italian pasta of exceptional quality.,6150,,,17,5,69e5aa4140cdaab22a0a1af6,69e5aa7840cdaab22a0a1b22,ACTIVE,,,,pasta|Italian pasta|voiello|la,https://res.cloudinary.com/nigittriple/image/upload/v1776607438/claude/la-mezza-penna-rigata-500568.jpg,500g,12,Italy,0.5,,,,,,,"Store in a cool, dry place. Keep away from moisture.","Durum wheat semolina (100%), water",Gluten,,,,,,,,,[]
Pasta Calamari n.138,pasta-calamari-n-138,IPXX-PASCAL-585817,8007290631381.00,description,Granoro Pasta Calamari n.138 ? premium Italian pasta of exceptional quality.,3100,,,8,5,69e5aa4140cdaab22a0a1af6,69e5aa7240cdaab22a0a1b1d,ACTIVE,,,,pasta|Italian pasta|granoro|pasta,https://res.cloudinary.com/nigittriple/image/upload/v1776607425/claude/pasta-calamari-n-138-631381.jpg,500g,12,Italy,0.5,,,,,,,"Store in a cool, dry place. Keep away from moisture.","Durum wheat semolina (100%), water",Gluten,,,,,,,,,[]
IL Tortiglione,il-tortiglione,IPXX-ILTOR-990822,8076810500476.00,description,Voiello IL Tortiglione ? premium Italian pasta of exceptional quality.,6750,,,7,5,69e5aa4140cdaab22a0a1af6,69e5aa7840cdaab22a0a1b22,ACTIVE,,,,pasta|Italian pasta|voiello|il,https://res.cloudinary.com/nigittriple/image/upload/v1776607399/claude/il-tortiglione-500476.jpg,500g,12,Italy,0.5,,,,,,,"Store in a cool, dry place. Keep away from moisture.","Durum wheat semolina (100%), water",Gluten,,,,,,,,,[]
Casarecce No-87,casarecce-no-87,IPXX-CASNO--734327,8076809532877.00,description,Barilla Casarecce No-87 ? premium Italian pasta of exceptional quality.,4550,,,12,5,69e5aa4140cdaab22a0a1af6,69e5aa7740cdaab22a0a1b21,ACTIVE,,,,pasta|Italian pasta|barilla|casarecce,https://res.cloudinary.com/nigittriple/image/upload/v1776607384/claude/casarecce-no-87-532877.jpg,500g,12,Italy,0.5,,,,,,,"Store in a cool, dry place. Keep away from moisture.","Durum wheat semolina (100%), water",Gluten,,,,,,,,,[]
Pasta Tagliatelle Spinach,pasta-tagliatelle-spinach,IPXX-PASTAG-749527,8007290330802.00,description,Granoro Pasta Tagliatelle Spinach ? premium Italian pasta of exceptional quality.,4500,,,14,5,69e5aa4140cdaab22a0a1af6,69e5aa7240cdaab22a0a1b1d,ACTIVE,,,,pasta|Italian pasta|granoro|pasta,https://res.cloudinary.com/nigittriple/image/upload/v1776607370/claude/pasta-tagliatelle-spinach-330802.jpg,500g,12,Italy,0.5,,,,,,,"Store in a cool, dry place. Keep away from moisture.","Durum wheat semolina, spinach powder, water",Gluten,,,,,,,,,[]
Lumachine No-42,lumachine-no-42,IPXX-LUMNO--950749,8076802085424.00,description,Barilla Lumachine No-42 ? premium Italian pasta of exceptional quality.,4550,,,6,5,69e5aa4140cdaab22a0a1af6,69e5aa7740cdaab22a0a1b21,ACTIVE,,,,pasta|Italian pasta|barilla|lumachine,https://res.cloudinary.com/nigittriple/image/upload/v1776607346/claude/lumachine-no-42-085424.jpg,500g,12,Italy,0.5,,,,,,,"Store in a cool, dry place. Keep away from moisture.","Durum wheat semolina (100%), water",Gluten,,,,,,,,,[]
Amatriciana,amatriciana,SADX-AMA-439982,8076809584531.00,description,"Barilla Amatriciana Sauce ? smoky, spicy Italian sauce with guanciale (cured pork cheek) and tomatoes.",6700,,,0,5,69e5aa4340cdaab22a0a1af8,69e5aa7740cdaab22a0a1b21,ACTIVE,,,,pasta sauce|amatriciana|Barilla|Italian sauce|tomato sauce,https://res.cloudinary.com/nigittriple/image/upload/v1776607335/claude/amatriciana-584531.jpg,285g,12,Italy,0.285,,,,,,,"Store in a cool, dry place. Once opened, refrigerate and use within 3?4 days.","Tomatoes (55%), cured pork cheek (10%), onion, tomato paste, olive oil, salt, chilli, black pepper",Gluten,,,,,,,,,[]
Bolognese,bolognese,SADX-BOL-300730,8076809584630.00,description,"Barilla Bolognese Sauce ? rich Italian meat sauce with beef and fresh vegetables, ready to pour over pasta.",6700,,,2,5,69e5aa4340cdaab22a0a1af8,69e5aa7740cdaab22a0a1b21,ACTIVE,,,,pasta sauce|bolognese|Barilla|Italian sauce|meat sauce,https://res.cloudinary.com/nigittriple/image/upload/v1776607316/claude/bolognese-584630.jpg,300g,12,Italy,0.3,,,,,,,"Store in a cool, dry place. Once opened, refrigerate and use within 3?4 days.","Tomatoes (56%), water, beef (12%), onions, carrot, celery, olive oil, salt, sugar, spices",Gluten,,,,,,,,,[]
Pasta Nuvole n.96,pasta-nuvole-n-96,IPXX-PASNUV-172159,8007290930965.00,description,Granoro Pasta Nuvole n.96 ? premium Italian pasta of exceptional quality.,3000,,,19,5,69e5aa4140cdaab22a0a1af6,69e5aa7240cdaab22a0a1b1d,ACTIVE,,,,pasta|Italian pasta|granoro|pasta,https://res.cloudinary.com/nigittriple/image/upload/v1776607299/claude/pasta-nuvole-n-96-930965.jpg,500g,12,Italy,0.5,,,,,,,"Store in a cool, dry place. Keep away from moisture.","Durum wheat semolina (100%), water",Gluten,,,,,,,,,[]
Pasta Granfusilli n135,pasta-granfusilli-n135,IPXX-PASGRA-851999,8007290631350.00,description,Granoro Pasta Granfusilli n135 ? premium Italian pasta of exceptional quality.,3450,,,0,5,69e5aa4140cdaab22a0a1af6,69e5aa7240cdaab22a0a1b1d,ACTIVE,,,,pasta|Italian pasta|granoro|pasta,https://res.cloudinary.com/nigittriple/image/upload/v1776607284/claude/pasta-granfusilli-n135-631350.jpg,500g,12,Italy,0.5,,,,,,,"Store in a cool, dry place. Keep away from moisture.","Durum wheat semolina (100%), water",Gluten,,,,,,,,,[]
Garofalo,garofalo,IPXX-GAR-301380,8000139910852.00,description,Lasagna Garofalo ? premium Italian pasta of exceptional quality.,6500,,,7,5,69e5aa4140cdaab22a0a1af6,69e5aa7640cdaab22a0a1b20,ACTIVE,,,,pasta|Italian pasta|lasagna|garofalo,https://res.cloudinary.com/nigittriple/image/upload/v1776607267/claude/garofalo-910852.jpg,500g,12,Italy,0.5,,,,,,,"Store in a cool, dry place. Keep away from moisture.","Durum wheat semolina (100%), water",Gluten,,,,,,,,,[]
CANNELLONI 250G,garolalo,IPXX-GAR-199538,8000139920943.00,description,Cannelloni Garolalo ? premium Italian pasta of exceptional quality.,3700,,,13,5,69e5aa4140cdaab22a0a1af6,69e5aa7440cdaab22a0a1b1e,ACTIVE,,,,pasta|Italian pasta|cannelloni|garolalo,https://res.cloudinary.com/nigittriple/image/upload/v1776607257/claude/garolalo-920943.jpg,250g,12,Italy,0.25,,,,,,,"Store in a cool, dry place. Keep away from moisture.","Durum wheat semolina (100%), water",Gluten,,,,,,,,,[]
Pasta Fusilli Wholewheat,pasta-fusilli-wholewheat-1gk2,IPXX-PASFUS-513836,8000139910838.00,description,Garofalo Pasta Fusilli Wholewheat ? premium Italian wholegrain pasta of exceptional quality.,5100,,,6,5,69e5aa4140cdaab22a0a1af6,69e5aa7440cdaab22a0a1b1e,ACTIVE,,,,pasta|Italian pasta|garofalo|pasta|wholegrain|wholewheat,https://res.cloudinary.com/nigittriple/image/upload/v1776607247/claude/pasta-fusilli-wholewheat-910838.jpg,500g,12,Italy,0.5,,,,,,,"Store in a cool, dry place. Keep away from moisture.","Wholegrain durum wheat semolina, water",Gluten,,,,,,,,,[]
Pasta Gnocchi Sardi,pasta-gnocchi-sardi,IPXX-PASGNO-494320,8000139000966.00,description,Garofalo Pasta Gnocchi Sardi ? premium Italian pasta of exceptional quality.,4250,,,7,5,69e5aa4140cdaab22a0a1af6,69e5aa7440cdaab22a0a1b1e,ACTIVE,,,,pasta|Italian pasta|garofalo|pasta,https://res.cloudinary.com/nigittriple/image/upload/v1776607224/claude/pasta-gnocchi-sardi-000966.jpg,500g,12,Italy,0.5,,,,,,,"Store in a cool, dry place. Keep away from moisture.","Durum wheat semolina (100%), water",Gluten,,,,,,,,,[]
Pasta Orecchiette,pasta-orecchiette,IPXX-PASORE-439640,8000139002939.00,description,Garofalo Pasta Orecchiette ? premium Italian pasta of exceptional quality.,5600,,,11,5,69e5aa4140cdaab22a0a1af6,69e5aa7440cdaab22a0a1b1e,ACTIVE,,,,pasta|Italian pasta|garofalo|pasta,https://res.cloudinary.com/nigittriple/image/upload/v1776607209/claude/pasta-orecchiette-002939.jpg,500g,12,Italy,0.5,,,,,,,"Store in a cool, dry place. Keep away from moisture.","Durum wheat semolina (100%), water",Gluten,,,,,,,,,[]
Black Pasta Penne,black-pasta-penne,IPXX-BLAPAS-801097,8001860184819.00,description,Riso Scotti Black Pasta Penne ? premium Italian squid ink pasta of exceptional quality.,6000,,,4,5,69e5aa4140cdaab22a0a1af6,69e5aa6640cdaab22a0a1b14,ACTIVE,,,,pasta|Italian pasta|riso scotti|black|squid ink,https://res.cloudinary.com/nigittriple/image/upload/v1776607198/claude/black-pasta-penne-184819.jpg,400g,12,Italy,0.4,,,,,,,"Store in a cool, dry place. Keep away from moisture.","Durum wheat semolina, squid ink (Sepia officinalis), water",Gluten|Molluscs,,,,,,,,,[]
Penne Lisce,penne-lisce,IPXX-PENLIS-329891,8008912010447.00,description,Liguori Penne Lisce ? premium Italian pasta of exceptional quality.,3500,,,0,5,69e5aa4140cdaab22a0a1af6,69e5aa6940cdaab22a0a1b16,ACTIVE,,,,pasta|Italian pasta|liguori|penne,https://res.cloudinary.com/nigittriple/image/upload/v1776607183/claude/penne-lisce-010447.jpg,500g,12,Italy,0.5,,,,,,,"Store in a cool, dry place. Keep away from moisture.","Durum wheat semolina (100%), water",Gluten,,,,,,,,,[]
Black Pasta Fusilli,black-pasta-fusilli,IPXX-BLAPAS-370728,8001860184833.00,description,Riso Scotti Black Pasta Fusilli ? premium Italian squid ink pasta of exceptional quality.,6000,,,2,5,69e5aa4140cdaab22a0a1af6,69e5aa6640cdaab22a0a1b14,ACTIVE,,,,pasta|Italian pasta|riso scotti|black|squid ink,https://res.cloudinary.com/nigittriple/image/upload/v1776607173/claude/black-pasta-fusilli-184833.jpg,400g,12,Italy,0.4,,,,,,,"Store in a cool, dry place. Keep away from moisture.","Durum wheat semolina, squid ink (Sepia officinalis), water",Gluten|Molluscs,,,,,,,,,[]
Black Pasta Rigatoni,black-pasta-rigatoni,IPXX-BLAPAS-520249,8001860184796.00,description,Riso Scotti Black Pasta Rigatoni ? premium Italian squid ink pasta of exceptional quality.,6000,,,2,5,69e5aa4140cdaab22a0a1af6,69e5aa6640cdaab22a0a1b14,ACTIVE,,,,pasta|Italian pasta|riso scotti|black|squid ink,https://res.cloudinary.com/nigittriple/image/upload/v1776607162/claude/black-pasta-rigatoni-184796.jpg,400g,12,Italy,0.4,,,,,,,"Store in a cool, dry place. Keep away from moisture.","Durum wheat semolina, squid ink (Sepia officinalis), water",Gluten|Molluscs,,,,,,,,,[]
Pasta Gnocchi n.39,pasta-gnocchi-n-39,IPXX-PASGNO-199972,8007290001504.00,description,Granoro Pasta Gnocchi n.39 ? premium Italian pasta of exceptional quality.,2800,,,15,5,69e5aa4140cdaab22a0a1af6,69e5aa7240cdaab22a0a1b1d,ACTIVE,,,,pasta|Italian pasta|granoro|pasta,https://res.cloudinary.com/nigittriple/image/upload/v1776607150/claude/pasta-gnocchi-n-39-001504.jpg,500g,12,Italy,0.5,,,,,,,"Store in a cool, dry place. Keep away from moisture.","Durum wheat semolina (100%), water",Gluten,,,,,,,,,[]
Pasta Spaghetti Alla Chitarra n85,pasta-spaghetti-alla-chitarra-n85,IPXX-PASSPA-830574,8007290930859.00,description,Granoro Pasta Spaghetti Alla Chitarra n85 ? premium Italian pasta of exceptional quality.,2800,,,12,5,69e5aa4140cdaab22a0a1af6,69e5aa7240cdaab22a0a1b1d,ACTIVE,,,,pasta|Italian pasta|granoro|pasta,https://res.cloudinary.com/nigittriple/image/upload/v1776607137/claude/pasta-spaghetti-alla-chitarra-n85-930859.jpg,500g,12,Italy,0.5,,,,,,,"Store in a cool, dry place. Keep away from moisture.","Durum wheat semolina (100%), water",Gluten,,,,,,,,,[]
Pasta Elicoidali Wholewheat,pasta-elicoidali-wholewheat,IPXX-PASELI-927584,8007290004369.00,description,Granoro Pasta Elicoidali Wholewheat ? premium Italian wholegrain pasta of exceptional quality.,3500,,,15,5,69e5aa4140cdaab22a0a1af6,69e5aa7240cdaab22a0a1b1d,ACTIVE,,,,pasta|Italian pasta|granoro|pasta|wholegrain|wholewheat,https://res.cloudinary.com/nigittriple/image/upload/v1776607120/claude/pasta-elicoidali-wholewheat-004369.jpg,500g,12,Italy,0.5,,,,,,,"Store in a cool, dry place. Keep away from moisture.","Wholegrain durum wheat semolina, water",Gluten,,,,,,,,,[]
Pasta Maccheroncini n191,pasta-maccheroncini-n191,IPXX-PASMAC-967921,8007290931917.00,description,Granoro Pasta Maccheroncini n191 ? premium Italian pasta of exceptional quality.,2800,,,17,5,69e5aa4140cdaab22a0a1af6,69e5aa7240cdaab22a0a1b1d,ACTIVE,,,,pasta|Italian pasta|granoro|pasta,https://res.cloudinary.com/nigittriple/image/upload/v1776607108/claude/pasta-maccheroncini-n191-931917.jpg,500g,12,Italy,0.5,,,,,,,"Store in a cool, dry place. Keep away from moisture.","Durum wheat semolina (100%), water",Gluten,,,,,,,,,[]
Pasta Penne Birigate n259,pasta-penne-birigate-n259,IPXX-PASPEN-527286,8007290000354.00,description,Granoro Pasta Penne Birigate n259 ? premium Italian pasta of exceptional quality.,2800,,,27,5,69e5aa4140cdaab22a0a1af6,69e5aa7240cdaab22a0a1b1d,ACTIVE,,,,pasta|Italian pasta|granoro|pasta,https://res.cloudinary.com/nigittriple/image/upload/v1776607095/claude/pasta-penne-birigate-n259-000354.jpg,500g,12,Italy,0.5,,,,,,,"Store in a cool, dry place. Keep away from moisture.","Durum wheat semolina (100%), water",Gluten,,,,,,,,,[]
Pasta Linguine n.182,pasta-linguine-n-182,IPXX-PASLIN-594586,8007290931825.00,description,Granoro Pasta Linguine n.182 ? premium Italian pasta of exceptional quality.,2800,,,3,5,69e5aa4140cdaab22a0a1af6,69e5aa7240cdaab22a0a1b1d,ACTIVE,,,,pasta|Italian pasta|granoro|pasta,https://res.cloudinary.com/nigittriple/image/upload/v1776607077/claude/pasta-linguine-n-182-931825.jpg,500g,12,Italy,0.5,,,,,,,"Store in a cool, dry place. Keep away from moisture.","Durum wheat semolina (100%), water",Gluten,,,,,,,,,[]
Pasta Farfalle Wholewheat,pasta-farfalle-wholewheat,IPXX-PASFAR-632804,8007290004352,"Pasta Farfalle Wholewheat by Granoro is a premium Italian pasta made by Granoro, specialists in premium Pugliese durum wheat pasta. Made from 100% wholegrain durum wheat for a nuttier taste and higher fibre. Cook in boiling salted water for 8-10 minutes.",Granoro Pasta Farfalle Wholewheat ? premium Italian wholegrain pasta of exceptional quality.,3300,,,13,5,69e5aa4140cdaab22a0a1af6,69e5aa7240cdaab22a0a1b1d,ACTIVE,,,,pasta|Italian pasta|granoro|pasta|wholegrain|wholewheat,https://res.cloudinary.com/nigittriple/image/upload/v1776607065/claude/pasta-farfalle-wholewheat-004352.jpg,500g,12,Italy,0.5,,,,,,,"Store in a cool, dry place. Keep away from moisture.","Wholegrain durum wheat semolina, water",Gluten,,,,,,,,,[]
Pasta Gnocchetti Rigati n51,pasta-gnocchetti-rigati-n51,IPXX-PASGNO-202743,8007290930514.00,description,Granoro Pasta Gnocchetti Rigati n51 ? premium Italian pasta of exceptional quality.,2800,,,15,5,69e5aa4140cdaab22a0a1af6,69e5aa7240cdaab22a0a1b1d,ACTIVE,,,,pasta|Italian pasta|granoro|pasta,https://res.cloudinary.com/nigittriple/image/upload/v1776607054/claude/pasta-gnocchetti-rigati-n51-930514.jpg,500g,12,Italy,0.5,,,,,,,"Store in a cool, dry place. Keep away from moisture.","Durum wheat semolina (100%), water",Gluten,,,,,,,,,[]
Pasta mezze maniche n.186,pasta-mezze-maniche-n-186,IPXX-PASMEZ-323956,8007290931863.00,description,Granoro Pasta mezze maniche n.186 ? premium Italian pasta of exceptional quality.,2800,,,4,5,69e5aa4140cdaab22a0a1af6,69e5aa7240cdaab22a0a1b1d,ACTIVE,,,,pasta|Italian pasta|granoro|pasta,https://res.cloudinary.com/nigittriple/image/upload/v1776607041/claude/pasta-mezze-maniche-n-186-931863.jpg,500g,12,Italy,0.5,,,,,,,"Store in a cool, dry place. Keep away from moisture.","Durum wheat semolina (100%), water",Gluten,,,,,,,,,[]
Pasta Ditali Birigati n.264,pasta-ditali-birigati-n-264,IPXX-PASDIT-799521,8007290000699.00,description,Granoro Pasta Ditali Birigati n.264 ? premium Italian pasta of exceptional quality.,2800,,,0,5,69e5aa4140cdaab22a0a1af6,69e5aa7240cdaab22a0a1b1d,ACTIVE,,,,pasta|Italian pasta|granoro|pasta,https://res.cloudinary.com/nigittriple/image/upload/v1776607029/claude/pasta-ditali-birigati-n-264-000699.jpg,500g,12,Italy,0.5,,,,,,,"Store in a cool, dry place. Keep away from moisture.","Durum wheat semolina (100%), water",Gluten,,,,,,,,,[]
Pasta Penne n.177,pasta-penne-n-177,IPXX-PASPEN-419912,8007290931771.00,description,Granoro Pasta Penne n.177 ? premium Italian pasta of exceptional quality.,2800,,,13,5,69e5aa4140cdaab22a0a1af6,69e5aa7240cdaab22a0a1b1d,ACTIVE,,,,pasta|Italian pasta|granoro|pasta,https://res.cloudinary.com/nigittriple/image/upload/v1776607018/claude/pasta-penne-n-177-931771.jpg,500g,12,Italy,0.5,,,,,,,"Store in a cool, dry place. Keep away from moisture.","Durum wheat semolina (100%), water",Gluten,,,,,,,,,[]
Pasta Strascinati Wholewheat,pasta-strascinati-wholewheat,IPXX-PASSTR-115074,8007290001153.00,description,Granoro Pasta Strascinati Wholewheat ? premium Italian wholegrain pasta of exceptional quality.,3300,,,19,5,69e5aa4140cdaab22a0a1af6,69e5aa7240cdaab22a0a1b1d,ACTIVE,,,,pasta|Italian pasta|granoro|pasta|wholegrain|wholewheat,https://res.cloudinary.com/nigittriple/image/upload/v1776607002/claude/pasta-strascinati-wholewheat-001153.jpg,500g,12,Italy,0.5,,,,,,,"Store in a cool, dry place. Keep away from moisture.","Wholegrain durum wheat semolina, water",Gluten,,,,,,,,,[]
Pasta Penne birigate Wholewheat,pasta-penne-birigate-wholewheat,IPXX-PASPEN-972107,8007290000781.00,description,Granoro Pasta Penne birigate Wholewheat ? premium Italian wholegrain pasta of exceptional quality.,3300,,,13,5,69e5aa4140cdaab22a0a1af6,69e5aa7240cdaab22a0a1b1d,ACTIVE,,,,pasta|Italian pasta|granoro|pasta|wholegrain|wholewheat,https://res.cloudinary.com/nigittriple/image/upload/v1776606989/claude/pasta-penne-birigate-wholewheat-000781.jpg,500g,12,Italy,0.5,,,,,,,"Store in a cool, dry place. Keep away from moisture.","Wholegrain durum wheat semolina, water",Gluten,,,,,,,,,[]
Pasta mezze penne birigate,pasta-mezze-penne-birigate,IPXX-PASMEZ-899153,8007290001146.00,description,Granoro Pasta mezze penne birigate ? premium Italian pasta of exceptional quality.,2800,,,34,5,69e5aa4140cdaab22a0a1af6,69e5aa7240cdaab22a0a1b1d,ACTIVE,,,,pasta|Italian pasta|granoro|pasta,https://res.cloudinary.com/nigittriple/image/upload/v1776606979/claude/pasta-mezze-penne-birigate-001146.jpg,500g,12,Italy,0.5,,,,,,,"Store in a cool, dry place. Keep away from moisture.","Durum wheat semolina (100%), water",Gluten,,,,,,,,,[]
Pasta Casareccia Wholewheat,pasta-casareccia-wholewheat,IPXX-PASCAS-327403,8007290000774.00,description,Granoro Pasta Casareccia Wholewheat ? premium Italian wholegrain pasta of exceptional quality.,3300,,,13,5,69e5aa4140cdaab22a0a1af6,69e5aa7240cdaab22a0a1b1d,ACTIVE,,,,pasta|Italian pasta|granoro|pasta|wholegrain|wholewheat,https://res.cloudinary.com/nigittriple/image/upload/v1776606968/claude/pasta-casareccia-wholewheat-000774.jpg,500g,12,Italy,0.5,,,,,,,"Store in a cool, dry place. Keep away from moisture.","Wholegrain durum wheat semolina, water",Gluten,,,,,,,,,[]
Pasta Spaghettoni,pasta-spaghettoni,IPXX-PASSPA-431503,8007290000767.00,description,Granoro Pasta Spaghettoni ? premium Italian pasta of exceptional quality.,3300,,,28,5,69e5aa4140cdaab22a0a1af6,69e5aa7240cdaab22a0a1b1d,ACTIVE,,,,pasta|Italian pasta|granoro|pasta,https://res.cloudinary.com/nigittriple/image/upload/v1776606957/claude/pasta-spaghettoni-000767.jpg,500g,12,Italy,0.5,,,,,,,"Store in a cool, dry place. Keep away from moisture.","Durum wheat semolina (100%), water",Gluten,,,,,,,,,[]
Pasta Spaghetti Quadrati n.86,pasta-spaghetti-quadrati-n-86,IPXX-PASSPA-927896,8007290330864.00,description,Granoro Pasta Spaghetti Quadrati n.86 ? premium Italian pasta of exceptional quality.,2800,,,1,5,69e5aa4140cdaab22a0a1af6,69e5aa7240cdaab22a0a1b1d,ACTIVE,,,,pasta|Italian pasta|granoro|pasta,https://res.cloudinary.com/nigittriple/image/upload/v1776606943/claude/pasta-spaghetti-quadrati-n-86-330864.jpg,500g,12,Italy,0.5,,,,,,,"Store in a cool, dry place. Keep away from moisture.","Durum wheat semolina (100%), water",Gluten,,,,,,,,,[]
Pasta Spaghttoni n.110,pasta-spaghttoni-n-110,IPXX-PASSPA-891145,8007290931108.00,description,Granoro Pasta Spaghttoni n.110 ? premium Italian pasta of exceptional quality.,2800,,,12,5,69e5aa4140cdaab22a0a1af6,69e5aa7240cdaab22a0a1b1d,ACTIVE,,,,pasta|Italian pasta|granoro|pasta,https://res.cloudinary.com/nigittriple/image/upload/v1776606924/claude/pasta-spaghttoni-n-110-931108.jpg,500g,12,Italy,0.5,,,,,,,"Store in a cool, dry place. Keep away from moisture.","Durum wheat semolina (100%), water",Gluten,,,,,,,,,[]
Pasta Pipe rigate n.172,pasta-pipe-rigate-n-172,IPXX-PASPIP-253978,8007290000484.00,description,Granoro Pasta Pipe rigate n.172 ? premium Italian pasta of exceptional quality.,2800,,,11,5,69e5aa4140cdaab22a0a1af6,69e5aa7240cdaab22a0a1b1d,ACTIVE,,,,pasta|Italian pasta|granoro|pasta,https://res.cloudinary.com/nigittriple/image/upload/v1776606914/claude/pasta-pipe-rigate-n-172-000484.jpg,500g,12,Italy,0.5,,,,,,,"Store in a cool, dry place. Keep away from moisture.","Durum wheat semolina (100%), water",Gluten,,,,,,,,,[]
Pasta Elicoidali n.261,pasta-elicoidali-n-261,IPXX-PASELI-779421,8007290000569.00,description,Granoro Pasta Elicoidali n.261 ? premium Italian pasta of exceptional quality.,2800,,,19,5,69e5aa4140cdaab22a0a1af6,69e5aa7240cdaab22a0a1b1d,ACTIVE,,,,pasta|Italian pasta|granoro|pasta,https://res.cloudinary.com/nigittriple/image/upload/v1776606898/claude/pasta-elicoidali-n-261-000569.jpg,500g,12,Italy,0.5,,,,,,,"Store in a cool, dry place. Keep away from moisture.","Durum wheat semolina (100%), water",Gluten,,,,,,,,,[]
Pasta Fusilli n.260,pasta-fusilli-n-260,IPXX-PASFUS-855089,8007290000477.00,description,Granoro Pasta Fusilli n.260 ? premium Italian pasta of exceptional quality.,3000,,,12,5,69e5aa4140cdaab22a0a1af6,69e5aa7240cdaab22a0a1b1d,ACTIVE,,,,pasta|Italian pasta|granoro|pasta,https://res.cloudinary.com/nigittriple/image/upload/v1776606887/claude/pasta-fusilli-n-260-000477.jpg,500g,12,Italy,0.5,,,,,,,"Store in a cool, dry place. Keep away from moisture.","Durum wheat semolina (100%), water",Gluten,,,,,,,,,[]
Pasta Farfalloni n.79,pasta-farfalloni-n-79,IPXX-PASFAR-911169,8007290330796.00,description,Granoro Pasta Farfalloni n.79 ? premium Italian pasta of exceptional quality.,2800,,,7,5,69e5aa4140cdaab22a0a1af6,69e5aa7240cdaab22a0a1b1d,ACTIVE,,,,pasta|Italian pasta|granoro|pasta,https://res.cloudinary.com/nigittriple/image/upload/v1776606876/claude/pasta-farfalloni-n-79-330796.jpg,500g,12,Italy,0.5,,,,,,,"Store in a cool, dry place. Keep away from moisture.","Durum wheat semolina (100%), water",Gluten,,,,,,,,,[]
Pasta Farfalle n.198,pasta-farfalle-n-198,IPXX-PASFAR-386292,8007290331984.00,description,Granoro Pasta Farfalle n.198 ? premium Italian pasta of exceptional quality.,3000,,,20,5,69e5aa4140cdaab22a0a1af6,69e5aa7240cdaab22a0a1b1d,ACTIVE,,,,pasta|Italian pasta|granoro|pasta,https://res.cloudinary.com/nigittriple/image/upload/v1776606867/claude/pasta-farfalle-n-198-331984.jpg,500g,12,Italy,0.5,,,,,,,"Store in a cool, dry place. Keep away from moisture.","Durum wheat semolina (100%), water",Gluten,,,,,,,,,[]
Pasta Spaghetti Vermicelli,pasta-spaghetti-vermicelli,IPXX-PASSPA-150528,8007290931801.00,description,Granoro Pasta Spaghetti Vermicelli ? premium Italian pasta of exceptional quality.,2800,,,1,5,69e5aa4140cdaab22a0a1af6,69e5aa7240cdaab22a0a1b1d,ACTIVE,,,,pasta|Italian pasta|granoro|pasta,https://res.cloudinary.com/nigittriple/image/upload/v1776606857/claude/pasta-spaghetti-vermicelli-931801.jpg,500g,12,Italy,0.5,,,,,,,"Store in a cool, dry place. Keep away from moisture.","Durum wheat semolina (100%), water",Gluten,,,,,,,,,[]
Pasta Fusilli Wholewheat,pasta-fusilli-wholewheat,IPXX-PASFUS-691632,8007290000798.00,description,Granoro Pasta Fusilli Wholewheat ? premium Italian wholegrain pasta of exceptional quality.,3300,,,14,5,69e5aa4140cdaab22a0a1af6,69e5aa7240cdaab22a0a1b1d,ACTIVE,,,,pasta|Italian pasta|granoro|pasta|wholegrain|wholewheat,https://res.cloudinary.com/nigittriple/image/upload/v1776606842/claude/pasta-fusilli-wholewheat-000798.jpg,500g,12,Italy,0.5,,,,,,,"Store in a cool, dry place. Keep away from moisture.","Wholegrain durum wheat semolina, water",Gluten,,,,,,,,,[]
Pasta mezzi occhi di lupo,pasta-mezzi-occhi-di-lupo,IPXX-PASMEZ-884455,8007290001412.00,description,Granoro Pasta mezzi occhi di lupo ? premium Italian pasta of exceptional quality.,2800,,,4,5,69e5aa4140cdaab22a0a1af6,69e5aa7240cdaab22a0a1b1d,ACTIVE,,,,pasta|Italian pasta|granoro|pasta,https://res.cloudinary.com/nigittriple/image/upload/v1776606833/claude/pasta-mezzi-occhi-di-lupo-001412.jpg,500g,12,Italy,0.5,,,,,,,"Store in a cool, dry place. Keep away from moisture.","Durum wheat semolina (100%), water",Gluten,,,,,,,,,[]
Pasta Rotelle n.93,pasta-rotelle-n-93,IPXX-PASROT-981540,8007290330932.00,description,Granoro Pasta Rotelle n.93 ? premium Italian pasta of exceptional quality.,2800,,,10,5,69e5aa4140cdaab22a0a1af6,69e5aa7240cdaab22a0a1b1d,ACTIVE,,,,pasta|Italian pasta|granoro|pasta,https://res.cloudinary.com/nigittriple/image/upload/v1776606825/claude/pasta-rotelle-n-93-330932.jpg,500g,12,Italy,0.5,,,,,,,"Store in a cool, dry place. Keep away from moisture.","Durum wheat semolina (100%), water",Gluten,,,,,,,,,[]
Pasta Cavatelli Murgiani,pasta-cavatelli-murgiani,IPXX-PASCAV-815342,8007290631374.00,description,Granoro Pasta Cavatelli Murgiani ? premium Italian pasta of exceptional quality.,2800,,,19,5,69e5aa4140cdaab22a0a1af6,69e5aa7240cdaab22a0a1b1d,ACTIVE,,,,pasta|Italian pasta|granoro|pasta,https://res.cloudinary.com/nigittriple/image/upload/v1776606815/claude/pasta-cavatelli-murgiani-631374.jpg,500g,12,Italy,0.5,,,,,,,"Store in a cool, dry place. Keep away from moisture.","Durum wheat semolina (100%), water",Gluten,,,,,,,,,[]
Pasta Mezzi gomiti n.42,pasta-mezzi-gomiti-n-42,IPXX-PASMEZ-311980,8007290001078.00,description,Granoro Pasta Mezzi gomiti n.42 ? premium Italian pasta of exceptional quality.,2800,,,0,5,69e5aa4140cdaab22a0a1af6,69e5aa7240cdaab22a0a1b1d,ACTIVE,,,,pasta|Italian pasta|granoro|pasta,https://res.cloudinary.com/nigittriple/image/upload/v1776606806/claude/pasta-mezzi-gomiti-n-42-001078.jpg,500g,12,Italy,0.5,,,,,,,"Store in a cool, dry place. Keep away from moisture.","Durum wheat semolina (100%), water",Gluten,,,,,,,,,[]
Pasta Rigatoni n.183,pasta-rigatoni-n-183,IPXX-PASRIG-159595,8007290931832.00,description,Granoro Pasta Rigatoni n.183 ? premium Italian pasta of exceptional quality.,2800,,,21,5,69e5aa4140cdaab22a0a1af6,69e5aa7240cdaab22a0a1b1d,ACTIVE,,,,pasta|Italian pasta|granoro|pasta,https://res.cloudinary.com/nigittriple/image/upload/v1776606798/claude/pasta-rigatoni-n-183-931832.jpg,500g,12,Italy,0.5,,,,,,,"Store in a cool, dry place. Keep away from moisture.","Durum wheat semolina (100%), water",Gluten,,,,,,,,,[]
Pasta Pennoni rigati n.190,pasta-pennoni-rigati-n-190,IPXX-PASPEN-933264,8007290931900.00,description,Granoro Pasta Pennoni rigati n.190 ? premium Italian pasta of exceptional quality.,2800,,,9,5,69e5aa4140cdaab22a0a1af6,69e5aa7240cdaab22a0a1b1d,ACTIVE,,,,pasta|Italian pasta|granoro|pasta,https://res.cloudinary.com/nigittriple/image/upload/v1776606789/claude/pasta-pennoni-rigati-n-190-931900.jpg,500g,12,Italy,0.5,,,,,,,"Store in a cool, dry place. Keep away from moisture.","Durum wheat semolina (100%), water",Gluten,,,,,,,,,[]
Pasta Trofie,pasta-trofie,IPXX-PASTRO-904561,8007290331045.00,description,Granoro Pasta Trofie ? premium Italian pasta of exceptional quality.,3000,,,11,5,69e5aa4140cdaab22a0a1af6,69e5aa7240cdaab22a0a1b1d,ACTIVE,,,,pasta|Italian pasta|granoro|pasta,https://res.cloudinary.com/nigittriple/image/upload/v1776606765/claude/pasta-trofie-331045.jpg,500g,12,Italy,0.5,,,,,,,"Store in a cool, dry place. Keep away from moisture.","Durum wheat semolina (100%), water",Gluten,,,,,,,,,[]
Pasta Trivella,pasta-trivella,IPXX-PASTRI-546533,8007290001436.00,description,Granoro Pasta Trivella ? premium Italian pasta of exceptional quality.,2800,,,13,5,69e5aa4140cdaab22a0a1af6,69e5aa7240cdaab22a0a1b1d,ACTIVE,,,,pasta|Italian pasta|granoro|pasta,https://res.cloudinary.com/nigittriple/image/upload/v1776606755/claude/pasta-trivella-001436.jpg,500g,12,Italy,0.5,,,,,,,"Store in a cool, dry place. Keep away from moisture.","Durum wheat semolina (100%), water",Gluten,,,,,,,,,[]
Flour Wholewheat Integrali,flour-wholewheat-integrali,FXXX-FLOWHO-325680,8033971745467,"Casillo Farina Integrale (Wholegrain Flour) is milled from 100% whole wheat, preserving the bran and germ for maximum nutritional value. Higher in fibre, minerals, and vitamins. Perfect for wholegrain bread, muffins, and pancakes.","Casillo Wholegrain Flour ? wholesome, nutritious wholegrain wheat flour for healthier baking.",3500,,,1,5,69e5aa4240cdaab22a0a1af7,69e5aa7140cdaab22a0a1b1c,ACTIVE,,,,flour|wholegrain flour|wholewheat flour|Casillo|healthy baking,https://res.cloudinary.com/nigittriple/image/upload/v1776606744/claude/flour-wholewheat-integrali-745467.jpg,1kg,10,Italy,1,,,,,,,"Store in a cool, dry place. Keep sealed to avoid moisture and pests.",100% wholegrain wheat flour,Gluten,,,,,,,,,[]
Flour Manitoba,flour-manitoba,FXXX-FLOMAN-178037,8033971740073,"Casillo Manitoba Flour is a strong, high-protein bread flour ideal for leavened baked goods. Its high gluten content provides excellent structure for artisan loaves, croissants, panettone, and brioche. The professional baker's choice.","Casillo Manitoba Flour ? high-protein bread flour ideal for artisan breads, croissants, and yeasted doughs.",3600,,,6,5,69e5aa4240cdaab22a0a1af7,69e5aa7140cdaab22a0a1b1c,ACTIVE,,,,flour|bread flour|Manitoba|Casillo|high protein flour|baking,https://res.cloudinary.com/nigittriple/image/upload/v1776606735/claude/flour-manitoba-740073.jpg,1kg,10,Italy,1,,,,,,,"Store in a cool, dry place. Keep sealed to avoid moisture and pests.",Manitoba high-protein wheat flour,Gluten,,,,,,,,,[]
Flour Type 00,flour-type-00,FXXX-FLOTYP-542484,8033971741001,"Casillo Flour Type 00 is the gold standard for Italian baking. Its ultra-fine, silky texture makes it ideal for fresh pasta, Neapolitan pizza dough, and delicate cakes and pastries. Sourced from premium soft wheat and milled in Italy.","Casillo Farina 00 ? ultra-fine Italian '00' flour, perfect for pizza, pasta, and delicate pastries.",3500,,,1,5,69e5aa4240cdaab22a0a1af7,69e5aa7140cdaab22a0a1b1c,ACTIVE,,,,flour|00 flour|pizza flour|Casillo|Italian flour|baking,https://res.cloudinary.com/nigittriple/image/upload/v1776606724/claude/flour-type-00-741001.jpg,1kg,10,Italy,1,,,,,,,"Store in a cool, dry place. Keep sealed to avoid moisture and pests.",Refined soft wheat flour (Type 00),Gluten,,,,,,,,,[]
Pasta Di Gragnano I.G.P,pasta-di-gragnano-i-g-p,IPXX-PASDI-580988,8008912012045.00,description,Liguori Pasta Di Gragnano I.G.P ? premium Italian pasta of exceptional quality. Certified Gragnano IGP ? made in the traditional Gragnano pasta district near Naples.,7700,,,9,5,69e5aa4140cdaab22a0a1af6,69e5aa6940cdaab22a0a1b16,ACTIVE,,,,pasta|Italian pasta|liguori|pasta|Gragnano IGP,https://res.cloudinary.com/nigittriple/image/upload/v1776606714/claude/pasta-di-gragnano-i-g-p-012045.jpg,500g,12,Italy,0.5,,,,,,,"Store in a cool, dry place. Keep away from moisture.","Durum wheat semolina (100%), water",Gluten,,,,,,,,,[]
Papparedelle A Dino N0-205,papparedelle-a-dino-n0-205,IPXX-PAPA-314355,8008912012052.00,description,Liguori Papparedelle A Dino N0-205 ? premium Italian pasta of exceptional quality.,7700,,,7,5,69e5aa4140cdaab22a0a1af6,69e5aa6940cdaab22a0a1b16,ACTIVE,,,,pasta|Italian pasta|liguori|papparedelle,https://res.cloudinary.com/nigittriple/image/upload/v1776606706/claude/papparedelle-a-dino-n0-205-012052.jpg,500g,12,Italy,0.5,,,,,,,"Store in a cool, dry place. Keep away from moisture.","Durum wheat semolina (100%), water",Gluten,,,,,,,,,[]
Kinder Surprise 3Eggs,kinder-surprise-3eggs,ABXX-KINSUR-599119,8000500026731.00,description,"Kinder Surprise 3 Eggs ? the iconic chocolate egg with a fun toy surprise inside, loved by children worldwide.",7000,,,0,5,69e5aa3f40cdaab22a0a1af5,69e5aa7040cdaab22a0a1b1b,ACTIVE,,,,Kinder|Ferrero|chocolate|kids treat|surprise egg,https://res.cloudinary.com/nigittriple/image/upload/v1776606699/claude/kinder-surprise-3eggs-026731.jpg,60g,12,Italy,0.06,,,,,,,"Store in a cool, dry place. Once opened, keep in an airtight container.",,Gluten|Dairy|Soy|Tree Nuts,,,,,,,,,[]
Mini Poker Wafer Hazelnut,mini-poker-wafer-hazelnut,ABXX-MINPOK-107589,80957232,"Lago Mini Poker Wafer Hazelnut is an iconic Italian wafer made with thin, crispy layers filled with rich hazelnut cream. Light, crunchy and absolutely delicious. Crafted in Italy since 1948.",Lago Hazelnut Wafer ? classic crispy Italian wafer with irresistible hazelnut cream filling.,330,,,31,5,69e5aa3f40cdaab22a0a1af5,69e5aa6340cdaab22a0a1b12,ACTIVE,,,,wafer|biscuit|Lago|hazelnut|Italian biscuits|snack,https://res.cloudinary.com/nigittriple/image/upload/v1776606678/claude/mini-poker-wafer-hazelnut-957232.jpg,15g,24,Italy,0.015,,,,,,,"Store in a cool, dry place. Once opened, keep in an airtight container.",,Gluten|Dairy|Tree Nuts,,,,,,,,,[]
Mini poker wafer cocoa,mini-poker-wafer-cocoa,ABXX-MINPOK-719007,80859857,"Lago Mini poker wafer cocoa is an iconic Italian wafer made with thin, crispy layers filled with rich cocoa cream. Light, crunchy and absolutely delicious. Crafted in Italy since 1948.",Lago Cocoa Wafer ? classic crispy Italian wafer with irresistible cocoa cream filling.,330,,,206,5,69e5aa3f40cdaab22a0a1af5,69e5aa6340cdaab22a0a1b12,ACTIVE,,,,wafer|biscuit|Lago|cocoa|Italian biscuits|snack,https://res.cloudinary.com/nigittriple/image/upload/v1776606669/claude/mini-poker-wafer-cocoa-859857.jpg,15g,24,Italy,0.015,,,,,,,"Store in a cool, dry place. Once opened, keep in an airtight container.",,Gluten|Dairy,,,,,,,,,[]
Plaisir Dark chocolate,plaisir-dark-chocolate,ABXX-PLADAR-668234,80073857,"Lago Plaisir Dark chocolate is an iconic Italian wafer made with thin, crispy layers filled with rich assorted cream. Light, crunchy and absolutely delicious. Crafted in Italy since 1948.",Lago Assorted Wafer ? classic crispy Italian wafer with irresistible assorted cream filling.,800,,,112,5,69e5aa3f40cdaab22a0a1af5,69e5aa6340cdaab22a0a1b12,ACTIVE,,,,wafer|biscuit|Lago|assorted|Italian biscuits|snack,https://res.cloudinary.com/nigittriple/image/upload/v1776606658/claude/plaisir-dark-chocolate-073857.jpg,38g,24,Italy,0.038,,,,,,,"Store in a cool, dry place. Once opened, keep in an airtight container.",,Gluten|Dairy,,,,,,,,,[]
Plaisir Milk chocolate,plaisir-milk-chocolate,ABXX-PLAMIL-284684,80073864,"Lago Plaisir Milk chocolate is an iconic Italian wafer made with thin, crispy layers filled with rich milk cream. Light, crunchy and absolutely delicious. Crafted in Italy since 1948.",Lago Milk Wafer ? classic crispy Italian wafer with irresistible milk cream filling.,800,,,121,5,69e5aa3f40cdaab22a0a1af5,69e5aa6340cdaab22a0a1b12,ACTIVE,,,,wafer|biscuit|Lago|milk|Italian biscuits|snack,https://res.cloudinary.com/nigittriple/image/upload/v1776606648/claude/plaisir-milk-chocolate-073864.jpg,38g,24,Italy,0.038,,,,,,,"Store in a cool, dry place. Once opened, keep in an airtight container.",,Gluten|Dairy,,,,,,,,,[]
Tart with cocoa and Hazelnut Cream,tart-with-cocoa-and-hazelnut-cream,ABXX-TARWIT-974347,80899785,"Lago Tart is a classic Italian pastry shell filled generously with cocoa and hazelnut cream. Light, flaky, and individually wrapped for freshness. A delightful treat with coffee or tea.",Lago Tart with Cocoa And Hazelnut Cream ? flaky pastry tart filled with rich cocoa and hazelnut cream.,750,,,204,5,69e5aa3f40cdaab22a0a1af5,69e5aa6340cdaab22a0a1b12,ACTIVE,,,,tart|pastry|biscuit|Lago|Italian|cocoa,https://res.cloudinary.com/nigittriple/image/upload/v1776606639/claude/tart-with-cocoa-and-hazelnut-cream-899785.jpg,40g,48,Italy,0.04,,,,,,,"Store in a cool, dry place. Once opened, keep in an airtight container.",,Gluten|Dairy|Eggs,,,,,,,,,[]
Pasta Di Semola Di Grano Duro,pasta-di-semola-di-grano-duro,IPXX-PASDI-341284,8008912010508.00,description,Liguori Pasta Di Semola Di Grano Duro ? premium Italian pasta of exceptional quality.,4200,,,22,5,69e5aa4140cdaab22a0a1af6,69e5aa6940cdaab22a0a1b16,ACTIVE,,,,pasta|Italian pasta|liguori|pasta,https://res.cloudinary.com/nigittriple/image/upload/v1776606630/claude/pasta-di-semola-di-grano-duro-010508.jpg,250g,12,Italy,0.25,,,,,,,"Store in a cool, dry place. Keep away from moisture.","Durum wheat semolina (100%), water",Gluten,,,,,,,,,[]
Tart with mixed Apricot Jam,tart-with-mixed-apricot-jam,ABXX-TARWIT-971020,80887195,"Lago Tart is a classic Italian pastry shell filled generously with apricot jam. Light, flaky, and individually wrapped for freshness. A delightful treat with coffee or tea.",Lago Tart with Apricot Jam ? flaky pastry tart filled with rich apricot jam.,750,,,242,5,69e5aa3f40cdaab22a0a1af5,69e5aa6340cdaab22a0a1b12,ACTIVE,,,,tart|pastry|biscuit|Lago|Italian|apricot,https://res.cloudinary.com/nigittriple/image/upload/v1776606622/claude/tart-with-mixed-apricot-jam-887195.jpg,40g,48,Italy,0.04,,,,,,,"Store in a cool, dry place. Once opened, keep in an airtight container.",,Gluten|Dairy|Eggs,,,,,,,,,[]
Paccheri Di Gragnano No -209,paccheri-di-gragnano-no-209,IPXX-PACDI-814329,8008912012090.00,description,Liguori Paccheri Di Gragnano No -209 ? premium Italian pasta of exceptional quality. Certified Gragnano IGP ? made in the traditional Gragnano pasta district near Naples.,4500,,,4,5,69e5aa4140cdaab22a0a1af6,69e5aa6940cdaab22a0a1b16,ACTIVE,,,,pasta|Italian pasta|liguori|paccheri|Gragnano IGP,https://res.cloudinary.com/nigittriple/image/upload/v1776606611/claude/paccheri-di-gragnano-no-209-012090.jpg,500g,12,Italy,0.5,,,,,,,"Store in a cool, dry place. Keep away from moisture.","Durum wheat semolina (100%), water",Gluten,,,,,,,,,[]
Gnocchi Di Patate,gnocchi-di-patate,IPXX-GNODI-538214,8008912008833.00,description,"Liguori Gnocchi Di Patate , premium Italian pasta of exceptional quality.",4500,,,7,5,69e5aa4140cdaab22a0a1af6,69e5aa6940cdaab22a0a1b16,ACTIVE,,,,pasta|Italian pasta|liguori|gnocchi,https://res.cloudinary.com/nigittriple/image/upload/v1781863565/nigittriple/general/zxgwkst7h9fvqcs7jzmd.jpg,400g,12,Italy,0.4,,,,,,,"Store in a cool, dry place. Keep away from moisture.","Durum wheat semolina (100%), water",Gluten,,,,,,,,,[]
Tart with cherry jam,tart-with-cherry-jam,ABXX-TARWIT-980368,80825616,"Lago Tart is a classic Italian pastry shell filled generously with cocoa and hazelnut cream. Light, flaky, and individually wrapped for freshness. A delightful treat with coffee or tea.",Lago Tart with Cocoa And Hazelnut Cream ? flaky pastry tart filled with rich cocoa and hazelnut cream.,750,,,277,5,69e5aa3f40cdaab22a0a1af5,69e5aa6340cdaab22a0a1b12,ACTIVE,,,,tart|pastry|biscuit|Lago|Italian|cocoa,https://res.cloudinary.com/nigittriple/image/upload/v1776606590/claude/tart-with-cherry-jam-825616.jpg,40g,48,Italy,0.04,,,,,,,"Store in a cool, dry place. Once opened, keep in an airtight container.",,Gluten|Dairy|Eggs,,,,,,,,,[]
Lumaconi N0-210,lumaconi-n0-210,IPXX-LUMN0--933491,8008912014100.00,description,Liguori Lumaconi N0-210 ? premium Italian pasta of exceptional quality.,7000,,,13,5,69e5aa4140cdaab22a0a1af6,69e5aa6940cdaab22a0a1b16,ACTIVE,,,,pasta|Italian pasta|liguori|lumaconi,https://res.cloudinary.com/nigittriple/image/upload/v1776606581/claude/lumaconi-n0-210-014100.jpg,500g,12,Italy,0.5,,,,,,,"Store in a cool, dry place. Keep away from moisture.","Durum wheat semolina (100%), water",Gluten,,,,,,,,,[]
Gastone donuts icing sugar,gastone-donuts-icing-sugar,ABXX-GASDON-986325,8004800235206,"Lago Gastone donuts icing sugar is a high-quality Italian baked biscuit product, made with care from the finest Italian ingredients.",Lago Donuts ? a premium Italian baked treat for all occasions.,750,,,2,5,69e5aa3f40cdaab22a0a1af5,69e5aa6340cdaab22a0a1b12,ACTIVE,,,,biscuit|Lago|Italian|donuts,https://res.cloudinary.com/nigittriple/image/upload/v1776606573/claude/gastone-donuts-icing-sugar-235206.jpg,40g,12,Italy,0.04,,,,,,,"Store in a cool, dry place. Once opened, keep in an airtight container.",,Gluten|Dairy,,,,,,,,,[]
Gastone donuts apricot filling,gastone-donuts-apricot-filling,ABXX-GASDON-463147,8004800235244,"Lago Gastone donuts apricot filling is a high-quality Italian baked biscuit product, made with care from the finest Italian ingredients.",Lago Donuts ? a premium Italian baked treat for all occasions.,750,,,0,5,69e5aa3f40cdaab22a0a1af5,69e5aa6340cdaab22a0a1b12,ACTIVE,,,,biscuit|Lago|Italian|donuts,https://res.cloudinary.com/nigittriple/image/upload/v1776606564/claude/gastone-donuts-apricot-filling-235244.jpg,40g,12,Italy,0.04,,,,,,,"Store in a cool, dry place. Once opened, keep in an airtight container.",,Gluten|Dairy,,,,,,,,,[]
Gastone donuts chocolate milk filling,gastone-donuts-chocolate-milk-filling,ABXX-GASDON-575236,8004800232014,"Lago Gastone donuts chocolate milk filling is a high-quality Italian baked biscuit product, made with care from the finest Italian ingredients.",Lago Donuts ? a premium Italian baked treat for all occasions.,750,,,36,5,69e5aa3f40cdaab22a0a1af5,69e5aa6340cdaab22a0a1b12,ACTIVE,,,,biscuit|Lago|Italian|donuts,https://res.cloudinary.com/nigittriple/image/upload/v1776606554/claude/gastone-donuts-chocolate-milk-filling-232014.jpg,40g,12,Italy,0.04,,,,,,,"Store in a cool, dry place. Once opened, keep in an airtight container.",,Gluten|Dairy,,,,,,,,,[]
Spaghettoni Di Gragnano N0-201,spaghettoni-di-gragnano-n0-201,IPXX-SPADI-637956,8008912012014.00,description,Liguori Spaghettoni Di Gragnano N0-201 ? premium Italian pasta of exceptional quality. Certified Gragnano IGP ? made in the traditional Gragnano pasta district near Naples.,7000,,,17,5,69e5aa4140cdaab22a0a1af6,69e5aa6940cdaab22a0a1b16,ACTIVE,,,,pasta|Italian pasta|liguori|spaghettoni|Gragnano IGP,https://res.cloudinary.com/nigittriple/image/upload/v1776606544/claude/spaghettoni-di-gragnano-n0-201-012014.jpg,500g,12,Italy,0.5,,,,,,,"Store in a cool, dry place. Keep away from moisture.","Durum wheat semolina (100%), water",Gluten,,,,,,,,,[]
Gastone Donuts chocolate,gastone-donuts-chocolate,ABXX-GASDON-401856,8004800235251,"Lago Gastone Donuts chocolate is a high-quality Italian baked biscuit product, made with care from the finest Italian ingredients.",Lago Biscuits ? a premium Italian baked treat for all occasions.,750,,,28,5,69e5aa3f40cdaab22a0a1af5,69e5aa6340cdaab22a0a1b12,ACTIVE,,,,biscuit|Lago|Italian|biscuits,https://res.cloudinary.com/nigittriple/image/upload/v1776606537/claude/gastone-donuts-chocolate-235251.jpg,40g,12,Italy,0.04,,,,,,,"Store in a cool, dry place. Once opened, keep in an airtight container.",,Gluten|Dairy,,,,,,,,,[]
Fettuccine A Nido,fettuccine-a-nido,IPXX-FETA-864161,8008912012069.00,description,Liguori Fettuccine A Nido ? premium Italian pasta of exceptional quality.,5500,,,7,5,69e5aa4140cdaab22a0a1af6,69e5aa6940cdaab22a0a1b16,ACTIVE,,,,pasta|Italian pasta|liguori|fettuccine,https://res.cloudinary.com/nigittriple/image/upload/v1776606527/claude/fettuccine-a-nido-012069.jpg,500g,12,Italy,0.5,,,,,,,"Store in a cool, dry place. Keep away from moisture.","Durum wheat semolina (100%), water",Gluten,,,,,,,,,[]
Frollini Cocoa and hazelnut cookies,frollini-cocoa-and-hazelnut-cookies,ABXX-FROCOC-576071,8004800006745,"Lago Frollini Cocoa and hazelnut cookies is an iconic Italian wafer made with thin, crispy layers filled with rich hazelnut cream. Light, crunchy and absolutely delicious. Crafted in Italy since 1948.",Lago Hazelnut Wafer ? classic crispy Italian wafer with irresistible hazelnut cream filling.,8200,,,0,5,69e5aa3f40cdaab22a0a1af5,69e5aa6340cdaab22a0a1b12,ACTIVE,,,,wafer|biscuit|Lago|hazelnut|Italian biscuits|snack,https://res.cloudinary.com/nigittriple/image/upload/v1776606520/claude/frollini-cocoa-and-hazelnut-cookies-006745.jpg,600g,24,Italy,0.6,,,,,,,"Store in a cool, dry place. Once opened, keep in an airtight container.",,Gluten|Dairy|Tree Nuts,,,,,,,,,[]
Nutella Biscuits,nutella-biscuits,ABXX-NUTBIS-764101,8000500310427.00,description,Premium Italian biscuit by Ferreto ? Biscuits baked to perfection.,12200,,,0,5,69e5aa3f40cdaab22a0a1af5,69e5aa6f40cdaab22a0a1b1a,ACTIVE,,,,biscuit|ferreto|Italian|biscuits,https://res.cloudinary.com/nigittriple/image/upload/v1776606510/claude/nutella-biscuits-310427.jpg,304g,12,Italy,0.304,,,,,,,"Store in a cool, dry place. Once opened, keep in an airtight container.",,Gluten|Dairy,,,,,,,,,[]
Mezze Maniche Rigate,mezze-maniche-rigate,IPXX-MEZMAN-722421,8008912010386,"Mezze Maniche Rigate by Liguori is a premium Italian pasta made by Pastificio Liguori, one of Campania's oldest pasta makers since 1795. Made from 100% durum wheat semolina and pure water, slowly dried at low temperature to preserve its natural texture and flavour. Cook in boiling salted water for 10-14 minutes.",Liguori Mezze Maniche Rigate ? premium Italian pasta of exceptional quality.,5500,,,10,5,69e5aa4140cdaab22a0a1af6,69e5aa6940cdaab22a0a1b16,ACTIVE,,,,pasta|Italian pasta|liguori|mezze,https://res.cloudinary.com/nigittriple/image/upload/v1776606496/claude/mezze-maniche-rigate-010386.jpg,500g,12,Italy,0.5,,,,,,,"Store in a cool, dry place. Keep away from moisture.","Durum wheat semolina (100%), water",Gluten,,,,,,,,,[]
Rigoli,rigoli,ABXX-RIG-160929,8076809506229,Rigoli is a premium quality Italian biscuit made by Mulino Bianco. Made with the finest ingredients and baked to golden perfection. Ideal for any occasion.,Premium Italian biscuit by Mulino Bianco ? Biscuits baked to perfection.,6000,,,0,5,69e5aa3f40cdaab22a0a1af5,69e5aa6d40cdaab22a0a1b19,ACTIVE,,,,biscuit|mulino bianco|Italian|biscuits,https://res.cloudinary.com/nigittriple/image/upload/v1776606489/claude/rigoli-506229.jpg,400g,12,Italy,0.4,,,,,,,"Store in a cool, dry place. Once opened, keep in an airtight container.",,Gluten|Dairy,,,,,,,,,[]
Girotondi,girotondi,ABXX-GIR-689775,8076809572880,Girotondi is a premium quality Italian biscuit made by Mulino Bianco. Made with the finest ingredients and baked to golden perfection. Ideal for any occasion.,Premium Italian biscuit by Mulino Bianco ? Biscuits baked to perfection.,5500,,,0,5,69e5aa3f40cdaab22a0a1af5,69e5aa6d40cdaab22a0a1b19,ACTIVE,,,,biscuit|mulino bianco|Italian|biscuits,https://res.cloudinary.com/nigittriple/image/upload/v1776606478/claude/girotondi-572880.jpg,350g,12,Italy,0.35,,,,,,,"Store in a cool, dry place. Once opened, keep in an airtight container.",,Gluten|Dairy,,,,,,,,,[]
Molinetti,molinetti,ABXX-MOL-494732,8076809576635,Molinetti is a premium quality Italian biscuit made by Mulino Bianco. Made with the finest ingredients and baked to golden perfection. Ideal for any occasion.,Premium Italian biscuit by Mulino Bianco ? Biscuits baked to perfection.,5000,,,25,5,69e5aa3f40cdaab22a0a1af5,69e5aa6d40cdaab22a0a1b19,ACTIVE,,,,biscuit|mulino bianco|Italian|biscuits,https://res.cloudinary.com/nigittriple/image/upload/v1776606470/claude/molinetti-576635.jpg,350g,12,Italy,0.35,,,,,,,"Store in a cool, dry place. Once opened, keep in an airtight container.",,Gluten|Dairy,,,,,,,,,[]
Pan Di Stella,pan-di-stella,ABXX-PANDI-599692,8076809580748,Pan Di Stella is a premium quality Italian biscuit made by Mulino Bianco. Made with the finest ingredients and baked to golden perfection. Ideal for any occasion.,Premium Italian biscuit by Mulino Bianco ? Biscuits baked to perfection.,7400,,,0,5,69e5aa3f40cdaab22a0a1af5,69e5aa6d40cdaab22a0a1b19,ACTIVE,,,,biscuit|mulino bianco|Italian|biscuits,https://res.cloudinary.com/nigittriple/image/upload/v1776606460/claude/pan-di-stella-580748.jpg,350g,12,Italy,0.35,,,,,,,"Store in a cool, dry place. Once opened, keep in an airtight container.",,Gluten|Dairy,,,,,,,,,[]
Conchiglioni,conchiglioni,IPXX-CON-398756,8008912014124,"Conchiglioni by  is a premium Italian pasta made by . Made from 100% durum wheat semolina and pure water, slowly dried at low temperature to preserve its natural texture and flavour. Cook in boiling salted water for 10-14 minutes.",Conchiglioni ? premium Italian pasta of exceptional quality.,5500,,,10,5,69e5aa4140cdaab22a0a1af6,,ACTIVE,,,,pasta|Italian pasta|conchiglioni,https://res.cloudinary.com/nigittriple/image/upload/v1776606449/claude/conchiglioni-014124.jpg,10g,12,Italy,0.01,,,,,,,"Store in a cool, dry place. Keep away from moisture.","Durum wheat semolina (100%), water",Gluten,,,,,,,,,[]
Cioccogranob,cioccogranob,ABXX-CIO-783224,8076809573757,Cioccogranob is a premium quality Italian biscuit made by Mulino Bianco. Made with the finest ingredients and baked to golden perfection. Ideal for any occasion.,Premium Italian biscuit by Mulino Bianco ? Biscuits baked to perfection.,6500,,,0,5,69e5aa3f40cdaab22a0a1af5,69e5aa6d40cdaab22a0a1b19,ACTIVE,,,,biscuit|mulino bianco|Italian|biscuits,https://res.cloudinary.com/nigittriple/image/upload/v1776606441/claude/cioccogranob-573757.jpg,330g,12,Italy,0.33,,,,,,,"Store in a cool, dry place. Once opened, keep in an airtight container.",,Gluten|Dairy,,,,,,,,,[]
Calamarata,calamarata,IPXX-CAL-637145,8008912011116,"Calamarata by Liguori is a premium Italian pasta made by Pastificio Liguori, one of Campania's oldest pasta makers since 1795. Made from 100% durum wheat semolina and pure water, slowly dried at low temperature to preserve its natural texture and flavour. Cook in boiling salted water for 10-14 minutes.",Liguori Calamarata ? premium Italian pasta of exceptional quality.,5500,,,6,5,69e5aa4140cdaab22a0a1af6,69e5aa6940cdaab22a0a1b16,ACTIVE,,,,pasta|Italian pasta|liguori|calamarata,https://res.cloudinary.com/nigittriple/image/upload/v1776606429/claude/calamarata-011116.jpg,500g,12,Italy,0.5,,,,,,,"Store in a cool, dry place. Keep away from moisture.","Durum wheat semolina (100%), water",Gluten,,,,,,,,,[]
Buongrano,buongrano,ABXX-BUO-376660,8076809571487,Buongrano is a premium quality Italian biscuit made by Mulino Bianco. Made with the finest ingredients and baked to golden perfection. Ideal for any occasion.,Premium Italian biscuit by Mulino Bianco ? Biscuits baked to perfection.,6000,,,0,5,69e5aa3f40cdaab22a0a1af5,69e5aa6d40cdaab22a0a1b19,ACTIVE,,,,biscuit|mulino bianco|Italian|biscuits,https://res.cloudinary.com/nigittriple/image/upload/v1776606420/claude/buongrano-571487.jpg,350g,12,Italy,0.35,,,,,,,"Store in a cool, dry place. Once opened, keep in an airtight container.",,Gluten|Dairy,,,,,,,,,[]
Tarallucci,tarallucci,ABXX-TAR-781527,8076809572828,Tarallucci is a premium quality Italian biscuit made by Mulino Bianco. Made with the finest ingredients and baked to golden perfection. Ideal for any occasion.,Premium Italian biscuit by Mulino Bianco ? Biscuits baked to perfection.,5000,,,7,5,69e5aa3f40cdaab22a0a1af5,69e5aa6d40cdaab22a0a1b19,ACTIVE,,,,biscuit|mulino bianco|Italian|biscuits,https://res.cloudinary.com/nigittriple/image/upload/v1776606411/claude/tarallucci-572828.jpg,350g,12,Italy,0.35,,,,,,,"Store in a cool, dry place. Once opened, keep in an airtight container.",,Gluten|Dairy,,,,,,,,,[]
Paccheri,paccheri,IPXX-PAC-218122,8008912014155.00,description,Liguori Paccheri ? premium Italian pasta of exceptional quality.,5500,,,6,5,69e5aa4140cdaab22a0a1af6,69e5aa6940cdaab22a0a1b16,ACTIVE,,,,pasta|Italian pasta|liguori|paccheri,https://res.cloudinary.com/nigittriple/image/upload/v1776606400/claude/paccheri-014155.jpg,500g,12,Italy,0.5,,,,,,,"Store in a cool, dry place. Keep away from moisture.","Durum wheat semolina (100%), water",Gluten,,,,,,,,,[]
Scacchieri,scacchieri,ABXX-SCA-973393,8076809581486,Scacchieri is a premium quality Italian biscuit made by Mulino Bianco. Made with the finest ingredients and baked to golden perfection. Ideal for any occasion.,Premium Italian biscuit by Mulino Bianco ? Biscuits baked to perfection.,9400,,,0,5,69e5aa3f40cdaab22a0a1af5,69e5aa6d40cdaab22a0a1b19,ACTIVE,,,,biscuit|mulino bianco|Italian|biscuits,https://res.cloudinary.com/nigittriple/image/upload/v1776606391/claude/scacchieri-581486.jpg,300g,12,Italy,0.3,,,,,,,"Store in a cool, dry place. Once opened, keep in an airtight container.",,Gluten|Dairy,,,,,,,,,[]
Frollini Cookies with cream,frollini-cookies-with-cream,ABXX-FROCOO-334129,8004800006738,"Lago Frollini Cookies with cream is an iconic Italian wafer made with thin, crispy layers filled with rich assorted cream. Light, crunchy and absolutely delicious. Crafted in Italy since 1948.",Lago Assorted Wafer ? classic crispy Italian wafer with irresistible assorted cream filling.,8200,,,4,5,69e5aa3f40cdaab22a0a1af5,69e5aa6340cdaab22a0a1b12,ACTIVE,,,,wafer|biscuit|Lago|assorted|Italian biscuits|snack,https://res.cloudinary.com/nigittriple/image/upload/v1776606380/claude/frollini-cookies-with-cream-006738.jpg,600g,24,Italy,0.6,,,,,,,"Store in a cool, dry place. Once opened, keep in an airtight container.",,Gluten|Dairy,,,,,,,,,[]
Pappardelle A Nido,pappardelle-a-nido,IPXX-PAPA-371723,8008912010188.00,description,Pappardelle A Nido ? premium Italian pasta of exceptional quality.,5500,,,10,5,69e5aa4140cdaab22a0a1af6,,ACTIVE,,,,pasta|Italian pasta|pappardelle,https://res.cloudinary.com/nigittriple/image/upload/v1776606371/claude/pappardelle-a-nido-010188.jpg,500g,12,Italy,0.5,,,,,,,"Store in a cool, dry place. Keep away from moisture.","Durum wheat semolina (100%), water",Gluten,,,,,,,,,[]
Frollini Cereal Cookies,frollini-cereal-cookies-0uqa,ABXX-FROCER-944975,8004800006714,"Lago Frollini Cereal Cookies is an iconic Italian wafer made with thin, crispy layers filled with rich assorted cream. Light, crunchy and absolutely delicious. Crafted in Italy since 1948.",Lago Assorted Wafer ? classic crispy Italian wafer with irresistible assorted cream filling.,8200,,,11,5,69e5aa3f40cdaab22a0a1af5,69e5aa6340cdaab22a0a1b12,ACTIVE,,,,wafer|biscuit|Lago|assorted|Italian biscuits|snack,https://res.cloudinary.com/nigittriple/image/upload/v1776606363/claude/frollini-cereal-cookies-006714.jpg,600g,24,Italy,0.6,,,,,,,"Store in a cool, dry place. Once opened, keep in an airtight container.",,Gluten|Dairy,,,,,,,,,[]
Rigatoni Napoletani,rigatoni-napoletani,IPXX-RIGNAP-611453,8008912014186.00,description,Liguori Rigatoni Napoletani ? premium Italian pasta of exceptional quality.,5500,,,9,5,69e5aa4140cdaab22a0a1af6,69e5aa6940cdaab22a0a1b16,ACTIVE,,,,pasta|Italian pasta|liguori|rigatoni,https://res.cloudinary.com/nigittriple/image/upload/v1776606353/claude/rigatoni-napoletani-014186.jpg,500g,12,Italy,0.5,,,,,,,"Store in a cool, dry place. Keep away from moisture.","Durum wheat semolina (100%), water",Gluten,,,,,,,,,[]
Frollini chocolate chip cookies,frollini-chocolate-chip-cookies,ABXX-FROCHO-239816,8004800006851,"Lago Frollini chocolate chip cookies is an iconic Italian wafer made with thin, crispy layers filled with rich assorted cream. Light, crunchy and absolutely delicious. Crafted in Italy since 1948.",Lago Assorted Wafer ? classic crispy Italian wafer with irresistible assorted cream filling.,4600,,,7,5,69e5aa3f40cdaab22a0a1af5,69e5aa6340cdaab22a0a1b12,ACTIVE,,,,wafer|biscuit|Lago|assorted|Italian biscuits|snack,https://res.cloudinary.com/nigittriple/image/upload/v1776606344/claude/frollini-chocolate-chip-cookies-006851.jpg,320g,24,Italy,0.32,,,,,,,"Store in a cool, dry place. Once opened, keep in an airtight container.",,Gluten|Dairy,,,,,,,,,[]
Frollini Cookies with Eggs,frollini-cookies-with-eggs,ABXX-FROCOO-177590,8004800006820,"Lago Frollini Cookies with Eggs is an iconic Italian wafer made with thin, crispy layers filled with rich assorted cream. Light, crunchy and absolutely delicious. Crafted in Italy since 1948.",Lago Assorted Wafer ? classic crispy Italian wafer with irresistible assorted cream filling.,4000,,,5,5,69e5aa3f40cdaab22a0a1af5,69e5aa6340cdaab22a0a1b12,ACTIVE,,,,wafer|biscuit|Lago|assorted|Italian biscuits|snack,https://res.cloudinary.com/nigittriple/image/upload/v1776606335/claude/frollini-cookies-with-eggs-006820.jpg,320g,24,Italy,0.32,,,,,,,"Store in a cool, dry place. Once opened, keep in an airtight container.",,Gluten|Dairy,,,,,,,,,[]
Frollini Biscuits with Cream,frollini-biscuits-with-cream,ABXX-FROBIS-955675,8004800006837,"Lago Frollini Biscuits with Cream is an iconic Italian wafer made with thin, crispy layers filled with rich assorted cream. Light, crunchy and absolutely delicious. Crafted in Italy since 1948.",Lago Assorted Wafer ? classic crispy Italian wafer with irresistible assorted cream filling.,4800,,,9,5,69e5aa3f40cdaab22a0a1af5,69e5aa6340cdaab22a0a1b12,ACTIVE,,,,wafer|biscuit|Lago|assorted|Italian biscuits|snack,https://res.cloudinary.com/nigittriple/image/upload/v1776606323/claude/frollini-biscuits-with-cream-006837.jpg,320g,24,Italy,0.32,,,,,,,"Store in a cool, dry place. Once opened, keep in an airtight container.",,Gluten|Dairy,,,,,,,,,[]
Mini Party Lemon,mini-party-lemon,ABXX-MINPAR-116012,8004800003430,"Lago Mini Party Lemon is an iconic Italian wafer made with thin, crispy layers filled with rich lemon cream. Light, crunchy and absolutely delicious. Crafted in Italy since 1948.",Lago Lemon Wafer ? classic crispy Italian wafer with irresistible lemon cream filling.,3000,,,7,5,69e5aa3f40cdaab22a0a1af5,69e5aa6340cdaab22a0a1b12,ACTIVE,,,,wafer|biscuit|Lago|lemon|Italian biscuits|snack,https://res.cloudinary.com/nigittriple/image/upload/v1776606311/claude/mini-party-lemon-003430.jpg,125g,24,Italy,0.125,,,,,,,"Store in a cool, dry place. Once opened, keep in an airtight container.",,Gluten|Dairy,,,,,,,,,[]
Mini Party cocoa,mini-party-cocoa,ABXX-MINPAR-183234,8004800003409,"Lago Mini Party cocoa is an iconic Italian wafer made with thin, crispy layers filled with rich cocoa cream. Light, crunchy and absolutely delicious. Crafted in Italy since 1948.",Lago Cocoa Wafer ? classic crispy Italian wafer with irresistible cocoa cream filling.,3100,,,5,5,69e5aa3f40cdaab22a0a1af5,69e5aa6340cdaab22a0a1b12,ACTIVE,,,,wafer|biscuit|Lago|cocoa|Italian biscuits|snack,https://res.cloudinary.com/nigittriple/image/upload/v1776606298/claude/mini-party-cocoa-003409.jpg,125g,24,Italy,0.125,,,,,,,"Store in a cool, dry place. Once opened, keep in an airtight container.",,Gluten|Dairy,,,,,,,,,[]
Mini Party Hazelnut Sugar free,mini-party-hazelnut-sugar-free,ABXX-MINPAR-590442,800480000361,"Lago Poker Sugar Free Hazelnut Wafer features delicate, crispy wafer layers filled with hazelnut cream ? all without added sugar. Perfect for those watching their sugar intake without compromising on taste.","Lago Hazelnut Wafer (Sugar Free) ? crispy layered wafer with hazelnut cream filling, no added sugar.",3100,,,12,5,69e5aa3f40cdaab22a0a1af5,69e5aa6340cdaab22a0a1b12,ACTIVE,,,,wafer|biscuit|Lago|hazelnut|Italian biscuits|snack,https://res.cloudinary.com/nigittriple/image/upload/v1776606280/claude/mini-party-hazelnut-sugar-free-000361.jpg,125g,24,Italy,0.125,,,,,,,"Store in a cool, dry place. Once opened, keep in an airtight container.",,Gluten|Dairy|Tree Nuts,,,,,,,,,[]
Mini party Cocoa sugar free,mini-party-cocoa-sugar-free,ABXX-MINPAR-831619,8004800003607,"Lago Poker Sugar Free Cocoa Wafer features delicate, crispy wafer layers filled with cocoa cream ? all without added sugar. Perfect for those watching their sugar intake without compromising on taste.","Lago Cocoa Wafer (Sugar Free) ? crispy layered wafer with cocoa cream filling, no added sugar.",3100,,,21,5,69e5aa3f40cdaab22a0a1af5,69e5aa6340cdaab22a0a1b12,ACTIVE,,,,wafer|biscuit|Lago|cocoa|Italian biscuits|snack,https://res.cloudinary.com/nigittriple/image/upload/v1776606268/claude/mini-party-cocoa-sugar-free-003607.jpg,125g,24,Italy,0.125,,,,,,,"Store in a cool, dry place. Once opened, keep in an airtight container.",,Gluten|Dairy,,,,,,,,,[]
Tagliatelle A Nido,tagliatelle-a-nido,IPXX-TAGA-962115,8008912010515.00,description,Liguori Tagliatelle A Nido ? premium Italian pasta of exceptional quality.,5500,,,5,5,69e5aa4140cdaab22a0a1af6,69e5aa6940cdaab22a0a1b16,ACTIVE,,,,pasta|Italian pasta|liguori|tagliatelle,https://res.cloudinary.com/nigittriple/image/upload/v1776606255/claude/tagliatelle-a-nido-010515.jpg,500g,12,Italy,0.5,,,,,,,"Store in a cool, dry place. Keep away from moisture.","Durum wheat semolina (100%), water",Gluten,,,,,,,,,[]
Orecchiette,orecchiette,IPXX-ORE-428351,8008912013165.00,description,Liguori Orecchiette ? premium Italian pasta of exceptional quality.,5500,,,11,5,69e5aa4140cdaab22a0a1af6,69e5aa6940cdaab22a0a1b16,ACTIVE,,,,pasta|Italian pasta|liguori|orecchiette,https://res.cloudinary.com/nigittriple/image/upload/v1776606247/claude/orecchiette-013165.jpg,500g,12,Italy,0.5,,,,,,,"Store in a cool, dry place. Keep away from moisture.","Durum wheat semolina (100%), water",Gluten,,,,,,,,,[]
Biscuits filled Coffee cream,biscuits-filled-coffee-cream,ABXX-BISFIL-383983,8000350007973,Biscuits filled Coffee cream is a premium quality Italian biscuit made by Grisbi. Made with the finest ingredients and baked to golden perfection. Ideal for any occasion.,Premium Italian biscuit by Grisbi ? Biscuits baked to perfection.,6300,,,14,5,69e5aa3f40cdaab22a0a1af5,69e5aa6b40cdaab22a0a1b18,ACTIVE,,,,biscuit|grisbi|Italian|biscuits,https://res.cloudinary.com/nigittriple/image/upload/v1776606237/claude/biscuits-filled-coffee-cream-007973.jpg,135g,12,Italy,0.135,,,,,,,"Store in a cool, dry place. Once opened, keep in an airtight container.",,Gluten|Dairy,,,,,,,,,[]
Biscuit filled Chocolate,biscuit-filled-chocolate,ABXX-BISFIL-628065,8000350007911,Biscuit filled Chocolate is a premium quality Italian biscuit made by Grisbi. Made with the finest ingredients and baked to golden perfection. Ideal for any occasion.,Premium Italian biscuit by Grisbi ? Biscuits baked to perfection.,6300,,,0,5,69e5aa3f40cdaab22a0a1af5,69e5aa6b40cdaab22a0a1b18,ACTIVE,,,,biscuit|grisbi|Italian|biscuits,https://res.cloudinary.com/nigittriple/image/upload/v1776606227/claude/biscuit-filled-chocolate-007911.jpg,135g,12,Italy,0.135,,,,,,,"Store in a cool, dry place. Once opened, keep in an airtight container.",,Gluten|Dairy,,,,,,,,,[]
Pennette Rigate,pennette-rigate,IPXX-PENRIG-700331,8008912010430,"Pennette Rigate by Liguori is a premium Italian pasta made by Pastificio Liguori, one of Campania's oldest pasta makers since 1795. Made from 100% durum wheat semolina and pure water, slowly dried at low temperature to preserve its natural texture and flavour. Cook in boiling salted water for 10-14 minutes.",Liguori Pennette Rigate ? premium Italian pasta of exceptional quality.,3500,,,8,5,69e5aa4140cdaab22a0a1af6,69e5aa6940cdaab22a0a1b16,ACTIVE,,,,pasta|Italian pasta|liguori|pennette,https://res.cloudinary.com/nigittriple/image/upload/v1776606216/claude/pennette-rigate-010430.jpg,500g,12,Italy,0.5,,,,,,,"Store in a cool, dry place. Keep away from moisture.","Durum wheat semolina (100%), water",Gluten,,,,,,,,,[]
Biscuit filled Lemon cream,biscuit-filled-lemon-cream,ABXX-BISFIL-867130,8000350007935,Biscuit filled Lemon cream is a premium quality Italian biscuit made by Grisbi. Made with the finest ingredients and baked to golden perfection. Ideal for any occasion.,Premium Italian biscuit by Grisbi ? Biscuits baked to perfection.,6300,,,15,5,69e5aa3f40cdaab22a0a1af5,69e5aa6b40cdaab22a0a1b18,ACTIVE,,,,biscuit|grisbi|Italian|biscuits,https://res.cloudinary.com/nigittriple/image/upload/v1776606208/claude/biscuit-filled-lemon-cream-007935.jpg,135g,12,Italy,0.135,,,,,,,"Store in a cool, dry place. Once opened, keep in an airtight container.",,Gluten|Dairy,,,,,,,,,[]
Ditali Piccoli Rigati,ditali-piccoli-rigati-3xvy,IPXX-DITPIC-786011,8008912010836.00,description,Liguori Ditali Piccoli Rigati ? premium Italian pasta of exceptional quality.,3500,,,0,5,69e5aa4140cdaab22a0a1af6,69e5aa6940cdaab22a0a1b16,ACTIVE,,,,pasta|Italian pasta|liguori|ditali,https://res.cloudinary.com/nigittriple/image/upload/v1776606197/claude/ditali-piccoli-rigati-010836.jpg,500g,12,Italy,0.5,,,,,,,"Store in a cool, dry place. Keep away from moisture.","Durum wheat semolina (100%), water",Gluten,,,,,,,,,[]
Biscuits filled Coconut cream,biscuits-filled-coconut-cream,ABXX-BISFIL-752389,8000350007942,Biscuits filled Coconut cream is a premium quality Italian biscuit made by Grisbi. Made with the finest ingredients and baked to golden perfection. Ideal for any occasion.,Premium Italian biscuit by Grisbi ? Biscuits baked to perfection.,6300,,,0,5,69e5aa3f40cdaab22a0a1af5,69e5aa6b40cdaab22a0a1b18,ACTIVE,,,,biscuit|grisbi|Italian|biscuits,https://res.cloudinary.com/nigittriple/image/upload/v1776606187/claude/biscuits-filled-coconut-cream-007942.jpg,135g,12,Italy,0.135,,,,,,,"Store in a cool, dry place. Once opened, keep in an airtight container.",,Gluten|Dairy,,,,,,,,,[]
Mezze Penne Rigate,mezze-penne-rigate,IPXX-MEZPEN-614569,8008912010379.00,description,Liguori Mezze Penne Rigate ? premium Italian pasta of exceptional quality.,3500,,,6,5,69e5aa4140cdaab22a0a1af6,69e5aa6940cdaab22a0a1b16,ACTIVE,,,,pasta|Italian pasta|liguori|mezze,https://res.cloudinary.com/nigittriple/image/upload/v1776606175/claude/mezze-penne-rigate-010379.jpg,500g,12,Italy,0.5,,,,,,,"Store in a cool, dry place. Keep away from moisture.","Durum wheat semolina (100%), water",Gluten,,,,,,,,,[]
Mini Roll Lime,mini-roll-lime,ABXX-MINROL-281574,8004800005533,"Lago Mini Roll Lime is an iconic Italian wafer made with thin, crispy layers filled with rich assorted cream. Light, crunchy and absolutely delicious. Crafted in Italy since 1948.",Lago Assorted Wafer ? classic crispy Italian wafer with irresistible assorted cream filling.,4500,,,8,5,69e5aa3f40cdaab22a0a1af5,69e5aa6340cdaab22a0a1b12,ACTIVE,,,,wafer|biscuit|Lago|assorted|Italian biscuits|snack,https://res.cloudinary.com/nigittriple/image/upload/v1776606167/claude/mini-roll-lime-005533.jpg,125g,24,Italy,0.125,,,,,,,"Store in a cool, dry place. Once opened, keep in an airtight container.",,Gluten|Dairy,,,,,,,,,[]
Lasagna,lasagna,IPXX-LAS-718600,8008912016012.00,description,Liguori Lasagna ? premium Italian pasta of exceptional quality.,5000,,,9,5,69e5aa4140cdaab22a0a1af6,69e5aa6940cdaab22a0a1b16,ACTIVE,,,,pasta|Italian pasta|liguori|lasagna,https://res.cloudinary.com/nigittriple/image/upload/v1776606155/claude/lasagna-016012.jpg,500g,12,Italy,0.5,,,,,,,"Store in a cool, dry place. Keep away from moisture.","Durum wheat semolina (100%), water",Gluten,,,,,,,,,[]
Mini Roll Coconut,mini-roll-coconut,ABXX-MINROL-286290,8004800005526,"Lago Mini Roll Coconut is an iconic Italian wafer made with thin, crispy layers filled with rich coconut cream. Light, crunchy and absolutely delicious. Crafted in Italy since 1948.",Lago Coconut Wafer ? classic crispy Italian wafer with irresistible coconut cream filling.,4500,,,6,5,69e5aa3f40cdaab22a0a1af5,69e5aa6340cdaab22a0a1b12,ACTIVE,,,,wafer|biscuit|Lago|coconut|Italian biscuits|snack,https://res.cloudinary.com/nigittriple/image/upload/v1776606147/claude/mini-roll-coconut-005526.jpg,125g,24,Italy,0.125,,,,,,,"Store in a cool, dry place. Once opened, keep in an airtight container.",,Gluten|Dairy,,,,,,,,,[]
Mini Roll Hazelnut,mini-roll-hazelnut,ABXX-MINROL-671120,8004800005519,"Lago Mini Roll Hazelnut is an iconic Italian wafer made with thin, crispy layers filled with rich hazelnut cream. Light, crunchy and absolutely delicious. Crafted in Italy since 1948.",Lago Hazelnut Wafer ? classic crispy Italian wafer with irresistible hazelnut cream filling.,4500,,,21,5,69e5aa3f40cdaab22a0a1af5,69e5aa6340cdaab22a0a1b12,ACTIVE,,,,wafer|biscuit|Lago|hazelnut|Italian biscuits|snack,https://res.cloudinary.com/nigittriple/image/upload/v1776606137/claude/mini-roll-hazelnut-005519.jpg,125g,24,Italy,0.125,,,,,,,"Store in a cool, dry place. Once opened, keep in an airtight container.",,Gluten|Dairy|Tree Nuts,,,,,,,,,[]
Orzo,orzo,IPXX-ORZ-274148,8008912010881.00,description,Liguori Orzo ? premium Italian pasta of exceptional quality.,3500,,,20,5,69e5aa4140cdaab22a0a1af6,69e5aa6940cdaab22a0a1b16,ACTIVE,,,,pasta|Italian pasta|liguori|orzo,https://res.cloudinary.com/nigittriple/image/upload/v1776606120/claude/orzo-010881.jpg,500g,12,Italy,0.5,,,,,,,"Store in a cool, dry place. Keep away from moisture.","Durum wheat semolina (100%), water",Gluten,,,,,,,,,[]
Poker Wafer Cocoa,poker-wafer-cocoa,ABXX-POKWAF-164175,8004800002877,"Lago Poker Wafer Cocoa is an iconic Italian wafer made with thin, crispy layers filled with rich cocoa cream. Light, crunchy and absolutely delicious. Crafted in Italy since 1948.",Lago Cocoa Wafer ? classic crispy Italian wafer with irresistible cocoa cream filling.,3000,,,94,5,69e5aa3f40cdaab22a0a1af5,69e5aa6340cdaab22a0a1b12,ACTIVE,,,,wafer|biscuit|Lago|cocoa|Italian biscuits|snack,https://res.cloudinary.com/nigittriple/image/upload/v1776606111/claude/poker-wafer-cocoa-002877.jpg,150g,24,Italy,0.15,,,,,,,"Store in a cool, dry place. Once opened, keep in an airtight container.",,Gluten|Dairy,,,,,,,,,[]
Poker Wafer Vanilla,poker-wafer-vanilla,ABXX-POKWAF-949257,8004800002860,"Lago Poker Wafer Vanilla is an iconic Italian wafer made with thin, crispy layers filled with rich vanilla cream. Light, crunchy and absolutely delicious. Crafted in Italy since 1948.",Lago Vanilla Wafer ? classic crispy Italian wafer with irresistible vanilla cream filling.,3000,,,21,5,69e5aa3f40cdaab22a0a1af5,69e5aa6340cdaab22a0a1b12,ACTIVE,,,,wafer|biscuit|Lago|vanilla|Italian biscuits|snack,https://res.cloudinary.com/nigittriple/image/upload/v1776606101/claude/poker-wafer-vanilla-002860.jpg,150g,24,Italy,0.15,,,,,,,"Store in a cool, dry place. Once opened, keep in an airtight container.",,Gluten|Dairy,,,,,,,,,[]
Poker Wafer Hazelnut,poker-wafer-hazelnut,ABXX-POKWAF-722166,8004800002884,"Lago Poker Wafer Hazelnut is an iconic Italian wafer made with thin, crispy layers filled with rich hazelnut cream. Light, crunchy and absolutely delicious. Crafted in Italy since 1948.",Lago Hazelnut Wafer ? classic crispy Italian wafer with irresistible hazelnut cream filling.,3000,,,31,5,69e5aa3f40cdaab22a0a1af5,69e5aa6340cdaab22a0a1b12,ACTIVE,,,,wafer|biscuit|Lago|hazelnut|Italian biscuits|snack,https://res.cloudinary.com/nigittriple/image/upload/v1776606090/claude/poker-wafer-hazelnut-002884.jpg,150g,24,Italy,0.15,,,,,,,"Store in a cool, dry place. Once opened, keep in an airtight container.",,Gluten|Dairy|Tree Nuts,,,,,,,,,[]
poker Wafer Lemon,poker-wafer-lemon,ABXX-POKWAF-600264,80048003799,"Lago poker Wafer Lemon is an iconic Italian wafer made with thin, crispy layers filled with rich lemon cream. Light, crunchy and absolutely delicious. Crafted in Italy since 1948.",Lago Lemon Wafer ? classic crispy Italian wafer with irresistible lemon cream filling.,3500,,,27,5,69e5aa3f40cdaab22a0a1af5,69e5aa6340cdaab22a0a1b12,ACTIVE,,,,wafer|biscuit|Lago|lemon|Italian biscuits|snack,https://res.cloudinary.com/nigittriple/image/upload/v1776606079/claude/poker-wafer-lemon-003799.jpg,150g,24,Italy,0.15,,,,,,,"Store in a cool, dry place. Once opened, keep in an airtight container.",,Gluten|Dairy,,,,,,,,,[]
Wafer Cocoa,wafer-cocoa,ABXX-WAFCOC-555350,8004800002686,"Lago Wafer Cocoa is an iconic Italian wafer made with thin, crispy layers filled with rich cocoa cream. Light, crunchy and absolutely delicious. Crafted in Italy since 1948.",Lago Cocoa Wafer ? classic crispy Italian wafer with irresistible cocoa cream filling.,3300,,,26,5,69e5aa3f40cdaab22a0a1af5,69e5aa6340cdaab22a0a1b12,ACTIVE,,,,wafer|biscuit|Lago|cocoa|Italian biscuits|snack,https://res.cloudinary.com/nigittriple/image/upload/v1776606067/claude/wafer-cocoa-002686.jpg,175g,24,Italy,0.175,,,,,,,"Store in a cool, dry place. Once opened, keep in an airtight container.",,Gluten|Dairy,,,,,,,,,[]
Chifferini,chifferini,IPXX-CHI-125221,8008912010812.00,description,Liguori Chifferini ? premium Italian pasta of exceptional quality.,3500,,,8,5,69e5aa4140cdaab22a0a1af6,69e5aa6940cdaab22a0a1b16,ACTIVE,,,,pasta|Italian pasta|liguori|chifferini,https://res.cloudinary.com/nigittriple/image/upload/v1776606057/claude/chifferini-010812.jpg,500g,12,Italy,0.5,,,,,,,"Store in a cool, dry place. Keep away from moisture.","Durum wheat semolina (100%), water",Gluten,,,,,,,,,[]
Semi Di Melone,semi-di-melone,IPXX-SEMDI-526141,8008912010867.00,description,Liguori Semi Di Melone ? premium Italian pasta of exceptional quality.,3500,,,8,5,69e5aa4140cdaab22a0a1af6,69e5aa6940cdaab22a0a1b16,ACTIVE,,,,pasta|Italian pasta|liguori|semi,https://res.cloudinary.com/nigittriple/image/upload/v1776606048/claude/semi-di-melone-010867.jpg,500g,12,Italy,0.5,,,,,,,"Store in a cool, dry place. Keep away from moisture.","Durum wheat semolina (100%), water",Gluten,,,,,,,,,[]
Fusilli Corti Bucati,fusilli-corti-bucati,IPXX-FUSCOR-501151,8008912010324.00,description,Liguori Fusilli Corti Bucati ? premium Italian pasta of exceptional quality.,3500,,,24,5,69e5aa4140cdaab22a0a1af6,69e5aa6940cdaab22a0a1b16,ACTIVE,,,,pasta|Italian pasta|liguori|fusilli,https://res.cloudinary.com/nigittriple/image/upload/v1776606039/claude/fusilli-corti-bucati-010324.jpg,500g,12,Italy,0.5,,,,,,,"Store in a cool, dry place. Keep away from moisture.","Durum wheat semolina (100%), water",Gluten,,,,,,,,,[]
Vermicelli,vermicelli,IPXX-VER-331607,8008912010041.00,description,Liguori Vermicelli ? premium Italian pasta of exceptional quality.,3500,,,35,5,69e5aa4140cdaab22a0a1af6,69e5aa6940cdaab22a0a1b16,ACTIVE,,,,pasta|Italian pasta|liguori|vermicelli,https://res.cloudinary.com/nigittriple/image/upload/v1776606030/claude/vermicelli-010041.jpg,500g,12,Italy,0.5,,,,,,,"Store in a cool, dry place. Keep away from moisture.","Durum wheat semolina (100%), water",Gluten,,,,,,,,,[]
Spaghettini,spaghettini,IPXX-SPA-262313,8008912010027.00,description,Liguori Spaghettini ? premium Italian pasta of exceptional quality.,3500,,,1,5,69e5aa4140cdaab22a0a1af6,69e5aa6940cdaab22a0a1b16,ACTIVE,,,,pasta|Italian pasta|liguori|spaghettini,https://res.cloudinary.com/nigittriple/image/upload/v1776606021/claude/spaghettini-010027.jpg,500g,12,Italy,0.5,,,,,,,"Store in a cool, dry place. Keep away from moisture.","Durum wheat semolina (100%), water",Gluten,,,,,,,,,[]
Gnocchi Sardi,gnocchi-sardi,IPXX-GNOSAR-894688,8008912010331.00,description,Liguori Gnocchi Sardi ? premium Italian pasta of exceptional quality.,3500,,,35,5,69e5aa4140cdaab22a0a1af6,69e5aa6940cdaab22a0a1b16,ACTIVE,,,,pasta|Italian pasta|liguori|gnocchi,https://res.cloudinary.com/nigittriple/image/upload/v1776606011/claude/gnocchi-sardi-010331.jpg,500g,12,Italy,0.5,,,,,,,"Store in a cool, dry place. Keep away from moisture.","Durum wheat semolina (100%), water",Gluten,,,,,,,,,[]
Classic wafer Cocoa,classic-wafer-cocoa,ABXX-CLAWAF-497573,8000380007264,Classic wafer Cocoa is a premium quality Italian biscuit made by Loacker. Made with the finest ingredients and baked to golden perfection. Ideal for any occasion.,Premium Italian biscuit by Loacker ? Wafers baked to perfection.,6600,,,12,5,69e5aa3f40cdaab22a0a1af5,69e5aa6a40cdaab22a0a1b17,ACTIVE,,,,biscuit|loacker|Italian|wafers,https://res.cloudinary.com/nigittriple/image/upload/v1776606002/claude/classic-wafer-cocoa-007264.jpg,175g,12,Italy,0.175,,,,,,,"Store in a cool, dry place. Once opened, keep in an airtight container.",,Gluten|Dairy,,,,,,,,,[]
classic wafer Hazelnut,classic-wafer-hazelnut,ABXX-CLAWAF-862628,8000380007219,classic wafer Hazelnut is a premium quality Italian biscuit made by Loacker. Made with the finest ingredients and baked to golden perfection. Ideal for any occasion.,Premium Italian biscuit by Loacker ? Wafers baked to perfection.,6600,,,23,5,69e5aa3f40cdaab22a0a1af5,69e5aa6a40cdaab22a0a1b17,ACTIVE,,,,biscuit|loacker|Italian|wafers,https://res.cloudinary.com/nigittriple/image/upload/v1776605992/claude/classic-wafer-hazelnut-007219.jpg,175g,12,Italy,0.175,,,,,,,"Store in a cool, dry place. Once opened, keep in an airtight container.",,Gluten|Dairy,,,,,,,,,[]
Linguine,linguine,IPXX-LIN-673069,8008912010072.00,description,Liguori Linguine ? premium Italian pasta of exceptional quality.,3500,,,7,5,69e5aa4140cdaab22a0a1af6,69e5aa6940cdaab22a0a1b16,ACTIVE,,,,pasta|Italian pasta|liguori|linguine,https://res.cloudinary.com/nigittriple/image/upload/v1776605983/claude/linguine-010072.jpg,500g,12,Italy,0.5,,,,,,,"Store in a cool, dry place. Keep away from moisture.","Durum wheat semolina (100%), water",Gluten,,,,,,,,,[]
Classic wafer Vanilla,classic-wafer-vanilla,ABXX-CLAWAF-691524,8000380007240,Classic wafer Vanilla is a premium quality Italian biscuit made by Loacker. Made with the finest ingredients and baked to golden perfection. Ideal for any occasion.,Premium Italian biscuit by Loacker ? Wafers baked to perfection.,6600,,,14,5,69e5aa3f40cdaab22a0a1af5,69e5aa6a40cdaab22a0a1b17,ACTIVE,,,,biscuit|loacker|Italian|wafers,https://res.cloudinary.com/nigittriple/image/upload/v1776605973/claude/classic-wafer-vanilla-007240.jpg,175g,12,Italy,0.175,,,,,,,"Store in a cool, dry place. Once opened, keep in an airtight container.",,Gluten|Dairy,,,,,,,,,[]
Paccheri Rigati,paccheri-rigati,IPXX-PACRIG-749836,8008912013196.00,description,Liguori Paccheri Rigati ? premium Italian pasta of exceptional quality.,5500,,,13,5,69e5aa4140cdaab22a0a1af6,69e5aa6940cdaab22a0a1b16,ACTIVE,,,,pasta|Italian pasta|liguori|paccheri,https://res.cloudinary.com/nigittriple/image/upload/v1776605963/claude/paccheri-rigati-013196.jpg,500g,12,Italy,0.5,,,,,,,"Store in a cool, dry place. Keep away from moisture.","Durum wheat semolina (100%), water",Gluten,,,,,,,,,[]
Fusilloni,fusilloni,IPXX-FUS-934415,8008912014148.00,description,Liguori Fusilloni ? premium Italian pasta of exceptional quality.,5500,,,10,5,69e5aa4140cdaab22a0a1af6,69e5aa6940cdaab22a0a1b16,ACTIVE,,,,pasta|Italian pasta|liguori|fusilloni,https://res.cloudinary.com/nigittriple/image/upload/v1776605955/claude/fusilloni-014148.jpg,500g,12,Italy,0.5,,,,,,,"Store in a cool, dry place. Keep away from moisture.","Durum wheat semolina (100%), water",Gluten,,,,,,,,,[]
Ruote,ruote,IPXX-RUO-874700,8008912010171.00,description,Liguori Ruote ? premium Italian pasta of exceptional quality.,3500,,,10,5,69e5aa4140cdaab22a0a1af6,69e5aa6940cdaab22a0a1b16,ACTIVE,,,,pasta|Italian pasta|liguori|ruote,https://res.cloudinary.com/nigittriple/image/upload/v1776605945/claude/ruote-010171.jpg,500g,12,Italy,0.5,,,,,,,"Store in a cool, dry place. Keep away from moisture.","Durum wheat semolina (100%), water",Gluten,,,,,,,,,[]
Multipack Wafer Cocoa,multipack-wafer-cocoa,ABXX-MULWAF-250244,8004800001450,"Lago Multipack Wafer Cocoa is an iconic Italian wafer made with thin, crispy layers filled with rich cocoa cream. Light, crunchy and absolutely delicious. Crafted in Italy since 1948.",Lago Cocoa Wafer ? classic crispy Italian wafer with irresistible cocoa cream filling.,3850,,,36,5,69e5aa3f40cdaab22a0a1af5,69e5aa6340cdaab22a0a1b12,ACTIVE,,,,wafer|biscuit|Lago|cocoa|Italian biscuits|snack,https://res.cloudinary.com/nigittriple/image/upload/v1776605936/claude/multipack-wafer-cocoa-001450.jpg,200g,24,Italy,0.2,,,,,,,"Store in a cool, dry place. Once opened, keep in an airtight container.",,Gluten|Dairy,,,,,,,,,[]
Lumache Rigate,lumache-rigate,IPXX-LUMRIG-336064,8008912010348,"Lumache Rigate by Liguori is a premium Italian pasta made by Pastificio Liguori, one of Campania's oldest pasta makers since 1795. Made from 100% durum wheat semolina and pure water, slowly dried at low temperature to preserve its natural texture and flavour. Cook in boiling salted water for 10-14 minutes.",Liguori Lumache Rigate ? premium Italian pasta of exceptional quality.,3500,,,0,5,69e5aa4140cdaab22a0a1af6,69e5aa6940cdaab22a0a1b16,ACTIVE,,,,pasta|Italian pasta|liguori|lumache,https://res.cloudinary.com/nigittriple/image/upload/v1776605926/claude/lumache-rigate-010348.jpg,500g,12,Italy,0.5,,,,,,,"Store in a cool, dry place. Keep away from moisture.","Durum wheat semolina (100%), water",Gluten,,,,,,,,,[]
Multipack wafer Hazelnut,multipack-wafer-hazelnut,ABXX-MULWAF-176078,8004800001467,"Lago Multipack wafer Hazelnut is an iconic Italian wafer made with thin, crispy layers filled with rich hazelnut cream. Light, crunchy and absolutely delicious. Crafted in Italy since 1948.",Lago Hazelnut Wafer ? classic crispy Italian wafer with irresistible hazelnut cream filling.,3850,,,24,5,69e5aa3f40cdaab22a0a1af5,69e5aa6340cdaab22a0a1b12,ACTIVE,,,,wafer|biscuit|Lago|hazelnut|Italian biscuits|snack,https://res.cloudinary.com/nigittriple/image/upload/v1776605918/claude/multipack-wafer-hazelnut-001467.jpg,200g,24,Italy,0.2,,,,,,,"Store in a cool, dry place. Once opened, keep in an airtight container.",,Gluten|Dairy|Tree Nuts,,,,,,,,,[]
Spaghetti Quadrati,spaghetti-quadrati,IPXX-SPAQUA-869183,8008912010058.00,description,Liguori Spaghetti Quadrati ? premium Italian pasta of exceptional quality.,3500,,,9,5,69e5aa4140cdaab22a0a1af6,69e5aa6940cdaab22a0a1b16,ACTIVE,,,,pasta|Italian pasta|liguori|spaghetti,https://res.cloudinary.com/nigittriple/image/upload/v1776605908/claude/spaghetti-quadrati-010058.jpg,500g,12,Italy,0.5,,,,,,,"Store in a cool, dry place. Keep away from moisture.","Durum wheat semolina (100%), water",Gluten,,,,,,,,,[]
IL Gran Turchese Biscuits,il-gran-turchese-biscuits,ABXX-ILGRA-851464,8002590079338,"Colussi IL Gran Turchese Biscuits is a classic Italian biscuit made with quality ingredients. Light, golden, and perfectly sweet. Colussi has been Italy's favourite biscuit brand since 1911.","Colussi IL Gran Turchese Biscuits ? a beloved classic Italian biscuit, ideal for breakfast and snacking.",900,,,74,5,69e5aa3f40cdaab22a0a1af5,69e5aa6540cdaab22a0a1b13,ACTIVE,,,,biscuit|Colussi|Italian|biscuits,https://res.cloudinary.com/nigittriple/image/upload/v1776605899/claude/il-gran-turchese-biscuits-079338.jpg,66.7g,12,Italy,0.06670000000000001,,,,,,,"Store in a cool, dry place. Once opened, keep in an airtight container.",,Gluten|Dairy|Eggs,,,,,,,,,[]
Bucarini,bucarini,IPXX-BUC-425975,8008912010065.00,description,Liguori Bucarini ? premium Italian pasta of exceptional quality.,3500,,,25,5,69e5aa4140cdaab22a0a1af6,69e5aa6940cdaab22a0a1b16,ACTIVE,,,,pasta|Italian pasta|liguori|bucarini,https://res.cloudinary.com/nigittriple/image/upload/v1776605890/claude/bucarini-010065.jpg,500g,12,Italy,0.5,,,,,,,"Store in a cool, dry place. Keep away from moisture.","Durum wheat semolina (100%), water",Gluten,,,,,,,,,[]
Roll Break Hazelnut,roll-break-hazelnut,ABXX-ROLBRE-729021,8004800005267,"Lago Roll Break Hazelnut is an iconic Italian wafer made with thin, crispy layers filled with rich hazelnut cream. Light, crunchy and absolutely delicious. Crafted in Italy since 1948.",Lago Hazelnut Wafer ? classic crispy Italian wafer with irresistible hazelnut cream filling.,3400,,,26,5,69e5aa3f40cdaab22a0a1af5,69e5aa6340cdaab22a0a1b12,ACTIVE,,,,wafer|biscuit|Lago|hazelnut|Italian biscuits|snack,https://res.cloudinary.com/nigittriple/image/upload/v1776605826/claude/roll-break-hazelnut-005267.jpg,80g,24,Italy,0.08,,,,,,,"Store in a cool, dry place. Once opened, keep in an airtight container.",,Gluten|Dairy|Tree Nuts,,,,,,,,,[]
Fettucce,fettucce,IPXX-FET-677778,8008912010089,"Fettucce by Liguori is a premium Italian pasta made by Pastificio Liguori, one of Campania's oldest pasta makers since 1795. Made from 100% durum wheat semolina and pure water, slowly dried at low temperature to preserve its natural texture and flavour. Cook in boiling salted water for 10-14 minutes.",Liguori Fettucce ? premium Italian pasta of exceptional quality.,3500,,,9,5,69e5aa4140cdaab22a0a1af6,69e5aa6940cdaab22a0a1b16,ACTIVE,,,,pasta|Italian pasta|liguori|fettucce,https://res.cloudinary.com/nigittriple/image/upload/v1776605816/claude/fettucce-010089.jpg,500g,12,Italy,0.5,,,,,,,"Store in a cool, dry place. Keep away from moisture.","Durum wheat semolina (100%), water",Gluten,,,,,,,,,[]
Roll Break cocoa,roll-break-cocoa,ABXX-ROLBRE-446946,8004800005205,"Lago Roll Break cocoa is an iconic Italian wafer made with thin, crispy layers filled with rich cocoa cream. Light, crunchy and absolutely delicious. Crafted in Italy since 1948.",Lago Cocoa Wafer ? classic crispy Italian wafer with irresistible cocoa cream filling.,3400,,,23,5,69e5aa3f40cdaab22a0a1af5,69e5aa6340cdaab22a0a1b12,ACTIVE,,,,wafer|biscuit|Lago|cocoa|Italian biscuits|snack,https://res.cloudinary.com/nigittriple/image/upload/v1776605808/claude/roll-break-cocoa-005205.jpg,80g,24,Italy,0.08,,,,,,,"Store in a cool, dry place. Once opened, keep in an airtight container.",,Gluten|Dairy,,,,,,,,,[]
Roll Break Cappuccino,roll-break-cappuccino,ABXX-ROLBRE-860606,8004800005311,"Lago Roll Break Cappuccino is an iconic Italian wafer made with thin, crispy layers filled with rich cappuccino cream. Light, crunchy and absolutely delicious. Crafted in Italy since 1948.",Lago Cappuccino Wafer ? classic crispy Italian wafer with irresistible cappuccino cream filling.,3400,,,19,5,69e5aa3f40cdaab22a0a1af5,69e5aa6340cdaab22a0a1b12,ACTIVE,,,,wafer|biscuit|Lago|cappuccino|Italian biscuits|snack,https://res.cloudinary.com/nigittriple/image/upload/v1776605798/claude/roll-break-cappuccino-005311.jpg,80g,24,Italy,0.08,,,,,,,"Store in a cool, dry place. Once opened, keep in an airtight container.",,Gluten|Dairy,,,,,,,,,[]
Farfalle,farfalle,IPXX-FAR-344649,8008912010300.00,description,Liguori Farfalle ? premium Italian pasta of exceptional quality.,3500,,,9,5,69e5aa4140cdaab22a0a1af6,69e5aa6940cdaab22a0a1b16,ACTIVE,,,,pasta|Italian pasta|liguori|farfalle,https://res.cloudinary.com/nigittriple/image/upload/v1776605789/claude/farfalle-010300.jpg,500g,12,Italy,0.5,,,,,,,"Store in a cool, dry place. Keep away from moisture.","Durum wheat semolina (100%), water",Gluten,,,,,,,,,[]
Spaghettoni,spaghettoni-pl3u,IPXX-SPA-359456,8008912011017.00,description,Liguori Spaghettoni ? premium Italian pasta of exceptional quality.,3500,,,12,5,69e5aa4140cdaab22a0a1af6,69e5aa6940cdaab22a0a1b16,ACTIVE,,,,pasta|Italian pasta|liguori|spaghettoni,https://res.cloudinary.com/nigittriple/image/upload/v1776605781/claude/spaghettoni-011017.jpg,500g,12,Italy,0.5,,,,,,,"Store in a cool, dry place. Keep away from moisture.","Durum wheat semolina (100%), water",Gluten,,,,,,,,,[]
Roll Break strawberry,roll-break-strawberry,ABXX-ROLBRE-111548,8004800005236,"Lago Roll Break strawberry is an iconic Italian wafer made with thin, crispy layers filled with rich strawberry cream. Light, crunchy and absolutely delicious. Crafted in Italy since 1948.",Lago Strawberry Wafer ? classic crispy Italian wafer with irresistible strawberry cream filling.,3400,,,9,5,69e5aa3f40cdaab22a0a1af5,69e5aa6340cdaab22a0a1b12,ACTIVE,,,,wafer|biscuit|Lago|strawberry|Italian biscuits|snack,https://res.cloudinary.com/nigittriple/image/upload/v1776605773/claude/roll-break-strawberry-005236.jpg,80g,24,Italy,0.08,,,,,,,"Store in a cool, dry place. Once opened, keep in an airtight container.",,Gluten|Dairy,,,,,,,,,[]
Roll Break Milk,roll-break-milk,ABXX-ROLBRE-523803,8004800005229,"Lago Roll Break Milk is an iconic Italian wafer made with thin, crispy layers filled with rich milk cream. Light, crunchy and absolutely delicious. Crafted in Italy since 1948.",Lago Milk Wafer ? classic crispy Italian wafer with irresistible milk cream filling.,3400,,,20,5,69e5aa3f40cdaab22a0a1af5,69e5aa6340cdaab22a0a1b12,ACTIVE,,,,wafer|biscuit|Lago|milk|Italian biscuits|snack,https://res.cloudinary.com/nigittriple/image/upload/v1776605763/claude/roll-break-milk-005229.jpg,80g,24,Italy,0.08,,,,,,,"Store in a cool, dry place. Once opened, keep in an airtight container.",,Gluten|Dairy,,,,,,,,,[]
Tortiglioni,tortiglioni,IPXX-TOR-804413,8008912010294.00,description,Liguori Tortiglioni ? premium Italian pasta of exceptional quality.,3500,,,9,5,69e5aa4140cdaab22a0a1af6,69e5aa6940cdaab22a0a1b16,ACTIVE,,,,pasta|Italian pasta|liguori|tortiglioni,https://res.cloudinary.com/nigittriple/image/upload/v1776605753/claude/tortiglioni-010294.jpg,500g,12,Italy,0.5,,,,,,,"Store in a cool, dry place. Keep away from moisture.","Durum wheat semolina (100%), water",Gluten,,,,,,,,,[]
Party Wafer cocoa sugarfree,party-wafer-cocoa-sugarfree,ABXX-PARWAF-627841,8004800002457,"Lago Poker Sugar Free Cocoa Wafer features delicate, crispy wafer layers filled with cocoa cream ? all without added sugar. Perfect for those watching their sugar intake without compromising on taste.","Lago Cocoa Wafer (Sugar Free) ? crispy layered wafer with cocoa cream filling, no added sugar.",6400,,,10,5,69e5aa3f40cdaab22a0a1af5,69e5aa6340cdaab22a0a1b12,ACTIVE,,,,wafer|biscuit|Lago|cocoa|Italian biscuits|snack,https://res.cloudinary.com/nigittriple/image/upload/v1776605746/claude/party-wafer-cocoa-sugarfree-002457.jpg,213g,24,Italy,0.213,,,,,,,"Store in a cool, dry place. Once opened, keep in an airtight container.",,Gluten|Dairy,,,,,,,,,[]
Conchiglie Rigate,conchiglie-rigate,IPXX-CONRIG-543958,8008912010485.00,description,Liguori Conchiglie Rigate ? premium Italian pasta of exceptional quality.,3500,,,14,5,69e5aa4140cdaab22a0a1af6,69e5aa6940cdaab22a0a1b16,ACTIVE,,,,pasta|Italian pasta|liguori|conchiglie,https://res.cloudinary.com/nigittriple/image/upload/v1776605738/claude/conchiglie-rigate-010485.jpg,500g,12,Italy,0.5,,,,,,,"Store in a cool, dry place. Keep away from moisture.","Durum wheat semolina (100%), water",Gluten,,,,,,,,,[]
Penne Rigate,penne-rigate,IPXX-PENRIG-214291,8008912010423,description,Liguori Penne Rigate ? premium Italian pasta of exceptional quality.,3500,,,19,5,69e5aa4140cdaab22a0a1af6,69e5aa6940cdaab22a0a1b16,ACTIVE,,,,pasta|Italian pasta|liguori|penne,"https://res.cloudinary.com/nigittriple/image/upload/v1776605721/claude/penne-rigate-010423.jpg, https://res.cloudinary.com/nigittriple/image/upload/v1776605729/claude/penne-rigate-010423-2.jpg",500g,12,Italy,0.5,,,,,,,"Store in a cool, dry place. Keep away from moisture.","Durum wheat semolina (100%), water",Gluten,,,,,,,,,[]
Party Wafers Hazelnut,party-wafers-hazelnut,ABXX-PARWAF-733102,80024800002426,"Lago Party Wafers Hazelnut is an iconic Italian wafer made with thin, crispy layers filled with rich hazelnut cream. Light, crunchy and absolutely delicious. Crafted in Italy since 1948.",Lago Hazelnut Wafer ? classic crispy Italian wafer with irresistible hazelnut cream filling.,5500,,,5,5,69e5aa3f40cdaab22a0a1af5,69e5aa6340cdaab22a0a1b12,ACTIVE,,,,wafer|biscuit|Lago|hazelnut|Italian biscuits|snack,https://res.cloudinary.com/nigittriple/image/upload/v1776605713/claude/party-wafers-hazelnut-002426.jpg,250g,24,Italy,0.25,,,,,,,"Store in a cool, dry place. Once opened, keep in an airtight container.",,Gluten|Dairy|Tree Nuts,,,,,,,,,[]
Party Wafers Strawberry,party-wafers-strawberry,ABXX-PARWAF-456898,8004800002785,"Lago Party Wafers Strawberry is an iconic Italian wafer made with thin, crispy layers filled with rich strawberry cream. Light, crunchy and absolutely delicious. Crafted in Italy since 1948.",Lago Strawberry Wafer ? classic crispy Italian wafer with irresistible strawberry cream filling.,5500,,,1,5,69e5aa3f40cdaab22a0a1af5,69e5aa6340cdaab22a0a1b12,ACTIVE,,,,wafer|biscuit|Lago|strawberry|Italian biscuits|snack,https://res.cloudinary.com/nigittriple/image/upload/v1776605703/claude/party-wafers-strawberry-002785.jpg,250g,24,Italy,0.25,,,,,,,"Store in a cool, dry place. Once opened, keep in an airtight container.",,Gluten|Dairy,,,,,,,,,[]
Party Wafer Coconut,party-wafer-coconut,ABXX-PARWAF-716206,8004800002853,"Lago Party Wafer Coconut is an iconic Italian wafer made with thin, crispy layers filled with rich coconut cream. Light, crunchy and absolutely delicious. Crafted in Italy since 1948.",Lago Coconut Wafer ? classic crispy Italian wafer with irresistible coconut cream filling.,5500,,,2,5,69e5aa3f40cdaab22a0a1af5,69e5aa6340cdaab22a0a1b12,ACTIVE,,,,wafer|biscuit|Lago|coconut|Italian biscuits|snack,https://res.cloudinary.com/nigittriple/image/upload/v1776605690/claude/party-wafer-coconut-002853.jpg,250g,24,Italy,0.25,,,,,,,"Store in a cool, dry place. Once opened, keep in an airtight container.",,Gluten|Dairy,,,,,,,,,[]
Casarecce,casarecce,IPXX-CAS-230520,8008912010270.00,description,Liguori Casarecce ? premium Italian pasta of exceptional quality.,3500,,,12,5,69e5aa4140cdaab22a0a1af6,69e5aa6940cdaab22a0a1b16,ACTIVE,,,,pasta|Italian pasta|liguori|casarecce,https://res.cloudinary.com/nigittriple/image/upload/v1776605681/claude/casarecce-010270.jpg,500g,12,Italy,0.5,,,,,,,"Store in a cool, dry place. Keep away from moisture.","Durum wheat semolina (100%), water",Gluten,,,,,,,,,[]
Party wafers Lemon,party-wafers-lemon,ABXX-PARWAF-355240,8004800002600,"Lago Party wafers Lemon is an iconic Italian wafer made with thin, crispy layers filled with rich lemon cream. Light, crunchy and absolutely delicious. Crafted in Italy since 1948.",Lago Lemon Wafer ? classic crispy Italian wafer with irresistible lemon cream filling.,5500,,,5,5,69e5aa3f40cdaab22a0a1af5,69e5aa6340cdaab22a0a1b12,ACTIVE,,,,wafer|biscuit|Lago|lemon|Italian biscuits|snack,https://res.cloudinary.com/nigittriple/image/upload/v1776605673/claude/party-wafers-lemon-002600.jpg,250g,24,Italy,0.25,,,,,,,"Store in a cool, dry place. Once opened, keep in an airtight container.",,Gluten|Dairy,,,,,,,,,[]
Candela Spezzata,candela-spezzata-gury,IPXX-CANSPE-708714,8008912010263.00,description,Liguori Candela Spezzata ? premium Italian pasta of exceptional quality.,3500,,,9,5,69e5aa4140cdaab22a0a1af6,69e5aa6940cdaab22a0a1b16,ACTIVE,,,,pasta|Italian pasta|liguori|candela,https://res.cloudinary.com/nigittriple/image/upload/v1776605663/claude/candela-spezzata-010263.jpg,500g,12,Italy,0.5,,,,,,,"Store in a cool, dry place. Keep away from moisture.","Durum wheat semolina (100%), water",Gluten,,,,,,,,,[]
Party Wafer Cappuccino,party-wafer-cappuccino,ABXX-PARWAF-906252,8004800002389,"Lago Party Wafer Cappuccino is an iconic Italian wafer made with thin, crispy layers filled with rich cappuccino cream. Light, crunchy and absolutely delicious. Crafted in Italy since 1948.",Lago Cappuccino Wafer ? classic crispy Italian wafer with irresistible cappuccino cream filling.,5500,,,6,5,69e5aa3f40cdaab22a0a1af5,69e5aa6340cdaab22a0a1b12,ACTIVE,,,,wafer|biscuit|Lago|cappuccino|Italian biscuits|snack,https://res.cloudinary.com/nigittriple/image/upload/v1776605655/claude/party-wafer-cappuccino-002389.jpg,250g,24,Italy,0.25,,,,,,,"Store in a cool, dry place. Once opened, keep in an airtight container.",,Gluten|Dairy,,,,,,,,,[]
Candela Spezzata,candela-spezzata,IPXX-CANSPE-657016,8008912010263,"Candela Spezzata by Liguori is a premium Italian pasta made by Pastificio Liguori, one of Campania's oldest pasta makers since 1795. Made from 100% durum wheat semolina and pure water, slowly dried at low temperature to preserve its natural texture and flavour. Cook in boiling salted water for 10-14 minutes.",Liguori Candela Spezzata ? premium Italian pasta of exceptional quality.,3500,,,9,5,69e5aa4140cdaab22a0a1af6,69e5aa6940cdaab22a0a1b16,ACTIVE,,,,pasta|Italian pasta|liguori|candela,,500g,12,Italy,0.5,,,,,,,"Store in a cool, dry place. Keep away from moisture.","Durum wheat semolina (100%), water",Gluten,,,,,,,,,[]
Party Wafer Vanilla,party-wafer-vanilla,ABXX-PARWAF-830109,8004800002433,"Lago Party Wafer Vanilla is an iconic Italian wafer made with thin, crispy layers filled with rich vanilla cream. Light, crunchy and absolutely delicious. Crafted in Italy since 1948.",Lago Vanilla Wafer ? classic crispy Italian wafer with irresistible vanilla cream filling.,5500,,,3,5,69e5aa3f40cdaab22a0a1af5,69e5aa6340cdaab22a0a1b12,ACTIVE,,,,wafer|biscuit|Lago|vanilla|Italian biscuits|snack,https://res.cloudinary.com/nigittriple/image/upload/v1776605646/claude/party-wafer-vanilla-002433.jpg,250g,24,Italy,0.25,,,,,,,"Store in a cool, dry place. Once opened, keep in an airtight container.",,Gluten|Dairy,,,,,,,,,[]
Rigatoni,rigatoni,IPXX-RIG-526164,8008912010461.00,description,Liguori Rigatoni ? premium Italian pasta of exceptional quality.,3500,,,7,5,69e5aa4140cdaab22a0a1af6,69e5aa6940cdaab22a0a1b16,ACTIVE,,,,pasta|Italian pasta|liguori|rigatoni,https://res.cloudinary.com/nigittriple/image/upload/v1776605637/claude/rigatoni-010461.jpg,500g,12,Italy,0.5,,,,,,,"Store in a cool, dry place. Keep away from moisture.","Durum wheat semolina (100%), water",Gluten,,,,,,,,,[]
Fusilli,fusilli,IPXX-FUS-506828,8008912010317.00,description,Liguori Fusilli ? premium Italian pasta of exceptional quality.,3500,,,27,5,69e5aa4140cdaab22a0a1af6,69e5aa6940cdaab22a0a1b16,ACTIVE,,,,pasta|Italian pasta|liguori|fusilli,https://res.cloudinary.com/nigittriple/image/upload/v1776605629/claude/fusilli-010317.jpg,500g,12,Italy,0.5,,,,,,,"Store in a cool, dry place. Keep away from moisture.","Durum wheat semolina (100%), water",Gluten,,,,,,,,,[]
Party wafer Hazelnut Sugarfree,party-wafer-hazelnut-sugarfree,ABXX-PARWAF-759675,8004800002464,"Lago Poker Sugar Free Hazelnut Wafer features delicate, crispy wafer layers filled with hazelnut cream ? all without added sugar. Perfect for those watching their sugar intake without compromising on taste.","Lago Hazelnut Wafer (Sugar Free) ? crispy layered wafer with hazelnut cream filling, no added sugar.",6400,,,11,5,69e5aa3f40cdaab22a0a1af5,69e5aa6340cdaab22a0a1b12,ACTIVE,,,,wafer|biscuit|Lago|hazelnut|Italian biscuits|snack,https://res.cloudinary.com/nigittriple/image/upload/v1776605620/claude/party-wafer-hazelnut-sugarfree-002464.jpg,213g,24,Italy,0.213,,,,,,,"Store in a cool, dry place. Once opened, keep in an airtight container.",,Gluten|Dairy|Tree Nuts,,,,,,,,,[]
Party wafer Cocoa,party-wafer-cocoa,ABXX-PARWAF-624276,8004800002372,"Lago Party wafer Cocoa is an iconic Italian wafer made with thin, crispy layers filled with rich cocoa cream. Light, crunchy and absolutely delicious. Crafted in Italy since 1948.",Lago Cocoa Wafer ? classic crispy Italian wafer with irresistible cocoa cream filling.,4500,,,3,5,69e5aa3f40cdaab22a0a1af5,69e5aa6340cdaab22a0a1b12,ACTIVE,,,,wafer|biscuit|Lago|cocoa|Italian biscuits|snack,https://res.cloudinary.com/nigittriple/image/upload/v1776605612/claude/party-wafer-cocoa-002372.jpg,250g,24,Italy,0.25,,,,,,,"Store in a cool, dry place. Once opened, keep in an airtight container.",,Gluten|Dairy,,,,,,,,,[]
Cornflakes,cornflakes,SXXX-COR-237719,6301102020052,NASCO Cornflakes are made from quality milled corn and baked to a satisfying golden crunch. Fortified with vitamins and minerals for a nutritious start to the day. Best served cold with fresh milk.,"NASCO Cornflakes ? crispy, golden cornflakes for a quick wholesome breakfast every morning.",2690,,,4,5,69e5aa3e40cdaab22a0a1af4,69e5aa5f40cdaab22a0a1b10,ACTIVE,,,,cornflakes|cereal|breakfast|NASCO,https://res.cloudinary.com/nigittriple/image/upload/v1776605601/claude/cornflakes-020052.jpg,350g,12,Nigeria,0.35,,,,,,,"Store in a cool, dry place away from direct sunlight",,Gluten,,,,,,,,,[]
Di Gatto Finger Biscuits,di-gatto-finger-biscuits,ABXX-DIGAT-888250,8000350001308,"Matilde Vicenzi Di Gatto Finger Biscuits are ultra-thin, crispy cat-tongue biscuits made in Verona, Italy. Delicate and refined, perfect with dessert wines, mousses, and ice cream.","Matilde Vicenzi Finger Biscuits ? delicate, light biscuits with a melt-in-the-mouth texture.",4250,,,1,5,69e5aa3f40cdaab22a0a1af5,69e5aa6740cdaab22a0a1b15,ACTIVE,,,,biscuit|Matilde Vicenzi|Italian pastry|fine biscuits,https://res.cloudinary.com/nigittriple/image/upload/v1776605593/claude/di-gatto-finger-biscuits-001308.jpg,100g,12,Italy,0.1,,,,,,,"Store in a cool, dry place. Once opened, keep in an airtight container.",,Gluten|Dairy|Eggs,,,,,,,,,[]
Mini Roll Cacao,mini-roll-cacao,ABXX-MINROL-550528,8004800005502,"Lago Mini Roll Cacao is an iconic Italian wafer made with thin, crispy layers filled with rich assorted cream. Light, crunchy and absolutely delicious. Crafted in Italy since 1948.",Lago Assorted Wafer ? classic crispy Italian wafer with irresistible assorted cream filling.,4500,,,9,5,69e5aa3f40cdaab22a0a1af5,69e5aa6340cdaab22a0a1b12,ACTIVE,,,,wafer|biscuit|Lago|assorted|Italian biscuits|snack,https://res.cloudinary.com/nigittriple/image/upload/v1776605583/claude/mini-roll-cacao-005502.jpg,125g,24,Italy,0.125,,,,,,,"Store in a cool, dry place. Once opened, keep in an airtight container.",,Gluten|Dairy,,,,,,,,,[]
Mini Party Vanilla,mini-party-vanilla,ABXX-MINPAR-523398,8004800003423,"Lago Mini Party Vanilla is an iconic Italian wafer made with thin, crispy layers filled with rich vanilla cream. Light, crunchy and absolutely delicious. Crafted in Italy since 1948.",Lago Vanilla Wafer ? classic crispy Italian wafer with irresistible vanilla cream filling.,3100,,,2,5,69e5aa3f40cdaab22a0a1af5,69e5aa6340cdaab22a0a1b12,ACTIVE,,,,wafer|biscuit|Lago|vanilla|Italian biscuits|snack,https://res.cloudinary.com/nigittriple/image/upload/v1776605574/claude/mini-party-vanilla-003423.jpg,125g,24,Italy,0.125,,,,,,,"Store in a cool, dry place. Once opened, keep in an airtight container.",,Gluten|Dairy,,,,,,,,,[]
Mini party wafer Hazelnut,mini-party-wafer-hazelnut,ABXX-MINPAR-520544,8004800003416,"Lago Mini party wafer Hazelnut is an iconic Italian wafer made with thin, crispy layers filled with rich hazelnut cream. Light, crunchy and absolutely delicious. Crafted in Italy since 1948.",Lago Hazelnut Wafer ? classic crispy Italian wafer with irresistible hazelnut cream filling.,3100,,,6,5,69e5aa3f40cdaab22a0a1af5,69e5aa6340cdaab22a0a1b12,ACTIVE,,,,wafer|biscuit|Lago|hazelnut|Italian biscuits|snack,https://res.cloudinary.com/nigittriple/image/upload/v1776605563/claude/mini-party-wafer-hazelnut-003416.jpg,125g,24,Italy,0.125,,,,,,,"Store in a cool, dry place. Once opened, keep in an airtight container.",,Gluten|Dairy|Tree Nuts,,,,,,,,,[]
Millefoline Sugar Icing  Puff pastry,millefoline-sugar-icing-puff-pastry,ABXX-MILSUG-743758,8000350008109,"Matilde Vicenzi Millefoline Sugar Icing  Puff pastry is a masterpiece of Italian patisserie, crafted with premium ingredients in Verona. Delicately layered and perfectly flaky ? a luxurious treat for any occasion.","Matilde Vicenzi puff pastry biscuits ? exquisitely light Italian pastry, a true taste of Verona.",5000,,,4,5,69e5aa3f40cdaab22a0a1af5,69e5aa6740cdaab22a0a1b15,ACTIVE,,,,biscuit|Matilde Vicenzi|Italian pastry|fine biscuits,https://res.cloudinary.com/nigittriple/image/upload/v1776605553/claude/millefoline-sugar-icing-puff-pastry-008109.jpg,125g,12,Italy,0.125,,,,,,,"Store in a cool, dry place. Once opened, keep in an airtight container.",,Gluten|Dairy|Eggs,,,,,,,,,[]
Sfogliatine Glazed puff pastry with apricot,sfogliatine-glazed-puff-pastry-with-apricot,ABXX-SFOGLA-575948,8004800007810,"Lago Sfogliatine are thin, ultra-crispy puff pastry biscuits dusted or glazed with sugar. An authentic Italian indulgence ? ideal with espresso or as a dessert accompaniment.",Lago Sfogliatine ? delicate sugar-glazed puff pastry biscuits with an irresistible flaky crunch.,3300,,,5,5,69e5aa3f40cdaab22a0a1af5,69e5aa6340cdaab22a0a1b12,ACTIVE,,,,puff pastry|sfogliatine|biscuit|Italian|Lago,https://res.cloudinary.com/nigittriple/image/upload/v1776605537/claude/sfogliatine-glazed-puff-pastry-with-apricot-007810.jpg,135g,24,Italy,0.135,,,,,,,"Store in a cool, dry place. Once opened, keep in an airtight container.",,Gluten|Dairy|Eggs,,,,,,,,,[]
Sfogliatine Puff Pastry Sugar Coated,sfogliatine-puff-pastry-sugar-coated,ABXX-SFOPUF-324616,8004800007827,"Lago Sfogliatine are thin, ultra-crispy puff pastry biscuits dusted or glazed with sugar. An authentic Italian indulgence ? ideal with espresso or as a dessert accompaniment.",Lago Sfogliatine ? delicate sugar-glazed puff pastry biscuits with an irresistible flaky crunch.,3300,,,12,5,69e5aa3f40cdaab22a0a1af5,69e5aa6340cdaab22a0a1b12,ACTIVE,,,,puff pastry|sfogliatine|biscuit|Italian|Lago,https://res.cloudinary.com/nigittriple/image/upload/v1776605528/claude/sfogliatine-puff-pastry-sugar-coated-007827.jpg,135g,24,Italy,0.135,,,,,,,"Store in a cool, dry place. Once opened, keep in an airtight container.",,Gluten|Dairy|Eggs,,,,,,,,,[]
Lady Fingers Savoiardi,lady-fingers-savoiardi,ABXX-LADFIN-481976,8004800008183,"Lago Lady Fingers (Savoiardi) are classic Italian sponge biscuits with a light, airy texture that absorbs coffee and liqueur beautifully. The essential component for an authentic Tiramisu, also delicious on their own.","Lago Savoiardi Lady Fingers ? light sponge finger biscuits, the essential ingredient for authentic Italian tiramisu.",6450,,,11,5,69e5aa3f40cdaab22a0a1af5,69e5aa6340cdaab22a0a1b12,ACTIVE,,,,lady fingers|savoiardi|biscuits|tiramisu|Italian|Lago,https://res.cloudinary.com/nigittriple/image/upload/v1776605518/claude/lady-fingers-savoiardi-008183.jpg,400g,12,Italy,0.4,,,,,,,"Store in a cool, dry place. Once opened, keep in an airtight container.",,Gluten|Dairy|Eggs,,,,,,,,,[]
Frollini Wholewheat Cookies,frollini-wholewheat-cookies,ABXX-FROWHO-774048,8004800006806,"Lago Frollini Wholewheat Cookies is an iconic Italian wafer made with thin, crispy layers filled with rich assorted cream. Light, crunchy and absolutely delicious. Crafted in Italy since 1948.",Lago Assorted Wafer ? classic crispy Italian wafer with irresistible assorted cream filling.,4100,,,11,5,69e5aa3f40cdaab22a0a1af5,69e5aa6340cdaab22a0a1b12,ACTIVE,,,,wafer|biscuit|Lago|assorted|Italian biscuits|snack,https://res.cloudinary.com/nigittriple/image/upload/v1776605509/claude/frollini-wholewheat-cookies-006806.jpg,320g,24,Italy,0.32,,,,,,,"Store in a cool, dry place. Once opened, keep in an airtight container.",,Gluten|Dairy,,,,,,,,,[]
Delifrolle Cookies sugar free,delifrolle-cookies-sugar-free,ABXX-DELCOO-612080,8004800006875,"Lago Poker Sugar Free Assorted Wafer features delicate, crispy wafer layers filled with assorted cream ? all without added sugar. Perfect for those watching their sugar intake without compromising on taste.","Lago Assorted Wafer (Sugar Free) ? crispy layered wafer with assorted cream filling, no added sugar.",4000,,,15,5,69e5aa3f40cdaab22a0a1af5,69e5aa6340cdaab22a0a1b12,ACTIVE,,,,wafer|biscuit|Lago|assorted|Italian biscuits|snack,https://res.cloudinary.com/nigittriple/image/upload/v1776605500/claude/delifrolle-cookies-sugar-free-006875.jpg,320g,24,Italy,0.32,,,,,,,"Store in a cool, dry place. Once opened, keep in an airtight container.",,Gluten|Dairy,,,,,,,,,[]
Frollini Cereal Cookies,frollini-cereal-cookies,ABXX-FROCER-135713,80048006813,"Lago Frollini Cereal Cookies is an iconic Italian wafer made with thin, crispy layers filled with rich assorted cream. Light, crunchy and absolutely delicious. Crafted in Italy since 1948.",Lago Assorted Wafer ? classic crispy Italian wafer with irresistible assorted cream filling.,4500,,,8,5,69e5aa3f40cdaab22a0a1af5,69e5aa6340cdaab22a0a1b12,ACTIVE,,,,wafer|biscuit|Lago|assorted|Italian biscuits|snack,https://res.cloudinary.com/nigittriple/image/upload/v1776605490/claude/frollini-cereal-cookies-006813.jpg,320g,24,Italy,0.32,,,,,,,"Store in a cool, dry place. Once opened, keep in an airtight container.",,Gluten|Dairy,,,,,,,,,[]
Cocoa and Hazelnut Cookies,cocoa-and-hazelnut-cookies,ABXX-COCAND-981354,8004800006844,"Lago Cocoa and Hazelnut Cookies are premium Italian shortbread-style cookies baked with finest ingredients. Crisp on the outside, with a melt-in-the-mouth texture. Perfect with tea, coffee, or milk.","Lago Cookies ? buttery, crumbly Italian shortbread cookies great for breakfast or as a snack.",5500,,,12,5,69e5aa3f40cdaab22a0a1af5,69e5aa6340cdaab22a0a1b12,ACTIVE,,,,cookies|biscuits|Lago|Italian|shortbread,https://res.cloudinary.com/nigittriple/image/upload/v1776605480/claude/cocoa-and-hazelnut-cookies-006844.jpg,420g,12,Italy,0.42,,,,,,,"Store in a cool, dry place. Once opened, keep in an airtight container.",,Gluten|Dairy|Eggs,,,,,,,,,[]
Biscotto,biscotto,ABXX-BIS-760090,8001860210099,"Riso Scotti Biscotto is crafted using quality rice flour, creating a light and digestible biscuit that's perfect for breakfast or a midday snack. Deliciously paired with tea, coffee, or a glass of milk.","Riso Scotti Biscotto ? a wholesome Italian rice-based biscuit, light and naturally flavoursome.",6000,,,0,5,69e5aa3f40cdaab22a0a1af5,69e5aa6640cdaab22a0a1b14,ACTIVE,,,,biscuit|rice biscuit|Riso Scotti|Italian,https://res.cloudinary.com/nigittriple/image/upload/v1776605470/claude/biscotto-210099.jpg,350g,12,Italy,0.35,,,,,,,"Store in a cool, dry place. Once opened, keep in an airtight container.",,Gluten|Dairy|Eggs,,,,,,,,,[]
Zuppalatte,zuppalatte,ABXX-ZUP-762203,8002590075330,"Colussi Zuppalatte is a classic Italian biscuit made with quality ingredients. Light, golden, and perfectly sweet. Colussi has been Italy's favourite biscuit brand since 1911.","Colussi Zuppalatte ? a beloved classic Italian biscuit, ideal for breakfast and snacking.",5500,,,23,5,69e5aa3f40cdaab22a0a1af5,69e5aa6540cdaab22a0a1b13,ACTIVE,,,,biscuit|Colussi|Italian|biscuits,https://res.cloudinary.com/nigittriple/image/upload/v1776605460/claude/zuppalatte-075330.jpg,250g,12,Italy,0.25,,,,,,,"Store in a cool, dry place. Once opened, keep in an airtight container.",,Gluten|Dairy|Eggs,,,,,,,,,[]
Poker Hazelnut Sugar free,poker-hazelnut-sugar-free,ABXX-POKHAZ-892563,8004800023667,"Lago Poker Sugar Free Hazelnut Wafer features delicate, crispy wafer layers filled with hazelnut cream ? all without added sugar. Perfect for those watching their sugar intake without compromising on taste.","Lago Hazelnut Wafer (Sugar Free) ? crispy layered wafer with hazelnut cream filling, no added sugar.",1200,,,0,5,69e5aa3f40cdaab22a0a1af5,69e5aa6340cdaab22a0a1b12,ACTIVE,,,,wafer|biscuit|Lago|hazelnut|Italian biscuits|snack,https://res.cloudinary.com/nigittriple/image/upload/v1776605450/claude/poker-hazelnut-sugar-free-023667.jpg,45g,24,Italy,0.045,,,,,,,"Store in a cool, dry place. Once opened, keep in an airtight container.",,Gluten|Dairy|Tree Nuts,,,,,,,,,[]
Poker Vanilla,poker-vanilla,ABXX-POKVAN-315254,8004800023025,"Lago Poker Vanilla is an iconic Italian wafer made with thin, crispy layers filled with rich vanilla cream. Light, crunchy and absolutely delicious. Crafted in Italy since 1948.",Lago Vanilla Wafer ? classic crispy Italian wafer with irresistible vanilla cream filling.,600,,,113,5,69e5aa3f40cdaab22a0a1af5,69e5aa6340cdaab22a0a1b12,ACTIVE,,,,wafer|biscuit|Lago|vanilla|Italian biscuits|snack,https://res.cloudinary.com/nigittriple/image/upload/v1776605440/claude/poker-vanilla-023025.jpg,45g,24,Italy,0.045,,,,,,,"Store in a cool, dry place. Once opened, keep in an airtight container.",,Gluten|Dairy,,,,,,,,,[]
Poker Cocoa,poker-cocoa,ABXX-POKCOC-441209,8004800023001,"Lago Poker Cocoa is an iconic Italian wafer made with thin, crispy layers filled with rich cocoa cream. Light, crunchy and absolutely delicious. Crafted in Italy since 1948.",Lago Cocoa Wafer ? classic crispy Italian wafer with irresistible cocoa cream filling.,600,,,81,5,69e5aa3f40cdaab22a0a1af5,69e5aa6340cdaab22a0a1b12,ACTIVE,,,,wafer|biscuit|Lago|cocoa|Italian biscuits|snack,https://res.cloudinary.com/nigittriple/image/upload/v1776605421/claude/poker-cocoa-023001.jpg,45g,24,Italy,0.045,,,,,,,"Store in a cool, dry place. Once opened, keep in an airtight container.",,Gluten|Dairy,,,,,,,,,[]
Poker Cocoa sugar free,poker-cocoa-sugar-free,ABXX-POKCOC-414028,8004800023650,"Lago Poker Sugar Free Cocoa Wafer features delicate, crispy wafer layers filled with cocoa cream ? all without added sugar. Perfect for those watching their sugar intake without compromising on taste.","Lago Cocoa Wafer (Sugar Free) ? crispy layered wafer with cocoa cream filling, no added sugar.",1200,,,0,5,69e5aa3f40cdaab22a0a1af5,69e5aa6340cdaab22a0a1b12,ACTIVE,,,,wafer|biscuit|Lago|cocoa|Italian biscuits|snack,https://res.cloudinary.com/nigittriple/image/upload/v1776605406/claude/poker-cocoa-sugar-free-023650.jpg,45g,24,Italy,0.045,,,,,,,"Store in a cool, dry place. Once opened, keep in an airtight container.",,Gluten|Dairy,,,,,,,,,[]
Poker Lemon,poker-lemon,ABXX-POKLEM-588402,8004800023049,"Lago Poker Lemon is an iconic Italian wafer made with thin, crispy layers filled with rich lemon cream. Light, crunchy and absolutely delicious. Crafted in Italy since 1948.",Lago Lemon Wafer ? classic crispy Italian wafer with irresistible lemon cream filling.,600,,,95,5,69e5aa3f40cdaab22a0a1af5,69e5aa6340cdaab22a0a1b12,ACTIVE,,,,wafer|biscuit|Lago|lemon|Italian biscuits|snack,https://res.cloudinary.com/nigittriple/image/upload/v1776605375/claude/poker-lemon-023049.jpg,45g,24,Italy,0.045,,,,,,,"Store in a cool, dry place. Once opened, keep in an airtight container.",,Gluten|Dairy,,,,,,,,,[]
Wafer Cappuccino,wafer-cappuccino,ABXX-WAFCAP-853747,8004800023032,"Lago Wafer Cappuccino is an iconic Italian wafer made with thin, crispy layers filled with rich cappuccino cream. Light, crunchy and absolutely delicious. Crafted in Italy since 1948.",Lago Cappuccino Wafer ? classic crispy Italian wafer with irresistible cappuccino cream filling.,600,,,81,5,69e5aa3f40cdaab22a0a1af5,69e5aa6340cdaab22a0a1b12,ACTIVE,,,,wafer|biscuit|Lago|cappuccino|Italian biscuits|snack,https://res.cloudinary.com/nigittriple/image/upload/v1776605358/claude/wafer-cappuccino-023032.jpg,45g,24,Italy,0.045,,,,,,,"Store in a cool, dry place. Once opened, keep in an airtight container.",,Gluten|Dairy,,,,,,,,,[]
SALTED PEANUTS,salted-peanuts-6ben,SXXX-SALPEA-998480,8423371000530,Salysol Salted Peanuts are roasted to perfection and lightly salted for the ideal snack. Packed in a convenient tin to keep them fresh and crunchy. A protein-rich snack great for any occasion.,Salysol salted peanuts ? perfectly roasted and salted for an irresistible crunchy snack.,1000,,,96,5,69e5aa3e40cdaab22a0a1af4,69e5aa5940cdaab22a0a1b0b,ACTIVE,,,,peanuts|salted peanuts|nuts|snack|Salysol,https://res.cloudinary.com/nigittriple/image/upload/v1776605327/claude/salted-peanuts-000530.jpg,30g,24,Spain,0.03,,,,,,,"Store in a cool, dry place. Reseal after opening.",,Peanuts,,,,,,,,,[]
Nestle Leite Condensado Tradicional,nestle-leite-condensado-tradicional,BXXX-NESLEI-527158,5601001120503,"Nestl?ondensed Milk is made from pure whole milk and cane sugar, slowly cooked to a thick, velvety consistency. Perfect for making brigadeiros, caramel sauces, ice cream, and as a sweetener for coffee or tea.","Nestl?ondensed Milk ? rich, sweet condensed milk ideal for desserts, baking, and sweetening hot drinks.",7950,,7000,7,5,69e5aa3d40cdaab22a0a1af3,69e5aa6140cdaab22a0a1b11,ACTIVE,,,,condensed milk|Nestle|dairy|baking|dessert|sweetener,https://res.cloudinary.com/nigittriple/image/upload/v1776605316/claude/nestle-leite-condensado-tradicional-120503.jpg,370g,24,Portugal,0.37,,,,,,,"Store in a cool, dry place away from direct sunlight","Whole milk, sugar",Dairy,,,,,,,,,[]
DANO MILK UHT SEMI-SKIMMED 1.5% FAT,dano-milk-uht-semi-skimmed-1-5-fat,BXXX-DANMIL-527115,4100290099183,Arla DANO UHT Semi-Skimmed Milk offers all the nutritional goodness of milk with reduced fat content. Perfect for a balanced diet. UHT-processed for a long shelf life without refrigeration until opened.,Arla DANO UHT Semi-Skimmed Milk 1.5% ? lighter long-life milk with the same great taste and nutrition.,4000,,4090,0,5,69e5aa3d40cdaab22a0a1af3,69e5aa5e40cdaab22a0a1b0f,ACTIVE,,,,UHT milk|semi-skimmed milk|DANO|Arla|low fat milk,https://res.cloudinary.com/nigittriple/image/upload/v1776605307/claude/dano-milk-uht-semi-skimmed-1-5-fat-099183.jpg,1L,12,Denmark,1,,,,,,,Store at room temperature. Refrigerate after opening and use within 3 days.,Semi-skimmed UHT milk (1.5% fat),Dairy,,,,,,,,,[]
DANO MILK UHT FULL CREAM 3.5%FAT,dano-milk-uht-full-cream-3-5-fat,BXXX-DANMIL-954940,4100290099800,"Arla DANO UHT Full Cream Milk contains 3.5% fat for a rich, satisfying taste. Long-life UHT processing means no refrigeration needed until opened. Perfect for drinking, cooking, or pouring over cereals.","Arla DANO UHT Full Cream Milk 3.5% ? smooth, full-bodied long-life milk ready to enjoy straight from the carton.",4000,,4080,20,5,69e5aa3d40cdaab22a0a1af3,69e5aa5e40cdaab22a0a1b0f,ACTIVE,,,,UHT milk|full cream milk|DANO|Arla|long life milk,https://res.cloudinary.com/nigittriple/image/upload/v1776605297/claude/dano-milk-uht-full-cream-3-5-fat-099800.jpg,1L,12,Denmark,1,,,,,,,Store at room temperature. Refrigerate after opening and use within 3 days.,Full cream UHT milk (3.5% fat),Dairy,,,,,,,,,[]
Peak Full Cream,peak-full-cream,BXXX-PEAFUL-456384,8716200449342,"Peak Full Cream Instant Milk Powder 350g delivers full dairy nutrition in convenient powdered form. Mix with warm water for a creamy cup of milk, or use in cooking, baking, and cereals. Fortified with Vitamins A and D.","Peak Full Cream Instant Milk Powder ? rich, creamy whole milk powder packed with protein and calcium.",5000,,5350,4,5,69e5aa3d40cdaab22a0a1af3,69e5aa5c40cdaab22a0a1b0e,ACTIVE,,,,milk powder|full cream milk|peak milk|dairy,https://res.cloudinary.com/nigittriple/image/upload/v1776605287/claude/peak-full-cream-449342.jpg,350g,12,Netherlands,0.35,,,,,,,"Store in a cool, dry place away from direct sunlight","Full cream milk powder, vitamins A and D",Dairy,,,,,,,,,[]
1-2-3 Growing Up Milk,1-2-3-growing-up-milk,BXXX-1-2GRO-878109,8716200438131,"Peak 1-2-3 Growing Up Milk is a premium follow-on formula for children aged 1?3 years. Enriched with DHA for brain development, plus essential vitamins A, C, and D for healthy growth. Easy to prepare and loved by toddlers.","Peak 1-2-3 Growing Up Milk ? specially formulated with DHA, vitamins and minerals to support toddler development.",6000,,6100,3,5,69e5aa3d40cdaab22a0a1af3,69e5aa5c40cdaab22a0a1b0e,ACTIVE,,,,baby milk|toddler milk|peak milk|growing up milk|DHA,https://res.cloudinary.com/nigittriple/image/upload/v1776605276/claude/1-2-3-growing-up-milk-438131.jpg,360g,12,Netherlands,0.36,,,,,,,"Store in a cool, dry place away from direct sunlight","Skimmed milk, whey protein, vegetable oils, maltodextrin, vitamins and minerals, DHA",Dairy|Soy,,,,,,,,,[]
Pepinillos,pepinillos,SXXX-PEP-625169,8423371001711,"Salysol Pepinillos are crisp, pickled Spanish gherkins with a pleasantly tart and crunchy bite. Great as a snack, side, or condiment with burgers and sandwiches.","Salysol Gherkins ? crisp, tangy pickled gherkins. A classic snack and condiment in a convenient tin.",900,,1000,0,5,69e5aa3e40cdaab22a0a1af4,69e5aa5940cdaab22a0a1b0b,ACTIVE,,,,gherkins|pickles|snack|Salysol|tapas,https://res.cloudinary.com/nigittriple/image/upload/v1776605268/claude/pepinillos-001711.jpg,120g,24,Spain,0.12,,,,,,,"Store in a cool, dry place. Reseal after opening.",,,,,,,,,,,[]
Aceitunas Con Limon,aceitunas-con-limon,SXXX-ACECON-212040,8423371005467,Salysol Aceitunas Con Limon features premium Spanish green olives marinated with natural lemon flavour. A perfect tapa or cocktail snack. Packed in a convenient resealable tin.,Salysol Olives with Lemon ? tangy marinated green olives with a zesty lemon flavour.,900,,1000,50,5,69e5aa3e40cdaab22a0a1af4,69e5aa5940cdaab22a0a1b0b,ACTIVE,,,,olives|tapas|snack|Salysol|Spanish,https://res.cloudinary.com/nigittriple/image/upload/v1776605257/claude/aceitunas-con-limon-005467.jpg,120g,24,Spain,0.12,,,,,,,"Store in a cool place. Once opened, keep refrigerated and consume within 3 days.",,,,,,,,,,,[]
Cacahuetes Con Chocolate,cacahuetes-con-chocolate,SXXX-CACCON-136928,8423371000493,Salysol Salted Peanuts are roasted to perfection and lightly salted for the ideal snack. Packed in a convenient tin to keep them fresh and crunchy. A protein-rich snack great for any occasion.,Salysol salted peanuts ? perfectly roasted and salted for an irresistible crunchy snack.,900,,1000,10,5,69e5aa3e40cdaab22a0a1af4,69e5aa5940cdaab22a0a1b0b,ACTIVE,,,,peanuts|salted peanuts|nuts|snack|Salysol,https://res.cloudinary.com/nigittriple/image/upload/v1776605248/claude/cacahuetes-con-chocolate-000493.jpg,60g,24,Spain,0.06,,,,,,,"Store in a cool, dry place. Reseal after opening.",,Peanuts,,,,,,,,,[]
Almendras Fritas,almendras-fritas,SXXX-ALMFRI-856540,8423371002459,Salysol Roasted Almonds are carefully selected and roasted to bring out their natural nutty flavour. Rich in Vitamin E and healthy monounsaturated fats. A great on-the-go snack or topping for salads and desserts.,"Salysol Almonds ? crispy roasted almonds, a nutritious and satisfying snack rich in healthy fats.",900,,1000,0,5,69e5aa3e40cdaab22a0a1af4,69e5aa5940cdaab22a0a1b0b,ACTIVE,,,,almonds|nuts|roasted almonds|snack|Salysol,https://res.cloudinary.com/nigittriple/image/upload/v1776605228/claude/almendras-fritas-002459.jpg,40g,24,Spain,0.04,,,,,,,"Store in a cool, dry place. Reseal after opening.",,Tree Nuts,,,,,,,,,[]
Earl Grey Black Tea _25 Sealed bags,earl-grey-black-tea-25-sealed-bags,BXXX-EARGRE-105995,9342390010049,"ZOD Earl Grey Black Tea uses the finest Ceylon black tea leaves. Full-bodied and aromatic, it pairs beautifully with milk or can be enjoyed straight. Each bag is individually sealed to preserve freshness and aroma.","ZOD Earl Grey Black Tea ? premium Ceylon black tea with a bold character, 25 individually sealed bags.",5000,,6000,1,5,69e5aa3d40cdaab22a0a1af3,69e5aa5b40cdaab22a0a1b0d,ACTIVE,,,,tea|black tea|Ceylon|ZOD|earl grey,https://res.cloudinary.com/nigittriple/image/upload/v1776605218/claude/earl-grey-black-tea-25-sealed-bags-010049.jpg,50g,12,Australia,0.05,,,,,,,"Store in a cool, dry place away from direct sunlight","Ceylon black tea, bergamot oil",,,,,,,,,,[]
Ceylon Black Tea 25 Sealed bags,ceylon-black-tea-25-sealed-bags,BXXX-CEYBLA-543016,9342390010032,"ZOD Ceylon Black Tea 25 Sealed bags uses the finest Ceylon black tea leaves. Full-bodied and aromatic, it pairs beautifully with milk or can be enjoyed straight. Each bag is individually sealed to preserve freshness and aroma.","ZOD Ceylon Black Tea 25 Sealed bags ? premium Ceylon black tea with a bold character, 25 individually sealed bags.",5000,,6000,1,5,69e5aa3d40cdaab22a0a1af3,69e5aa5b40cdaab22a0a1b0d,ACTIVE,,,,tea|black tea|Ceylon|ZOD,https://res.cloudinary.com/nigittriple/image/upload/v1776605208/claude/ceylon-black-tea-25-sealed-bags-010032.jpg,50g,12,Australia,0.05,,,,,,,"Store in a cool, dry place away from direct sunlight",Ceylon black tea,,,,,,,,,,[]
Organic Rooibos Tea _25 Sealed bags,organic-rooibos-tea-25-sealed-bags,BXXX-ORGROO-117834,9342390010056,"ZOD Organic Rooibos Tea is made from certified organic South African red bush. Naturally sweet, earthy, and completely caffeine-free. Rich in antioxidants. Perfect for all hours of the day.","ZOD Organic Rooibos Tea ? earthy, caffeine-free South African red bush tea in 25 individually sealed bags.",5000,,6000,1,5,69e5aa3d40cdaab22a0a1af3,69e5aa5b40cdaab22a0a1b0d,ACTIVE,,,,tea|rooibos|organic|caffeine free|ZOD|herbal tea,https://res.cloudinary.com/nigittriple/image/upload/v1776605199/claude/organic-rooibos-tea-25-sealed-bags-010056.jpg,37.5g,12,Australia,0.0375,,,,,,,"Store in a cool, dry place away from direct sunlight",100% organic Rooibos (Aspalathus linearis),,,,,,,,,,[]
Cinnamon Black Tea _25 Sealed bags,cinnamon-black-tea-25-sealed-bags,BXXX-CINBLA-699983,9342390010070,"ZOD Cinnamon Black Tea uses the finest Ceylon black tea leaves. Full-bodied and aromatic, it pairs beautifully with milk or can be enjoyed straight. Each bag is individually sealed to preserve freshness and aroma.","ZOD Cinnamon Black Tea ? premium Ceylon black tea with a bold character, 25 individually sealed bags.",5000,,6000,1,5,69e5aa3d40cdaab22a0a1af3,69e5aa5b40cdaab22a0a1b0d,ACTIVE,,,,tea|black tea|Ceylon|ZOD|cinnamon tea,https://res.cloudinary.com/nigittriple/image/upload/v1776605190/claude/cinnamon-black-tea-25-sealed-bags-010070.jpg,50g,12,Australia,0.05,,,,,,,"Store in a cool, dry place away from direct sunlight","Ceylon black tea, cinnamon",,,,,,,,,,[]
Ceylon Green Tea _25 Sealed bags,ceylon-green-tea-25-sealed-bags,BXXX-CEYGRE-684492,9342390010063,ZOD Ceylon Green Tea is sourced from the highlands of Sri Lanka. Light and refreshing with natural antioxidants and a subtle grassy note. Brew at 80?C for 2?3 minutes for the perfect cup.,"ZOD Ceylon Green Tea ? fresh and light with natural antioxidants, in 25 individually sealed bags.",5000,,6000,1,5,69e5aa3d40cdaab22a0a1af3,69e5aa5b40cdaab22a0a1b0d,ACTIVE,,,,tea|green tea|Ceylon|antioxidant|ZOD,https://res.cloudinary.com/nigittriple/image/upload/v1776605178/claude/ceylon-green-tea-25-sealed-bags-010063.jpg,50g,12,Sri Lanka,0.05,,,,,,,"Store in a cool, dry place away from direct sunlight",Ceylon green tea leaves,,,,,,,,,,[]
Pure Peppermint Tea 25 Sealed bags,pure-peppermint-tea-25-sealed-bags,BXXX-PURPEP-250146,9342390010018,"ZOD Pure Peppermint Tea is made from the finest peppermint leaves, delivering a refreshing and invigorating cup every time. Naturally caffeine-free, it's a perfect digestive aid and palate cleanser. Individually sealed for lasting freshness.","ZOD Pure Peppermint Tea ? refreshingly cool, caffeine-free peppermint in 25 individually sealed bags.",5000,,6000,0,5,69e5aa3d40cdaab22a0a1af3,69e5aa5b40cdaab22a0a1b0d,ACTIVE,,,,tea|peppermint tea|herbal tea|caffeine free|ZOD,https://res.cloudinary.com/nigittriple/image/upload/v1776605168/claude/pure-peppermint-tea-25-sealed-bags-010018.jpg,31.25g,12,Australia,0.03125,,,,,,,"Store in a cool, dry place away from direct sunlight",100% pure peppermint leaves,,,,,,,,,,[]
Organic Chamomile Tea 25 sealed bags,organic-chamomile-tea-25-sealed-bags,BXXX-ORGCHA-210223,9342390010025,"ZOD Organic Chamomile Tea features 100% certified organic chamomile flowers, hand-selected for their delicate floral aroma. Caffeine-free and naturally calming, perfect for evening relaxation. Each bag is individually sealed to preserve freshness.","ZOD Organic Chamomile Tea ? soothing, naturally caffeine-free chamomile in 25 individually sealed bags.",5000,,6000,1,5,69e5aa3d40cdaab22a0a1af3,69e5aa5b40cdaab22a0a1b0d,ACTIVE,,,,tea|chamomile tea|organic tea|herbal tea|caffeine free|ZOD,https://res.cloudinary.com/nigittriple/image/upload/v1776605158/claude/organic-chamomile-tea-25-sealed-bags-010025.jpg,31.25g,12,Australia,0.03125,,,,,,,"Store in a cool, dry place away from strong odours. Keep sealed.",100% organic chamomile flowers,,,,,,,,,,[]
Rellenitos,rellenitos,SXXX-REL-507182,8423371005429,Salysol Rellenitos feature airy biscuit shells filled with luscious strawberry cream. A delightful snack that delivers a burst of fruity sweetness in every bite.,"Salysol Strawberry Filled Snacks ? light, crispy biscuits filled with sweet strawberry cream.",900,,1000,0,5,69e5aa3e40cdaab22a0a1af4,69e5aa5940cdaab22a0a1b0b,ACTIVE,,,,filled snack|strawberry|biscuit|Salysol,https://res.cloudinary.com/nigittriple/image/upload/v1776605150/claude/rellenitos-005429.jpg,60g,24,Spain,0.06,,,,,,,"Store in a cool, dry place. Reseal after opening.",,Gluten|Dairy,,,,,,,,,[]
Frosties,frosties,SXXX-FRO-225324,6154000317867,"Kellogg's Frosties are golden corn flakes coated in a sweet frosting. Crispy, light and delicious with cold milk. A breakfast classic since 1952, now fortified with vitamins and iron.",Kellogg's Frosties ? the iconic sugar-frosted corn flakes. Theyyyyy're GREAT!,3500,,3850,9,5,69e5aa3e40cdaab22a0a1af4,69e5aa5a40cdaab22a0a1b0c,ACTIVE,,,,cereal|Frosties|breakfast|Kellogg's|corn flakes,https://res.cloudinary.com/nigittriple/image/upload/v1776605135/claude/frosties-317867.jpg,414g,12,UK,0.414,,,,,,,"Store in a cool, dry place. Once opened, reseal or transfer to an airtight container.",,Gluten,,,,,,,,,[]
Moons & Stars,moons-stars,SXXX-MOO&-114750,6154000317843,Kellogg's Moons & Stars is a cocoa-flavoured breakfast cereal shaped into playful moons and stars. Fortified with B vitamins and iron for a nutritious start to the day.,"Kellogg's Moons & Stars ? a chocolatey cereal shaped like moons and stars, making breakfast fun for kids.",3500,,3800,0,5,69e5aa3e40cdaab22a0a1af4,69e5aa5a40cdaab22a0a1b0c,ACTIVE,,,,cereal|breakfast|Kellogg's|chocolate cereal|kids cereal,https://res.cloudinary.com/nigittriple/image/upload/v1776605124/claude/moons-stars-317843.jpg,414g,12,UK,0.414,,,,,,,"Store in a cool, dry place. Once opened, reseal or transfer to an airtight container.",,Gluten,,,,,,,,,[]
Coco Pops,coco-pops,SXXX-COCPOP-416281,6154000317836,Kellogg's Coco Pops are chocolate-flavoured rice cereal puffs that turn your milk into a chocolatey treat. Fortified with vitamins and minerals. The kids' breakfast staple since 1958.,Kellogg's Coco Pops ? the classic chocolate rice cereal loved by kids and adults alike.,3500,,3800,9,5,69e5aa3e40cdaab22a0a1af4,69e5aa5a40cdaab22a0a1b0c,ACTIVE,,,,cereal|coco pops|breakfast|Kellogg's|chocolate cereal,https://res.cloudinary.com/nigittriple/image/upload/v1776605115/claude/coco-pops-317836.jpg,414g,12,UK,0.414,,,,,,,"Store in a cool, dry place. Once opened, reseal or transfer to an airtight container.",,Gluten,,,,,,,,,[]
Anacardos,anacardos,SXXX-ANA-846288,8423371002497.00,description,"Salysol Cashews ? smooth, buttery cashew nuts lightly salted and ready to snack.",900,,1000,0,5,69e5aa3e40cdaab22a0a1af4,69e5aa5940cdaab22a0a1b0b,ACTIVE,,,,cashews|nuts|snack|Salysol,https://res.cloudinary.com/nigittriple/image/upload/v1776605105/claude/anacardos-002497.jpg,40g,24,Spain,0.04,,,,,,,"Store in a cool, dry place. Reseal after opening.",,Tree Nuts,,,,,,,,,[]
Bretzel,bretzel,SXXX-BRE-988145,8423371006303.00,description,"Salysol Pretzels ? classic crispy salted pretzels, a timeless snack for all occasions.",900,,1000,0,5,69e5aa3e40cdaab22a0a1af4,69e5aa5940cdaab22a0a1b0b,ACTIVE,,,,pretzel|snack|baked snack|Salysol,https://res.cloudinary.com/nigittriple/image/upload/v1776605095/claude/bretzel-006303.jpg,25g,24,Spain,0.025,,,,,,,"Store in a cool, dry place. Reseal after opening.",,Gluten|Sesame,,,,,,,,,[]
GIANT CORN BBQ ,ma-z-gigante,SXXX-MAÍGIG-250561,8423371000523.00,description,"Salysol Giant Corn – big, crunchy roasted giant corn kernels with a satisfying crunch.",1000,,,94,5,69e5aa3e40cdaab22a0a1af4,69e5aa5940cdaab22a0a1b0b,ACTIVE,,,,corn snack|giant corn|snack|Salysol,https://res.cloudinary.com/nigittriple/image/upload/v1776605078/claude/ma-z-gigante-000523.jpg,30g,24,Spain,0.03,,,,,,,"Store in a cool, dry place. Reseal after opening.",,Gluten,,,,,,,,,[]
CHOCOLATE PEANUTS DRAGEES 60GR,cacahuetes-chocolate-colores,SXXX-CACCHO-993302,8423371002442.00,description,Salysol salted peanuts ? perfectly roasted and salted for an irresistible crunchy snack.,1000,,,96,5,69e5aa3e40cdaab22a0a1af4,69e5aa5940cdaab22a0a1b0b,ACTIVE,,,,peanuts|salted peanuts|nuts|snack|Salysol,https://res.cloudinary.com/nigittriple/image/upload/v1776605069/claude/cacahuetes-chocolate-colores-002442.jpg,60g,24,Spain,0.06,,,,,,,"Store in a cool, dry place. Reseal after opening.",,Peanuts,,,,,,,,,[]
NUTS COCKTAIL,c-ctel,SXXX-CÓC-191049,8423371000462.00,description,Salysol Mixed Nut Cocktail – a premium blend of roasted mixed nuts for the perfect party snack.,1000,,1000,96,5,69e5aa3e40cdaab22a0a1af4,69e5aa5940cdaab22a0a1b0b,ACTIVE,,,,mixed nuts|cocktail nuts|snack|Salysol,https://res.cloudinary.com/nigittriple/image/upload/v1776605059/claude/c-ctel-000462.jpg,60g,24,Spain,,,,,,,,"Store in a cool, dry place. Reseal after opening.",,Peanuts|Tree Nuts,,,,,,,,,[]
Almendras Tostadas,almendras-tostadas,SXXX-ALMTOS-569494,8423371000547.00,description,"Salysol Almonds ? crispy roasted almonds, a nutritious and satisfying snack rich in healthy fats.",900,,1000,0,5,69e5aa3e40cdaab22a0a1af4,69e5aa5940cdaab22a0a1b0b,ACTIVE,,,,almonds|nuts|roasted almonds|snack|Salysol,https://res.cloudinary.com/nigittriple/image/upload/v1776605049/claude/almendras-tostadas-000547.jpg,60g,24,Spain,,,,,,,,"Store in a cool, dry place. Reseal after opening.",,Tree Nuts,,,,,,,,,[]
Jelly Beans,jelly-beans,SXXX-JELBEA-163867,8423371002299,"Salysol Jelly Beans come in a variety of vibrant fruit flavours packed in a collectible tin. A colourful, chewy treat perfect for snacking and sharing.",Salysol Jelly Beans ? assorted fruit-flavoured jelly beans in a fun and shareable tin.,900,,1000,13,5,69e5aa3e40cdaab22a0a1af4,69e5aa5940cdaab22a0a1b0b,ACTIVE,,,,jelly beans|candy|sweets|snack|Salysol,https://res.cloudinary.com/nigittriple/image/upload/v1776605041/claude/jelly-beans-002299.jpg,60g,24,Spain,,,,,,,,"Store in a cool, dry place. Reseal after opening.",,Gluten,,,,,,,,,[]
Chicle Bolas 50g,chicle-bolas-50g,SXXX-CHIBOL-973239,8423371000592,"Salysol Chicle Bolas are brightly coloured gumball-style chewing gums packed in a compact tin. Fun for all ages and great to keep in bags, cars, or on your desk.",Salysol Chewing Gum Balls ? a colourful assortment of bubble gum balls in a handy tin.,900,,1000,66,5,69e5aa3e40cdaab22a0a1af4,69e5aa5940cdaab22a0a1b0b,ACTIVE,,,,gum|bubble gum|candy|Salysol,https://res.cloudinary.com/nigittriple/image/upload/v1776605033/claude/chicle-bolas-50g-000592.jpg,60g,24,Spain,,,,,,,,"Store in a cool, dry place. Reseal after opening.",,Gluten,,,,,,,,,[]
SUNFLOWER KERNELS 55G,pipas-peladas,SXXX-PIPPEL-760455,8423371000486.00,description,Salysol premium Spanish snack ? Kernels in a convenient tin.,1000,,1000,95,5,69e5aa3e40cdaab22a0a1af4,69e5aa5940cdaab22a0a1b0b,ACTIVE,,,,snack|Salysol|Spanish|kernels,,60g,24,Spain,,,,,,,,"Store in a cool, dry place. Reseal after opening.",,,,,,,,,,,[]
Golden Penny White Cube Sugar,golden-penny-white-cube-sugar,BXXX-GOLPEN-429435,6156000051512.00,description,"Golden Penny White Cube Sugar ? perfectly portioned sugar cubes for tea, coffee, and baking.",1500,,1540,10,5,69e5aa3d40cdaab22a0a1af3,69e5aa5840cdaab22a0a1b0a,ACTIVE,,,,sugar|cube sugar|sweetener|baking|golden penny,https://res.cloudinary.com/nigittriple/image/upload/v1776605023/claude/golden-penny-white-cube-sugar-051512.jpg,500g,24,Nigeria,,,,,,,,"Store in a cool, dry place away from direct sunlight",Refined white sugar,,,,,,,,,,[]
Granulated White Sugar 250gm,granulated-white-sugar-250gm,BXXX-GRAWHI-450853,714084858500.00,description,"Fine granulated white sugar for everyday baking, cooking, and sweetening your favourite drinks.",700,,780,0,5,69e5aa3d40cdaab22a0a1af3,69e5aa5740cdaab22a0a1b09,ACTIVE,,,,sugar|granulated sugar|baking|sweetener,https://res.cloudinary.com/nigittriple/image/upload/v1776605014/claude/granulated-white-sugar-250gm-858500.jpg,250g,24,Nigeria,,,,,,,,"Store in a cool, dry place away from direct sunlight",Refined white granulated sugar,,,,,,,,,,[]
Ovaltine Malted Food Drink 400g,ovaltine-malted-food-drink-400g,BXXX-OVAMAL-686697,7612100066232,"Ovaltine Malted Food Drink 400g is a nourishing malted cocoa beverage trusted by families worldwide. Fortified with 12 essential vitamins and minerals including Vitamin D and Iron. Enjoy hot or cold, mixed with milk for a delicious energy boost any time of day.",Ovaltine Malted Food Drink ? a classic malted chocolate beverage rich in vitamins and minerals. Perfect hot or cold.,4600,,4650,16,5,69e5aa3d40cdaab22a0a1af3,69e5aa5640cdaab22a0a1b08,ACTIVE,,,,malted drink|hot drink|cocoa|vitamins|ovaltine|energy drink,https://res.cloudinary.com/nigittriple/image/upload/v1776605006/claude/ovaltine-malted-food-drink-400g-066232.jpg,400g,12,UK,,,,,,,,"Store in a cool, dry place. Reseal after opening.","Malted barley, whey powder, sugar, cocoa powder, vitamins and minerals",Gluten|Dairy|Soy,,,,,,,,,[]
